time_s,Vibration [a.u.],Tacho_pulse
0,0.01382336768,0
0.0002,0.06427970056,0
0.0004,0.07603229565,0
0.0006,0.04205337837,0
0.0008,0.1617039512,0
0.001,0.174580161,0
0.0012,0.1663882045,0
0.0014,0.2421382718,0
0.0016,0.2643701812,0
0.0018,0.2922934354,0
0.002,0.3122337178,0
0.0022,0.3633427744,0
0.0024,0.3421833245,0
0.0026,0.3950634016,0
0.0028,0.4119859081,0
0.003,0.4846497085,0
0.0032,0.4914262064,0
0.0034,0.5069790555,0
0.0036,0.5159220826,0
0.0038,0.565095779,0
0.004,0.6035413419,0
0.0042,0.6196543928,0
0.0044,0.7095184736,0
0.0046,0.7247011281,0
0.0048,0.602245369,0
0.005,0.6609595912,0
0.0052,0.7549115126,0
0.0054,0.7699369945,0
0.0056,0.8198188497,0
0.0058,0.8439276562,0
0.006,0.9434104082,0
0.0062,0.8371663211,0
0.0064,0.8889697413,0
0.0066,1.007676881,0
0.0068,0.9731808032,0
0.007,0.9946263099,0
0.0072,0.9677694059,0
0.0074,0.942058247,0
0.0076,1.033748609,0
0.0078,1.049888543,0
0.008,1.014313642,0
0.0082,1.053353344,0
0.0084,1.094464024,0
0.0086,1.075602056,0
0.0088,1.124885556,0
0.009,1.147433274,0
0.0092,1.159204436,0
0.0094,1.151062447,0
0.0096,1.207960504,0
0.0098,1.232114907,0
0.01,1.220919417,0
0.0102,1.186332153,0
0.0104,1.258661556,0
0.0106,1.219030374,0
0.0108,1.283306082,0
0.011,1.213680354,0
0.0112,1.300905153,0
0.0114,1.270663436,0
0.0116,1.228023458,0
0.0118,1.271296389,0
0.012,1.29127106,0
0.0122,1.304653537,0
0.0124,1.25847478,0
0.0126,1.256879029,0
0.0128,1.311966422,0
0.013,1.287526312,0
0.0132,1.317241152,0
0.0134,1.339245398,0
0.0136,1.243384017,0
0.0138,1.319417736,0
0.014,1.357579631,0
0.0142,1.295498521,0
0.0144,1.273237026,0
0.0146,1.333503816,0
0.0148,1.310781463,0
0.015,1.333204563,0
0.0152,1.279793711,0
0.0154,1.230081865,0
0.0156,1.280237592,0
0.0158,1.261631807,0
0.016,1.304860877,0
0.0162,1.275545175,0
0.0164,1.196099884,0
0.0166,1.206656724,0
0.0168,1.282553158,0
0.017,1.266753254,0
0.0172,1.205950612,0
0.0174,1.223166809,0
0.0176,1.232345066,0
0.0178,1.224250957,0
0.018,1.231250877,0
0.0182,1.196855301,0
0.0184,1.17292031,0
0.0186,1.156214618,0
0.0188,1.198405554,0
0.019,1.055515863,0
0.0192,1.129159581,0
0.0194,1.124977778,0
0.0196,1.055406621,0
0.0198,1.114321301,0
0.02,1.063385529,0
0.0202,1.112216777,0
0.0204,1.060845973,0
0.0206,1.080669033,0
0.0208,1.090586444,0
0.021,1.044990037,0
0.0212,0.9824081479,0
0.0214,0.9445658054,0
0.0216,1.06292611,0
0.0218,0.9759548855,0
0.022,0.9404561889,0
0.0222,0.9613501694,0
0.0224,0.9355056481,0
0.0226,0.9648430737,0
0.0228,0.9197345146,0
0.023,0.9065834475,0
0.0232,0.8651534576,0
0.0234,0.9002803622,0
0.0236,0.8279721361,0
0.0238,0.8838697405,0
0.024,0.9061868706,0
0.0242,0.7723342759,0
0.0244,0.7228709514,0
0.0246,0.8345082626,0
0.0248,0.9001847482,0
0.025,0.7467980429,0
0.0252,0.7255112302,0
0.0254,0.7879466016,0
0.0256,0.7197590498,0
0.0258,0.7223043589,0
0.026,0.7179412315,0
0.0262,0.7426349223,0
0.0264,0.6948048566,0
0.0266,0.7119720022,0
0.0268,0.6838167178,0
0.027,0.6472977566,0
0.0272,0.6586864426,0
0.0274,0.6240494608,0
0.0276,0.6531053647,0
0.0278,0.5988646792,0
0.028,0.5912748274,0
0.0282,0.6846381127,0
0.0284,0.615799718,0
0.0286,0.6075371028,0
0.0288,0.6221192316,0
0.029,0.5769860314,0
0.0292,0.5770384454,0
0.0294,0.5957410581,0
0.0296,0.5827810084,0
0.0298,0.5180537442,0
0.03,0.5908901292,0
0.0302,0.5272566697,0
0.0304,0.5021323029,0
0.0306,0.5020381991,0
0.0308,0.5162937585,0
0.031,0.5910385599,0
0.0312,0.4731243838,0
0.0314,0.5209118234,0
0.0316,0.4235176146,0
0.0318,0.503643426,0
0.032,0.5345126234,0
0.0322,0.4840300513,0
0.0324,0.4634259463,0
0.0326,0.4930950699,0
0.0328,0.5071998997,0
0.033,0.5012176694,0
0.0332,0.5491596464,0
0.0334,0.4743218117,0
0.0336,0.4380513963,0
0.0338,0.45259264,0
0.034,0.4507001411,0
0.0342,0.4539949795,0
0.0344,0.4445596812,0
0.0346,0.4488973709,0
0.0348,0.3713379763,0
0.035,0.467638332,0
0.0352,0.4077853749,0
0.0354,0.3802035713,0
0.0356,0.4490207773,0
0.0358,0.472603084,0
0.036,0.4360416867,0
0.0362,0.4191814119,0
0.0364,0.3718574928,0
0.0366,0.520409958,0
0.0368,0.4371412643,0
0.037,0.3527185925,0
0.0372,0.3634333573,0
0.0374,0.3943889361,0
0.0376,0.3249673186,0
0.0378,0.3900981478,0
0.038,0.36112984,0
0.0382,0.4246207119,0
0.0384,0.4100648771,0
0.0386,0.2590620945,0
0.0388,0.3650370677,0
0.039,0.2944411783,0
0.0392,0.3992068331,0
0.0394,0.3571327993,0
0.0396,0.3678333905,0
0.0398,0.2986779395,0
0.04,0.4096990934,0
0.0402,0.4125332887,0
0.0404,0.2841940842,0
0.0406,0.3366350676,0
0.0408,0.2896080119,0
0.041,0.3102924972,0
0.0412,0.2551802594,0
0.0414,0.3749352726,0
0.0416,0.2557975605,0
0.0418,0.2769068555,0
0.042,0.3028640718,0
0.0422,0.2508251528,0
0.0424,0.2609456865,0
0.0426,0.2416307701,0
0.0428,0.2523637867,0
0.043,0.20427443,0
0.0432,0.2268392839,0
0.0434,0.2292154942,0
0.0436,0.2171455762,0
0.0438,0.2256381744,0
0.044,0.2043968366,0
0.0442,0.2388762311,0
0.0444,0.1883256693,0
0.0446,0.1881747831,0
0.0448,0.1593212092,0
0.045,0.1570111577,0
0.0452,0.1195423243,0
0.0454,0.1828183531,0
0.0456,0.1082096605,0
0.0458,0.1158221439,0
0.046,0.1516790986,0
0.0462,0.1449765561,0
0.0464,0.1043494307,0
0.0466,0.03098475379,0
0.0468,0.1199032966,0
0.047,0.1047239033,0
0.0472,0.02904129383,0
0.0474,0.1074866752,0
0.0476,0.03971474155,0
0.0478,0.01374957713,0
0.048,0.05362396091,0
0.0482,0.03361873365,0
0.0484,0.03979651906,0
0.0486,-0.04162709968,0
0.0488,0.08598666332,0
0.049,-0.01972472268,0
0.0492,-0.06632488027,0
0.0494,0.01089694817,0
0.0496,-0.03715904769,0
0.0498,-0.01906842262,0
0.05,-0.05472256801,0
0.0502,-0.05257679694,0
0.0504,-0.04937265161,0
0.0506,-0.09804751006,0
0.0508,-0.04996518235,0
0.051,-0.1047938724,0
0.0512,-0.1296124818,0
0.0514,-0.1005092645,0
0.0516,-0.09448745643,0
0.0518,-0.1300784939,0
0.052,-0.1639648309,0
0.0522,-0.1131388481,0
0.0524,-0.216722349,0
0.0526,-0.1958307556,0
0.0528,-0.1612059031,0
0.053,-0.2253192378,0
0.0532,-0.1777425463,0
0.0534,-0.1889339341,0
0.0536,-0.1585550109,0
0.0538,-0.238746219,0
0.054,-0.2347226408,0
0.0542,-0.2037698849,0
0.0544,-0.3226869598,0
0.0546,-0.1075442495,0
0.0548,-0.2665258092,0
0.055,-0.2746776736,0
0.0552,-0.2178129481,0
0.0554,-0.2604933148,0
0.0556,-0.3365866259,0
0.0558,-0.2467088098,0
0.056,-0.2438140442,0
0.0562,-0.3021372446,0
0.0564,-0.3013810943,0
0.0566,-0.2765236125,0
0.0568,-0.3380294464,0
0.057,-0.2897286641,0
0.0572,-0.3047506864,0
0.0574,-0.3450528321,0
0.0576,-0.378949324,0
0.0578,-0.3373786715,0
0.058,-0.3683429361,0
0.0582,-0.2981269128,0
0.0584,-0.3371663971,0
0.0586,-0.3162859707,0
0.0588,-0.3467211842,0
0.059,-0.3460282958,0
0.0592,-0.3922088151,0
0.0594,-0.3384226528,0
0.0596,-0.2979286743,0
0.0598,-0.3857979647,0
0.06,-0.4011427791,0
0.0602,-0.3876999851,0
0.0604,-0.4045319547,0
0.0606,-0.4171799808,0
0.0608,-0.3873854964,0
0.061,-0.4083014582,0
0.0612,-0.3428272961,0
0.0614,-0.4040646727,0
0.0616,-0.394786968,0
0.0618,-0.3733208203,0
0.062,-0.4270851653,0
0.0622,-0.3612412495,0
0.0624,-0.4476844506,0
0.0626,-0.4583936762,0
0.0628,-0.4444208361,0
0.063,-0.4381019719,0
0.0632,-0.4933505225,0
0.0634,-0.4425353799,0
0.0636,-0.5117219998,0
0.0638,-0.3932929621,0
0.064,-0.4562471795,0
0.0642,-0.4827950325,0
0.0644,-0.497648,0
0.0646,-0.4809854036,0
0.0648,-0.4789285587,0
0.065,-0.5162939119,0
0.0652,-0.5159315477,0
0.0654,-0.4913783218,0
0.0656,-0.50960652,0
0.0658,-0.4562295469,0
0.066,-0.4534517927,0
0.0662,-0.5036463003,0
0.0664,-0.4908218485,0
0.0666,-0.5688160835,0
0.0668,-0.495724222,0
0.067,-0.5284316695,0
0.0672,-0.5139890795,0
0.0674,-0.4757138856,0
0.0676,-0.6375040338,0
0.0678,-0.5425667656,0
0.068,-0.6039015566,0
0.0682,-0.5433815552,0
0.0684,-0.6269381398,0
0.0686,-0.6017639537,0
0.0688,-0.5815894217,0
0.069,-0.5731194656,0
0.0692,-0.6028408339,0
0.0694,-0.6459312711,0
0.0696,-0.6449579942,0
0.0698,-0.5962486091,0
0.07,-0.6408737354,0
0.0702,-0.7172435588,0
0.0704,-0.625592646,0
0.0706,-0.6523465866,0
0.0708,-0.6439242591,0
0.071,-0.7023946197,0
0.0712,-0.6660730015,0
0.0714,-0.7521090283,0
0.0716,-0.6975268726,0
0.0718,-0.7507911192,0
0.072,-0.715234339,0
0.0722,-0.7131929592,0
0.0724,-0.7942403281,0
0.0726,-0.7783969552,0
0.0728,-0.7864945874,0
0.073,-0.7523215199,0
0.0732,-0.7834833931,0
0.0734,-0.8728081308,0
0.0736,-0.8179886928,0
0.0738,-0.8188606404,0
0.074,-0.7761884023,0
0.0742,-0.9408778788,0
0.0744,-0.9078212944,0
0.0746,-0.8457603858,0
0.0748,-0.9660871319,0
0.075,-0.9727007887,0
0.0752,-0.9169135871,0
0.0754,-0.9097586227,0
0.0756,-0.9901506163,0
0.0758,-0.9547034619,0
0.076,-0.9845182621,0
0.0762,-0.9413029274,0
0.0764,-1.014923942,0
0.0766,-0.9880026403,0
0.0768,-1.076410422,0
0.077,-1.060262458,0
0.0772,-1.06920983,0
0.0774,-1.032128544,0
0.0776,-1.066720317,0
0.0778,-1.132031428,0
0.078,-1.086567102,0
0.0782,-1.094716532,0
0.0784,-1.141498336,0
0.0786,-1.158607671,0
0.0788,-1.167083042,0
0.079,-1.237904465,0
0.0792,-1.173056055,0
0.0794,-1.181433831,0
0.0796,-1.235342457,0
0.0798,-1.180604093,0
0.08,-1.274460633,0
0.0802,-1.250497072,0
0.0804,-1.255941832,0
0.0806,-1.165550534,0
0.0808,-1.316729096,0
0.081,-1.237544051,0
0.0812,-1.229212557,0
0.0814,-1.258181592,0
0.0816,-1.231940772,0
0.0818,-1.324759142,0
0.082,-1.380795608,0
0.0822,-1.263332596,0
0.0824,-1.345728575,0
0.0826,-1.314297707,0
0.0828,-1.351184359,0
0.083,-1.264155024,0
0.0832,-1.27327749,0
0.0834,-1.337725173,0
0.0836,-1.273214573,0
0.0838,-1.304315928,0
0.084,-1.313925662,0
0.0842,-1.304596542,0
0.0844,-1.312896529,0
0.0846,-1.277420737,0
0.0848,-1.286173863,0
0.085,-1.308457668,0
0.0852,-1.249436954,0
0.0854,-1.308664606,0
0.0856,-1.266550682,0
0.0858,-1.254262812,0
0.086,-1.204411468,0
0.0862,-1.275485702,0
0.0864,-1.176535159,0
0.0866,-1.229485616,0
0.0868,-1.23384634,0
0.087,-1.241821177,0
0.0872,-1.17958487,0
0.0874,-1.188472988,0
0.0876,-1.22124886,0
0.0878,-1.208175957,0
0.088,-1.17052144,0
0.0882,-1.159868414,0
0.0884,-1.073034707,0
0.0886,-1.0447396,0
0.0888,-1.047434099,0
0.089,-1.049584172,0
0.0892,-1.062064804,0
0.0894,-1.023113752,0
0.0896,-0.9695923536,0
0.0898,-0.8987680659,0
0.09,-0.9258658225,0
0.0902,-0.9513320889,0
0.0904,-0.9156985612,0
0.0906,-0.9130073417,0
0.0908,-0.9008820515,0
0.091,-0.8522441719,0
0.0912,-0.8117600134,0
0.0914,-0.7202949311,0
0.0916,-0.7652475709,0
0.0918,-0.6860997249,0
0.092,-0.642243396,0
0.0922,-0.6818403104,0
0.0924,-0.5922486866,0
0.0926,-0.5990677457,0
0.0928,-0.6150262856,0
0.093,-0.5579517833,0
0.0932,-0.5374720837,0
0.0934,-0.5171232501,0
0.0936,-0.4848583428,0
0.0938,-0.4398721011,0
0.094,-0.3966840531,0
0.0942,-0.4175566991,0
0.0944,-0.3503685699,0
0.0946,-0.3784629658,0
0.0948,-0.2744795661,0
0.095,-0.2271000885,0
0.0952,-0.2124320135,0
0.0954,-0.1743393065,0
0.0956,-0.1288198513,0
0.0958,-0.1455506763,0
0.096,-0.09494674376,0
0.0962,-0.03131941003,0
0.0964,0.02198991153,0
0.0966,0.03139995615,1
0.0968,0.1513994709,1
0.097,0.07928156564,1
0.0972,0.1565177465,1
0.0974,0.2007158187,1
0.0976,0.1781070148,1
0.0978,0.183919885,1
0.098,0.2025662834,1
0.0982,0.2893149662,1
0.0984,0.3599888031,1
0.0986,0.358973338,1
0.0988,0.3873032918,1
0.099,0.3972329134,1
0.0992,0.4665623539,1
0.0994,0.3900925228,1
0.0996,0.5158881794,1
0.0998,0.5384270268,1
0.1,0.5128170885,1
0.1002,0.6845825223,1
0.1004,0.5715688001,1
0.1006,0.6130301573,1
0.1008,0.636701627,1
0.101,0.7572766835,1
0.1012,0.7049667011,1
0.1014,0.7943489974,1
0.1016,0.8176831091,1
0.1018,0.8306001912,1
0.102,0.7933756084,1
0.1022,0.8460792585,1
0.1024,0.9617775105,1
0.1026,0.8669027372,1
0.1028,0.9083239531,1
0.103,0.9575220915,1
0.1032,1.01814595,1
0.1034,1.016967651,1
0.1036,1.057030402,1
0.1038,1.004424449,1
0.104,1.103986852,0
0.1042,1.107340211,0
0.1044,1.038475918,0
0.1046,1.180824002,0
0.1048,1.227175539,0
0.105,1.120267002,0
0.1052,1.168040439,0
0.1054,1.235785554,0
0.1056,1.133980575,0
0.1058,1.126242403,0
0.106,1.165829448,0
0.1062,1.206158142,0
0.1064,1.216100134,0
0.1066,1.2731931,0
0.1068,1.268568167,0
0.107,1.216179707,0
0.1072,1.296185889,0
0.1074,1.355197599,0
0.1076,1.334140612,0
0.1078,1.331212665,0
0.108,1.296977333,0
0.1082,1.339416022,0
0.1084,1.264632159,0
0.1086,1.335839032,0
0.1088,1.304152511,0
0.109,1.354055087,0
0.1092,1.327978101,0
0.1094,1.265614305,0
0.1096,1.313565193,0
0.1098,1.355786192,0
0.11,1.259887969,0
0.1102,1.280092624,0
0.1104,1.268526358,0
0.1106,1.235690397,0
0.1108,1.329652001,0
0.111,1.338782885,0
0.1112,1.312958142,0
0.1114,1.284759735,0
0.1116,1.266579006,0
0.1118,1.271357717,0
0.112,1.225177795,0
0.1122,1.282403322,0
0.1124,1.280247512,0
0.1126,1.267093874,0
0.1128,1.199521853,0
0.113,1.214484461,0
0.1132,1.194944085,0
0.1134,1.263001658,0
0.1136,1.188204075,0
0.1138,1.094983126,0
0.114,1.175166106,0
0.1142,1.223204662,0
0.1144,1.163755408,0
0.1146,1.159726164,0
0.1148,1.113970186,0
0.115,1.02145293,0
0.1152,1.015496735,0
0.1154,1.025503045,0
0.1156,1.05755442,0
0.1158,1.062184501,0
0.116,1.064405178,0
0.1162,1.010158385,0
0.1164,1.04892262,0
0.1166,0.9862612276,0
0.1168,0.9560303568,0
0.117,1.005003133,0
0.1172,0.9210713637,0
0.1174,0.8351966938,0
0.1176,0.8886866663,0
0.1178,0.9216043848,0
0.118,0.7814260806,0
0.1182,0.8771984612,0
0.1184,0.8651198136,0
0.1186,0.8083458871,0
0.1188,0.7931980767,0
0.119,0.8211988818,0
0.1192,0.8051287292,0
0.1194,0.8648517634,0
0.1196,0.8170289137,0
0.1198,0.726526279,0
0.12,0.7434564073,0
0.1202,0.7938945566,0
0.1204,0.8297469125,0
0.1206,0.7577667964,0
0.1208,0.743321285,0
0.121,0.7941022499,0
0.1212,0.7077439183,0
0.1214,0.6854699171,0
0.1216,0.6306964786,0
0.1218,0.6563117394,0
0.122,0.7538039507,0
0.1222,0.5998290226,0
0.1224,0.6474122855,0
0.1226,0.5811221365,0
0.1228,0.6333109917,0
0.123,0.654621588,0
0.1232,0.600540844,0
0.1234,0.6308990508,0
0.1236,0.6221438166,0
0.1238,0.6030413503,0
0.124,0.6458842984,0
0.1242,0.6006834811,0
0.1244,0.5498461582,0
0.1246,0.5275420447,0
0.1248,0.5139055388,0
0.125,0.5599037007,0
0.1252,0.5212753717,0
0.1254,0.6369454205,0
0.1256,0.5952252275,0
0.1258,0.5068835021,0
0.126,0.4964190156,0
0.1262,0.5714875696,0
0.1264,0.4230122499,0
0.1266,0.4749137769,0
0.1268,0.5257911895,0
0.127,0.4462106207,0
0.1272,0.4586958177,0
0.1274,0.4589308801,0
0.1276,0.4947413241,0
0.1278,0.4692592097,0
0.128,0.4753990533,0
0.1282,0.4787840359,0
0.1284,0.4519183638,0
0.1286,0.4909738545,0
0.1288,0.4132965704,0
0.129,0.3809781906,0
0.1292,0.3633717267,0
0.1294,0.3656761743,0
0.1296,0.4046033134,0
0.1298,0.4639616165,0
0.13,0.4258816787,0
0.1302,0.3911389869,0
0.1304,0.3684542281,0
0.1306,0.3862536624,0
0.1308,0.3874074987,0
0.131,0.3770711987,0
0.1312,0.338462053,0
0.1314,0.3727796403,0
0.1316,0.4284970315,0
0.1318,0.2967705989,0
0.132,0.3700101666,0
0.1322,0.290589005,0
0.1324,0.3784950683,0
0.1326,0.3369188039,0
0.1328,0.2789445472,0
0.133,0.3618560307,0
0.1332,0.4258763179,0
0.1334,0.352778566,0
0.1336,0.3900226969,0
0.1338,0.3356993506,0
0.134,0.2471401055,0
0.1342,0.3478187299,0
0.1344,0.3060913846,0
0.1346,0.2588262813,0
0.1348,0.343051033,0
0.135,0.3173377096,0
0.1352,0.2789083836,0
0.1354,0.3285623816,0
0.1356,0.252723373,0
0.1358,0.3069607315,0
0.136,0.2370718611,0
0.1362,0.2893644743,0
0.1364,0.2171414273,0
0.1366,0.3137532743,0
0.1368,0.2572224544,0
0.137,0.2970806233,0
0.1372,0.1994357263,0
0.1374,0.2057116989,0
0.1376,0.2506210615,0
0.1378,0.09942343312,0
0.138,0.1584999873,0
0.1382,0.2343632794,0
0.1384,0.203373792,0
0.1386,0.2155259355,0
0.1388,0.1554671981,0
0.139,0.1817813187,0
0.1392,0.121237324,0
0.1394,0.08673355806,0
0.1396,0.06485753231,0
0.1398,0.1015203971,0
0.14,0.09247851312,0
0.1402,0.08002248391,0
0.1404,-0.04607289901,0
0.1406,0.006543673195,0
0.1408,0.05572450034,0
0.141,0.07899274558,0
0.1412,0.03478993428,0
0.1414,0.01324969962,0
0.1416,-0.05366778288,0
0.1418,0.1098456103,0
0.142,-0.02476796934,0
0.1422,0.07688697499,0
0.1424,0.06224447033,0
0.1426,0.001038943051,0
0.1428,-0.0425514946,0
0.143,-0.02407352226,0
0.1432,-0.08517748546,0
0.1434,-0.03829146304,0
0.1436,-0.05823127052,0
0.1438,-0.0466558543,0
0.144,-0.03945169683,0
0.1442,-0.01763251224,0
0.1444,-0.1118909379,0
0.1446,-0.06396362503,0
0.1448,-0.1466288118,0
0.145,-0.1599230977,0
0.1452,-0.157950633,0
0.1454,-0.1814983039,0
0.1456,-0.1118980919,0
0.1458,-0.1229602008,0
0.146,-0.1176655291,0
0.1462,-0.1781201915,0
0.1464,-0.1745604696,0
0.1466,-0.2169733988,0
0.1468,-0.2480443567,0
0.147,-0.1921600727,0
0.1472,-0.2072027109,0
0.1474,-0.2699739381,0
0.1476,-0.2098921656,0
0.1478,-0.3104406161,0
0.148,-0.2552496125,0
0.1482,-0.2804709432,0
0.1484,-0.2834475816,0
0.1486,-0.312481667,0
0.1488,-0.2377587485,0
0.149,-0.2597841226,0
0.1492,-0.241497618,0
0.1494,-0.2898766112,0
0.1496,-0.353131693,0
0.1498,-0.3223352863,0
0.15,-0.3606563305,0
0.1502,-0.300801398,0
0.1504,-0.2762626271,0
0.1506,-0.3169682578,0
0.1508,-0.3593807368,0
0.151,-0.3553520835,0
0.1512,-0.3374156023,0
0.1514,-0.4083428138,0
0.1516,-0.3493248303,0
0.1518,-0.3520404069,0
0.152,-0.3863583219,0
0.1522,-0.3857813866,0
0.1524,-0.3666471713,0
0.1526,-0.4106299426,0
0.1528,-0.4149379181,0
0.153,-0.355072594,0
0.1532,-0.3814273136,0
0.1534,-0.3272529437,0
0.1536,-0.4379107612,0
0.1538,-0.4735856335,0
0.154,-0.3687230062,0
0.1542,-0.3720161339,0
0.1544,-0.4437665291,0
0.1546,-0.4768893936,0
0.1548,-0.4239665078,0
0.155,-0.4961160535,0
0.1552,-0.4437059751,0
0.1554,-0.5213675054,0
0.1556,-0.4476780761,0
0.1558,-0.5270986289,0
0.156,-0.4559472632,0
0.1562,-0.3900365,0
0.1564,-0.4657517173,0
0.1566,-0.4287144178,0
0.1568,-0.4897094968,0
0.157,-0.5043798322,0
0.1572,-0.5333784152,0
0.1574,-0.4367473065,0
0.1576,-0.4857215213,0
0.1578,-0.4236991333,0
0.158,-0.5410892764,0
0.1582,-0.5083680897,0
0.1584,-0.5019557396,0
0.1586,-0.4544936004,0
0.1588,-0.4441459445,0
0.159,-0.5492023609,0
0.1592,-0.5750241844,0
0.1594,-0.605765848,0
0.1596,-0.4896729996,0
0.1598,-0.55368757,0
0.16,-0.5833935739,0
0.1602,-0.5670240082,0
0.1604,-0.6750237924,0
0.1606,-0.6496663889,0
0.1608,-0.5514180894,0
0.161,-0.5814159018,0
0.1612,-0.5999008355,0
0.1614,-0.6548594223,0
0.1616,-0.600427966,0
0.1618,-0.5621774686,0
0.162,-0.6919180347,0
0.1622,-0.65220819,0
0.1624,-0.6803025343,0
0.1626,-0.6588012086,0
0.1628,-0.6832473635,0
0.163,-0.7004905801,0
0.1632,-0.7409205278,0
0.1634,-0.7175154819,0
0.1636,-0.7529245895,0
0.1638,-0.7458804447,0
0.164,-0.7544409564,0
0.1642,-0.7378013783,0
0.1644,-0.7995278086,0
0.1646,-0.801614486,0
0.1648,-0.7584131095,0
0.165,-0.8228008062,0
0.1652,-0.8374737124,0
0.1654,-0.8054923177,0
0.1656,-0.8423590779,0
0.1658,-0.8629243244,0
0.166,-0.8711843227,0
0.1662,-0.9430620202,0
0.1664,-0.8885992762,0
0.1666,-0.8676245274,0
0.1668,-0.9110767649,0
0.167,-1.010250076,0
0.1672,-0.9503389033,0
0.1674,-1.011605078,0
0.1676,-0.9981601223,0
0.1678,-0.9975671184,0
0.168,-1.064050632,0
0.1682,-0.9764620709,0
0.1684,-1.04610229,0
0.1686,-1.025003113,0
0.1688,-1.044538773,0
0.169,-1.029258119,0
0.1692,-1.048272398,0
0.1694,-1.167636901,0
0.1696,-1.119482117,0
0.1698,-1.218911448,0
0.17,-1.163463371,0
0.1702,-1.128808505,0
0.1704,-1.132362306,0
0.1706,-1.12858507,0
0.1708,-1.206127844,0
0.171,-1.188791027,0
0.1712,-1.207889297,0
0.1714,-1.170908872,0
0.1716,-1.167457659,0
0.1718,-1.25431742,0
0.172,-1.09713031,0
0.1722,-1.256710431,0
0.1724,-1.278811426,0
0.1726,-1.247224159,0
0.1728,-1.247407817,0
0.173,-1.261886001,0
0.1732,-1.315151799,0
0.1734,-1.235088153,0
0.1736,-1.296086612,0
0.1738,-1.240367132,0
0.174,-1.249160404,0
0.1742,-1.358168683,0
0.1744,-1.348117888,0
0.1746,-1.349970082,0
0.1748,-1.300283371,0
0.175,-1.307744397,0
0.1752,-1.298072316,0
0.1754,-1.339501785,0
0.1756,-1.287385644,0
0.1758,-1.244994925,0
0.176,-1.350509832,0
0.1762,-1.300114905,0
0.1764,-1.276741585,0
0.1766,-1.285496591,0
0.1768,-1.28101965,0
0.177,-1.194405259,0
0.1772,-1.205050584,0
0.1774,-1.21282695,0
0.1776,-1.266868885,0
0.1778,-1.135561084,0
0.178,-1.198738512,0
0.1782,-1.223467188,0
0.1784,-1.200201426,0
0.1786,-1.191823648,0
0.1788,-1.072121471,0
0.179,-1.132659391,0
0.1792,-1.121453706,0
0.1794,-1.192411444,0
0.1796,-1.058321958,0
0.1798,-1.110875628,0
0.18,-1.093697505,0
0.1802,-1.003191375,0
0.1804,-1.040665371,0
0.1806,-0.9503827273,0
0.1808,-0.9158910178,0
0.181,-1.008569364,0
0.1812,-0.9179545994,0
0.1814,-0.9502838394,0
0.1816,-0.8639490597,0
0.1818,-0.7984602455,0
0.182,-0.8623306808,0
0.1822,-0.7078914719,0
0.1824,-0.7640333512,0
0.1826,-0.7699493147,0
0.1828,-0.6980475059,0
0.183,-0.6312823405,0
0.1832,-0.6874212004,0
0.1834,-0.6011194693,0
0.1836,-0.6245037816,0
0.1838,-0.4893130747,0
0.184,-0.4987691408,0
0.1842,-0.4890509631,0
0.1844,-0.3973194275,0
0.1846,-0.4566004003,0
0.1848,-0.3867886524,0
0.185,-0.2629007049,0
0.1852,-0.3071266877,0
0.1854,-0.2130541582,0
0.1856,-0.224457701,0
0.1858,-0.225008971,0
0.186,-0.1714445302,0
0.1862,-0.122953698,0
0.1864,-0.1067596817,0
0.1866,-0.08759712996,0
0.1868,-0.05010579462,0
0.187,-0.04237041658,1
0.1872,0.05718094673,1
0.1874,0.104269239,1
0.1876,0.1541784869,1
0.1878,0.08758551863,1
0.188,0.2275189544,1
0.1882,0.2299190369,1
0.1884,0.2085925796,1
0.1886,0.3045708366,1
0.1888,0.3679193527,1
0.189,0.3906403699,1
0.1892,0.4328667398,1
0.1894,0.4754519182,1
0.1896,0.5069095641,1
0.1898,0.5027073552,1
0.19,0.4534855539,1
0.1902,0.5386247752,1
0.1904,0.6150220305,1
0.1906,0.6132879326,1
0.1908,0.6902795448,1
0.191,0.7250320195,1
0.1912,0.7247597333,1
0.1914,0.827168626,1
0.1916,0.7415238469,1
0.1918,0.8457196314,1
0.192,0.8168745997,1
0.1922,0.8312100344,1
0.1924,0.9119639698,1
0.1926,0.8890844683,1
0.1928,0.9726770527,1
0.193,0.9155337428,1
0.1932,0.9867579746,1
0.1934,0.9740221994,1
0.1936,1.020008157,1
0.1938,1.035410205,1
0.194,1.025248107,0
0.1942,1.115929447,0
0.1944,1.058422335,0
0.1946,1.086737008,0
0.1948,1.178507096,0
0.195,1.197865301,0
0.1952,1.20090954,0
0.1954,1.202243014,0
0.1956,1.293372782,0
0.1958,1.166635179,0
0.196,1.197229589,0
0.1962,1.198324107,0
0.1964,1.28430915,0
0.1966,1.269338389,0
0.1968,1.310879282,0
0.197,1.31315085,0
0.1972,1.272239462,0
0.1974,1.254662138,0
0.1976,1.253109745,0
0.1978,1.385848265,0
0.198,1.339880166,0
0.1982,1.327916126,0
0.1984,1.292881127,0
0.1986,1.300000794,0
0.1988,1.294910067,0
0.199,1.295726585,0
0.1992,1.211822695,0
0.1994,1.304093834,0
0.1996,1.28914472,0
0.1998,1.313241009,0
0.2,1.306589408,0
0.2002,1.328254536,0
0.2004,1.288883862,0
0.2006,1.315962792,0
0.2008,1.175733298,0
0.201,1.227637859,0
0.2012,1.333684055,0
0.2014,1.208313917,0
0.2016,1.237837565,0
0.2018,1.268695892,0
0.202,1.19607233,0
0.2022,1.250773553,0
0.2024,1.154814822,0
0.2026,1.125061538,0
0.2028,1.137691907,0
0.203,1.113616457,0
0.2032,1.167612397,0
0.2034,1.143840858,0
0.2036,1.157618831,0
0.2038,1.09070046,0
0.204,1.221235791,0
0.2042,1.10285211,0
0.2044,1.091775212,0
0.2046,1.098577969,0
0.2048,1.057172912,0
0.205,1.028067866,0
0.2052,1.043039419,0
0.2054,1.06252459,0
0.2056,1.03847703,0
0.2058,1.035529833,0
0.206,0.9612413481,0
0.2062,0.9387313097,0
0.2064,1.035804128,0
0.2066,0.9319771586,0
0.2068,0.9465945423,0
0.207,0.9429534554,0
0.2072,0.9562587012,0
0.2074,0.83145969,0
0.2076,0.8524598417,0
0.2078,0.840583064,0
0.208,0.8322363667,0
0.2082,0.734281207,0
0.2084,0.8135769838,0
0.2086,0.688455649,0
0.2088,0.8030912876,0
0.209,0.79980067,0
0.2092,0.7895274451,0
0.2094,0.7049253136,0
0.2096,0.7790317271,0
0.2098,0.6941862325,0
0.21,0.6678011883,0
0.2102,0.666038771,0
0.2104,0.6599401145,0
0.2106,0.6895892447,0
0.2108,0.7047587658,0
0.211,0.5770318512,0
0.2112,0.6290283879,0
0.2114,0.6765759729,0
0.2116,0.6387367534,0
0.2118,0.6412872159,0
0.212,0.5516128486,0
0.2122,0.6405885929,0
0.2124,0.5309760235,0
0.2126,0.5926852676,0
0.2128,0.6311332605,0
0.213,0.6437068751,0
0.2132,0.5810903603,0
0.2134,0.5882060756,0
0.2136,0.5212904867,0
0.2138,0.519095589,0
0.214,0.5781676483,0
0.2142,0.524714182,0
0.2144,0.513032057,0
0.2146,0.4553855964,0
0.2148,0.5117162183,0
0.215,0.5256054316,0
0.2152,0.4622680104,0
0.2154,0.4681926259,0
0.2156,0.5463034668,0
0.2158,0.4849844949,0
0.216,0.461228632,0
0.2162,0.4223518395,0
0.2164,0.4382371367,0
0.2166,0.4483298916,0
0.2168,0.5085143417,0
0.217,0.4248485625,0
0.2172,0.516650012,0
0.2174,0.403415783,0
0.2176,0.4220143288,0
0.2178,0.4658711094,0
0.218,0.4183794387,0
0.2182,0.3906702027,0
0.2184,0.4145252784,0
0.2186,0.4336800998,0
0.2188,0.3430385363,0
0.219,0.3976560588,0
0.2192,0.3991366848,0
0.2194,0.3832458,0
0.2196,0.4246585233,0
0.2198,0.3683040748,0
0.22,0.3722112983,0
0.2202,0.3839779748,0
0.2204,0.4072323422,0
0.2206,0.3647550898,0
0.2208,0.4296975122,0
0.221,0.3280577681,0
0.2212,0.4110532029,0
0.2214,0.3203919174,0
0.2216,0.3431734542,0
0.2218,0.3591220439,0
0.222,0.4214846062,0
0.2222,0.3697160187,0
0.2224,0.3120964212,0
0.2226,0.3745949706,0
0.2228,0.3082283578,0
0.223,0.2791083825,0
0.2232,0.3225432956,0
0.2234,0.3020416566,0
0.2236,0.3299112968,0
0.2238,0.2631100022,0
0.224,0.2935263079,0
0.2242,0.2966456628,0
0.2244,0.2752135687,0
0.2246,0.2555911322,0
0.2248,0.2213357582,0
0.225,0.2777129823,0
0.2252,0.2392082891,0
0.2254,0.2455639023,0
0.2256,0.2035116029,0
0.2258,0.2097357184,0
0.226,0.1592435986,0
0.2262,0.1955200021,0
0.2264,0.2139267579,0
0.2266,0.1781152023,0
0.2268,0.1997111652,0
0.227,0.1686601766,0
0.2272,0.2013804817,0
0.2274,0.1297870265,0
0.2276,0.06229344715,0
0.2278,0.1354815054,0
0.228,0.1018185131,0
0.2282,0.05960666537,0
0.2284,0.1146971641,0
0.2286,0.089211588,0
0.2288,0.08637565651,0
0.229,0.04513086483,0
0.2292,0.0561201299,0
0.2294,0.04818128873,0
0.2296,0.09872927123,0
0.2298,-0.009905317682,0
0.23,0.006726858623,0
0.2302,0.01138705059,0
0.2304,-0.08247135586,0
0.2306,-0.08790076569,0
0.2308,0.05256786446,0
0.231,-0.1150042766,0
0.2312,-0.03154000471,0
0.2314,-0.09863813625,0
0.2316,-0.1053531866,0
0.2318,-0.1641827153,0
0.232,-0.1308952036,0
0.2322,-0.07339538525,0
0.2324,-0.1701381782,0
0.2326,-0.1004947645,0
0.2328,-0.121401379,0
0.233,-0.06271363368,0
0.2332,-0.1718237067,0
0.2334,-0.111580174,0
0.2336,-0.1357079562,0
0.2338,-0.191741266,0
0.234,-0.2556650235,0
0.2342,-0.1374968576,0
0.2344,-0.2610285534,0
0.2346,-0.233814817,0
0.2348,-0.1878192136,0
0.235,-0.1866157672,0
0.2352,-0.2730163542,0
0.2354,-0.2482574642,0
0.2356,-0.2649319696,0
0.2358,-0.2147690465,0
0.236,-0.169118826,0
0.2362,-0.3496022103,0
0.2364,-0.2466822968,0
0.2366,-0.4044292063,0
0.2368,-0.2961341282,0
0.237,-0.3474759919,0
0.2372,-0.229715055,0
0.2374,-0.3088342688,0
0.2376,-0.3509022359,0
0.2378,-0.3471910345,0
0.238,-0.3558664438,0
0.2382,-0.3308118108,0
0.2384,-0.3500185525,0
0.2386,-0.3226697861,0
0.2388,-0.2923776577,0
0.239,-0.3308912957,0
0.2392,-0.4128312835,0
0.2394,-0.4334778692,0
0.2396,-0.4033756138,0
0.2398,-0.3355703962,0
0.24,-0.395556554,0
0.2402,-0.4132374699,0
0.2404,-0.3853166859,0
0.2406,-0.4517254642,0
0.2408,-0.444886775,0
0.241,-0.383072753,0
0.2412,-0.4197571832,0
0.2414,-0.4298894609,0
0.2416,-0.4031779904,0
0.2418,-0.4434069187,0
0.242,-0.4516087179,0
0.2422,-0.4467219557,0
0.2424,-0.4084358941,0
0.2426,-0.4344090689,0
0.2428,-0.4889082126,0
0.243,-0.4576416364,0
0.2432,-0.4240693445,0
0.2434,-0.3797422803,0
0.2436,-0.5049468225,0
0.2438,-0.4505088176,0
0.244,-0.4793258515,0
0.2442,-0.4410196405,0
0.2444,-0.4612719936,0
0.2446,-0.4257403976,0
0.2448,-0.4693921834,0
0.245,-0.5176966185,0
0.2452,-0.5233461266,0
0.2454,-0.4916881216,0
0.2456,-0.4984261156,0
0.2458,-0.4248342213,0
0.246,-0.4604481406,0
0.2462,-0.5814234347,0
0.2464,-0.527686022,0
0.2466,-0.6023913685,0
0.2468,-0.6230834545,0
0.247,-0.5350719733,0
0.2472,-0.5509587282,0
0.2474,-0.6230474339,0
0.2476,-0.5244978795,0
0.2478,-0.6383559083,0
0.248,-0.6552390689,0
0.2482,-0.59197232,0
0.2484,-0.619057438,0
0.2486,-0.6444038458,0
0.2488,-0.6510243813,0
0.249,-0.6500159265,0
0.2492,-0.6754429068,0
0.2494,-0.6879139716,0
0.2496,-0.7682644374,0
0.2498,-0.7577705603,0
0.25,-0.6915680318,0
0.2502,-0.7563335703,0
0.2504,-0.7187437795,0
0.2506,-0.7037494344,0
0.2508,-0.7802002665,0
0.251,-0.767725916,0
0.2512,-0.709226037,0
0.2514,-0.7779148756,0
0.2516,-0.7456395077,0
0.2518,-0.7717426653,0
0.252,-0.8168579712,0
0.2522,-0.8655164121,0
0.2524,-0.9088886833,0
0.2526,-0.933949605,0
0.2528,-0.8843895052,0
0.253,-0.8995476396,0
0.2532,-0.9397459626,0
0.2534,-0.913344132,0
0.2536,-0.9860028215,0
0.2538,-0.9319486061,0
0.254,-0.9892706943,0
0.2542,-1.006794795,0
0.2544,-1.019759642,0
0.2546,-1.038014176,0
0.2548,-0.9487547845,0
0.255,-1.126831777,0
0.2552,-1.069215923,0
0.2554,-1.040299716,0
0.2556,-1.074924668,0
0.2558,-1.129048315,0
0.256,-1.060454975,0
0.2562,-1.185625374,0
0.2564,-1.207670403,0
0.2566,-1.144911575,0
0.2568,-1.237687796,0
0.257,-1.286136174,0
0.2572,-1.166822299,0
0.2574,-1.182389623,0
0.2576,-1.19382032,0
0.2578,-1.25241723,0
0.258,-1.234921896,0
0.2582,-1.289665495,0
0.2584,-1.189959254,0
0.2586,-1.235418545,0
0.2588,-1.244518353,0
0.259,-1.358757862,0
0.2592,-1.254395435,0
0.2594,-1.23221571,0
0.2596,-1.247948598,0
0.2598,-1.268975731,0
0.26,-1.303819031,0
0.2602,-1.319973005,0
0.2604,-1.284014014,0
0.2606,-1.293792558,0
0.2608,-1.299899042,0
0.261,-1.321184913,0
0.2612,-1.240223772,0
0.2614,-1.352027947,0
0.2616,-1.303228521,0
0.2618,-1.321695972,0
0.262,-1.252517667,0
0.2622,-1.231025531,0
0.2624,-1.232052014,0
0.2626,-1.244287081,0
0.2628,-1.322404981,0
0.263,-1.173952647,0
0.2632,-1.226533566,0
0.2634,-1.240633791,0
0.2636,-1.223620614,0
0.2638,-1.22533658,0
0.264,-1.181165,0
0.2642,-1.171167752,0
0.2644,-1.18252432,0
0.2646,-1.254556406,0
0.2648,-1.135904763,0
0.265,-1.097269711,0
0.2652,-1.076250295,0
0.2654,-1.083507822,0
0.2656,-1.038436123,0
0.2658,-0.9937728358,0
0.266,-1.031201159,0
0.2662,-0.9303866722,0
0.2664,-1.043065598,0
0.2666,-0.9903121432,0
0.2668,-0.9502923296,0
0.267,-0.9853039253,0
0.2672,-0.9001949785,0
0.2674,-0.7822084722,0
0.2676,-0.7537009469,0
0.2678,-0.769987656,0
0.268,-0.6748851734,0
0.2682,-0.7033354911,0
0.2684,-0.7013881758,0
0.2686,-0.6397668844,0
0.2688,-0.6222961648,0
0.269,-0.5541997053,0
0.2692,-0.6100619678,0
0.2694,-0.4757707643,0
0.2696,-0.4994694688,0
0.2698,-0.4117799202,0
0.27,-0.4721327284,0
0.2702,-0.3913846241,0
0.2704,-0.3352713861,0
0.2706,-0.2658040447,0
0.2708,-0.3137528147,0
0.271,-0.1612974246,0
0.2712,-0.1714198698,0
0.2714,-0.1743099494,0
0.2716,-0.06699468354,0
0.2718,-0.07387569353,0
0.272,0.006126428675,0
0.2722,0.09054065958,0
0.2724,0.06618297468,1
0.2726,0.05217399956,1
0.2728,0.09394983871,1
0.273,0.1719203333,1
0.2732,0.1976430337,1
0.2734,0.1901486531,1
0.2736,0.2338888495,1
0.2738,0.3241544743,1
0.274,0.4280342397,1
0.2742,0.2652948067,1
0.2744,0.4354767872,1
0.2746,0.4337241626,1
0.2748,0.5085901562,1
0.275,0.5469464524,1
0.2752,0.5487151707,1
0.2754,0.539838935,1
0.2756,0.5579550622,1
0.2758,0.5716838703,1
0.276,0.7277857028,1
0.2762,0.7021448033,1
0.2764,0.7199371055,1
0.2766,0.7608036387,1
0.2768,0.7480229627,1
0.277,0.8427772531,1
0.2772,0.9116112549,1
0.2774,0.9319304739,1
0.2776,0.8505271152,1
0.2778,0.9936856771,1
0.278,0.9337629587,1
0.2782,0.9121858183,1
0.2784,0.963065007,1
0.2786,0.9962772612,1
0.2788,1.056494385,1
0.279,1.036456087,0
0.2792,1.03740542,0
0.2794,1.106423135,0
0.2796,1.212245661,0
0.2798,1.124573667,0
0.28,1.187701511,0
0.2802,1.187873486,0
0.2804,1.305619476,0
0.2806,1.137062074,0
0.2808,1.269576568,0
0.281,1.186348081,0
0.2812,1.224823543,0
0.2814,1.25464647,0
0.2816,1.395031281,0
0.2818,1.245227003,0
0.282,1.20744245,0
0.2822,1.341241239,0
0.2824,1.261232593,0
0.2826,1.289655103,0
0.2828,1.302108608,0
0.283,1.309784468,0
0.2832,1.301083885,0
0.2834,1.319747474,0
0.2836,1.324857009,0
0.2838,1.343037844,0
0.284,1.290518975,0
0.2842,1.275612551,0
0.2844,1.26021713,0
0.2846,1.322927435,0
0.2848,1.293109011,0
0.285,1.31213297,0
0.2852,1.305899214,0
0.2854,1.345517101,0
0.2856,1.279458903,0
0.2858,1.293718714,0
0.286,1.207396876,0
0.2862,1.203599864,0
0.2864,1.225112545,0
0.2866,1.179166299,0
0.2868,1.245178988,0
0.287,1.153565443,0
0.2872,1.198472169,0
0.2874,1.085844446,0
0.2876,1.128015887,0
0.2878,1.146317184,0
0.288,1.136846618,0
0.2882,1.062555424,0
0.2884,1.125289806,0
0.2886,1.14639333,0
0.2888,1.119543102,0
0.289,1.053268732,0
0.2892,1.041927233,0
0.2894,1.003606988,0
0.2896,1.061747293,0
0.2898,1.07959947,0
0.29,0.9861761044,0
0.2902,0.9245095319,0
0.2904,0.9855794731,0
0.2906,0.9910181364,0
0.2908,0.8389428199,0
0.291,0.9384955689,0
0.2912,1.004703677,0
0.2914,0.9361738366,0
0.2916,0.9106577685,0
0.2918,0.8901057007,0
0.292,0.9019856719,0
0.2922,0.8074760861,0
0.2924,0.7970625039,0
0.2926,0.8330874282,0
0.2928,0.7754499443,0
0.293,0.7994731106,0
0.2932,0.6990806284,0
0.2934,0.7925675927,0
0.2936,0.7830138021,0
0.2938,0.7379971007,0
0.294,0.7301808136,0
0.2942,0.7760312254,0
0.2944,0.6557376859,0
0.2946,0.65065325,0
0.2948,0.6318129445,0
0.295,0.6472343102,0
0.2952,0.6127126195,0
0.2954,0.6438557089,0
0.2956,0.6058419264,0
0.2958,0.5636871145,0
0.296,0.5497124449,0
0.2962,0.6505370306,0
0.2964,0.589950619,0
0.2966,0.5745294444,0
0.2968,0.5758826421,0
0.297,0.562998794,0
0.2972,0.5882838063,0
0.2974,0.5725436131,0
0.2976,0.5187415351,0
0.2978,0.5019220023,0
0.298,0.4841775215,0
0.2982,0.4706271739,0
0.2984,0.5700193252,0
0.2986,0.4707596531,0
0.2988,0.4203648921,0
0.299,0.4613012673,0
0.2992,0.4576187078,0
0.2994,0.4966481426,0
0.2996,0.4424934262,0
0.2998,0.4939682749,0
0.3,0.4829201266,0
0.3002,0.5129970136,0
0.3004,0.5440803986,0
0.3006,0.5665536936,0
0.3008,0.5019355531,0
0.301,0.3969142118,0
0.3012,0.4226172505,0
0.3014,0.4442444728,0
0.3016,0.5126749471,0
0.3018,0.4526711186,0
0.302,0.4694303525,0
0.3022,0.4100467485,0
0.3024,0.4363334146,0
0.3026,0.4371625435,0
0.3028,0.385878873,0
0.303,0.4308923675,0
0.3032,0.4382597539,0
0.3034,0.384669459,0
0.3036,0.42724431,0
0.3038,0.4478778459,0
0.304,0.3799693078,0
0.3042,0.3725942648,0
0.3044,0.3553575389,0
0.3046,0.3380182864,0
0.3048,0.3639639674,0
0.305,0.3360426374,0
0.3052,0.3346970062,0
0.3054,0.310752538,0
0.3056,0.2746148847,0
0.3058,0.2927740945,0
0.306,0.3374675538,0
0.3062,0.2708575533,0
0.3064,0.2859666576,0
0.3066,0.371097682,0
0.3068,0.3438173473,0
0.307,0.2641825267,0
0.3072,0.3090316492,0
0.3074,0.2516756329,0
0.3076,0.3353935815,0
0.3078,0.2392772127,0
0.308,0.2582008346,0
0.3082,0.3023648358,0
0.3084,0.2057123158,0
0.3086,0.2826802578,0
0.3088,0.1892915632,0
0.309,0.2228305806,0
0.3092,0.192617442,0
0.3094,0.1918715321,0
0.3096,0.1926202816,0
0.3098,0.1738883802,0
0.31,0.1266606675,0
0.3102,0.1923616924,0
0.3104,0.1767239558,0
0.3106,0.1895662872,0
0.3108,0.1833153395,0
0.311,0.06398540001,0
0.3112,0.1588817086,0
0.3114,0.1489869,0
0.3116,0.06531212971,0
0.3118,0.1175397338,0
0.312,0.1241413489,0
0.3122,0.03316383261,0
0.3124,-0.01118143919,0
0.3126,0.0187957855,0
0.3128,0.1340607038,0
0.313,0.02095521403,0
0.3132,-0.04792359796,0
0.3134,-0.02033506635,0
0.3136,-0.06083269918,0
0.3138,-0.04787631113,0
0.314,-0.03890445663,0
0.3142,-0.1559395942,0
0.3144,-0.04977535202,0
0.3146,-0.01826040944,0
0.3148,-0.09332804564,0
0.315,-0.1112478291,0
0.3152,-0.06261438546,0
0.3154,-0.1673436119,0
0.3156,-0.1767269869,0
0.3158,-0.1926108649,0
0.316,-0.1532591458,0
0.3162,-0.1410463256,0
0.3164,-0.170135084,0
0.3166,-0.1540803022,0
0.3168,-0.1522485598,0
0.317,-0.1748640059,0
0.3172,-0.2361588619,0
0.3174,-0.2234527984,0
0.3176,-0.1715427654,0
0.3178,-0.2719062999,0
0.318,-0.2485613885,0
0.3182,-0.2633175935,0
0.3184,-0.2618467472,0
0.3186,-0.3054992196,0
0.3188,-0.3240867853,0
0.319,-0.1753271182,0
0.3192,-0.2469933335,0
0.3194,-0.3204100574,0
0.3196,-0.3011536995,0
0.3198,-0.2784323102,0
0.32,-0.32577116,0
0.3202,-0.2937096921,0
0.3204,-0.349153722,0
0.3206,-0.3448855386,0
0.3208,-0.3397726562,0
0.321,-0.3603605044,0
0.3212,-0.4456999375,0
0.3214,-0.3521217837,0
0.3216,-0.3477457441,0
0.3218,-0.3442754416,0
0.322,-0.4080738026,0
0.3222,-0.3594230427,0
0.3224,-0.369340366,0
0.3226,-0.4534034124,0
0.3228,-0.475327642,0
0.323,-0.3727189357,0
0.3232,-0.4344118489,0
0.3234,-0.3605735043,0
0.3236,-0.3194266908,0
0.3238,-0.4327049734,0
0.324,-0.4413129732,0
0.3242,-0.4185458305,0
0.3244,-0.3954412125,0
0.3246,-0.4722413629,0
0.3248,-0.3814071113,0
0.325,-0.3960450971,0
0.3252,-0.4137822585,0
0.3254,-0.4664304725,0
0.3256,-0.4128859768,0
0.3258,-0.4200547697,0
0.326,-0.5073043163,0
0.3262,-0.3807101079,0
0.3264,-0.4815330205,0
0.3266,-0.4600938033,0
0.3268,-0.5013437985,0
0.327,-0.470676926,0
0.3272,-0.4455551051,0
0.3274,-0.5303402743,0
0.3276,-0.5705619251,0
0.3278,-0.5288661685,0
0.328,-0.5698627132,0
0.3282,-0.5549594117,0
0.3284,-0.5369216378,0
0.3286,-0.5419326961,0
0.3288,-0.4955070435,0
0.329,-0.5957704481,0
0.3292,-0.5493910972,0
0.3294,-0.5924070327,0
0.3296,-0.52639556,0
0.3298,-0.4890758595,0
0.33,-0.587527661,0
0.3302,-0.5424767673,0
0.3304,-0.6407308646,0
0.3306,-0.6938767001,0
0.3308,-0.6913933516,0
0.331,-0.7147158512,0
0.3312,-0.7010127184,0
0.3314,-0.6839944775,0
0.3316,-0.6402329644,0
0.3318,-0.6703774414,0
0.332,-0.6922332659,0
0.3322,-0.7404155978,0
0.3324,-0.7652873462,0
0.3326,-0.7482783982,0
0.3328,-0.7575439785,0
0.333,-0.7664765278,0
0.3332,-0.7757582168,0
0.3334,-0.8094279214,0
0.3336,-0.8960071685,0
0.3338,-0.8781077082,0
0.334,-0.8811640566,0
0.3342,-0.7950591463,0
0.3344,-0.8949386085,0
0.3346,-0.8658776723,0
0.3348,-0.8494338511,0
0.335,-0.9098663623,0
0.3352,-0.9541626112,0
0.3354,-0.9654609526,0
0.3356,-1.009917984,0
0.3358,-0.972037074,0
0.336,-0.9544149098,0
0.3362,-0.9919229487,0
0.3364,-0.9989543849,0
0.3366,-1.016080255,0
0.3368,-0.9794700386,0
0.337,-1.099663839,0
0.3372,-1.082501026,0
0.3374,-1.07485698,0
0.3376,-1.067215529,0
0.3378,-1.227970636,0
0.338,-1.165218216,0
0.3382,-1.165796855,0
0.3384,-1.211411394,0
0.3386,-1.148743507,0
0.3388,-1.185852318,0
0.339,-1.222013563,0
0.3392,-1.282596769,0
0.3394,-1.280764091,0
0.3396,-1.277285104,0
0.3398,-1.229187668,0
0.34,-1.305081899,0
0.3402,-1.347416106,0
0.3404,-1.330437192,0
0.3406,-1.303056688,0
0.3408,-1.218807857,0
0.341,-1.191316672,0
0.3412,-1.315574374,0
0.3414,-1.262737213,0
0.3416,-1.247839859,0
0.3418,-1.255106004,0
0.342,-1.312940184,0
0.3422,-1.361294629,0
0.3424,-1.328828834,0
0.3426,-1.382985514,0
0.3428,-1.297277584,0
0.343,-1.273131217,0
0.3432,-1.376434781,0
0.3434,-1.298334525,0
0.3436,-1.279163901,0
0.3438,-1.234520027,0
0.344,-1.222010865,0
0.3442,-1.23678706,0
0.3444,-1.287001324,0
0.3446,-1.263965272,0
0.3448,-1.189759626,0
0.345,-1.249864606,0
0.3452,-1.214010186,0
0.3454,-1.135573975,0
0.3456,-1.177572176,0
0.3458,-1.221346153,0
0.346,-1.160867891,0
0.3462,-1.105155888,0
0.3464,-1.119038673,0
0.3466,-1.044689786,0
0.3468,-1.018608293,0
0.347,-1.073708232,0
0.3472,-1.044661436,0
0.3474,-1.004593391,0
0.3476,-1.023479342,0
0.3478,-0.9343818776,0
0.348,-0.9299056294,0
0.3482,-0.863625748,0
0.3484,-0.8905314199,0
0.3486,-0.8723893516,0
0.3488,-0.7335599941,0
0.349,-0.8113427729,0
0.3492,-0.7679444914,0
0.3494,-0.7414473034,0
0.3496,-0.6912673781,0
0.3498,-0.6819944759,0
0.35,-0.6127880571,0
0.3502,-0.6042166714,0
0.3504,-0.5571588679,0
0.3506,-0.4898957628,0
0.3508,-0.4397662501,0
0.351,-0.4121029062,0
0.3512,-0.4227433779,0
0.3514,-0.339536287,0
0.3516,-0.3220036086,0
0.3518,-0.2828779834,0
0.352,-0.3086753691,0
0.3522,-0.1738378682,0
0.3524,-0.1669780509,0
0.3526,-0.05367908582,0
0.3528,-0.05673396362,0
0.353,-0.08731916546,0
0.3532,-0.05781884602,0
0.3534,0.08284307425,1
0.3536,0.04151163843,1
0.3538,0.1435160722,1
0.354,0.1436228772,1
0.3542,0.2791718732,1
0.3544,0.2373988307,1
0.3546,0.3337631153,1
0.3548,0.365168652,1
0.355,0.3317219938,1
0.3552,0.3751364519,1
0.3554,0.4853885046,1
0.3556,0.4632989235,1
0.3558,0.4653383666,1
0.356,0.5845679481,1
0.3562,0.6751432025,1
0.3564,0.6059746443,1
0.3566,0.6982208878,1
0.3568,0.6698322935,1
0.357,0.7639558086,1
0.3572,0.7328452508,1
0.3574,0.8277254251,1
0.3576,0.8274250478,1
0.3578,0.8287937432,1
0.358,0.8752619751,1
0.3582,0.8729350473,1
0.3584,0.8775509375,1
0.3586,0.9074524207,1
0.3588,0.9736692143,1
0.359,0.958950128,1
0.3592,1.043285481,1
0.3594,1.07040076,1
0.3596,1.090469024,1
0.3598,1.073281042,0
0.36,1.115952044,0
0.3602,1.13218854,0
0.3604,1.2046488,0
0.3606,1.136941449,0
0.3608,1.170317459,0
0.361,1.191817416,0
0.3612,1.209884287,0
0.3614,1.199026989,0
0.3616,1.21623745,0
0.3618,1.293412252,0
0.362,1.237566584,0
0.3622,1.309143336,0
0.3624,1.362199765,0
0.3626,1.339244626,0
0.3628,1.222076356,0
0.363,1.330719454,0
0.3632,1.323284653,0
0.3634,1.329337942,0
0.3636,1.244939152,0
0.3638,1.341929904,0
0.364,1.268584198,0
0.3642,1.363664467,0
0.3644,1.35359629,0
0.3646,1.410683188,0
0.3648,1.290333536,0
0.365,1.241100825,0
0.3652,1.339579753,0
0.3654,1.327360685,0
0.3656,1.271093163,0
0.3658,1.334155106,0
0.366,1.299894091,0
0.3662,1.212733071,0
0.3664,1.241502426,0
0.3666,1.228410841,0
0.3668,1.231973324,0
0.367,1.233592749,0
0.3672,1.18708934,0
0.3674,1.195536981,0
0.3676,1.215071486,0
0.3678,1.176126307,0
0.368,1.155441936,0
0.3682,1.140864907,0
0.3684,1.13548425,0
0.3686,1.048980394,0
0.3688,1.117850929,0
0.369,1.055836993,0
0.3692,1.086544945,0
0.3694,1.008508028,0
0.3696,1.089215591,0
0.3698,1.046569283,0
0.37,0.9676731193,0
0.3702,1.015756513,0
0.3704,0.9603396104,0
0.3706,1.047207918,0
0.3708,0.9791878737,0
0.371,0.9120702038,0
0.3712,0.9373741834,0
0.3714,0.9115466049,0
0.3716,0.9453305903,0
0.3718,0.8963328147,0
0.372,0.8873626085,0
0.3722,0.8069558865,0
0.3724,0.8684377867,0
0.3726,0.9057091569,0
0.3728,0.8328150476,0
0.373,0.791325595,0
0.3732,0.7852529251,0
0.3734,0.7265920113,0
0.3736,0.7584171439,0
0.3738,0.6935464428,0
0.374,0.7260261275,0
0.3742,0.6957844767,0
0.3744,0.6654067927,0
0.3746,0.7094826533,0
0.3748,0.6145931262,0
0.375,0.6607884725,0
0.3752,0.5979191808,0
0.3754,0.7129791219,0
0.3756,0.7079220962,0
0.3758,0.6522361495,0
0.376,0.6840405396,0
0.3762,0.6219509844,0
0.3764,0.6103053064,0
0.3766,0.5622831602,0
0.3768,0.5344734512,0
0.377,0.5667050003,0
0.3772,0.5317652689,0
0.3774,0.5275511671,0
0.3776,0.5663982202,0
0.3778,0.5245686948,0
0.378,0.4599417671,0
0.3782,0.5066662673,0
0.3784,0.4779920291,0
0.3786,0.4901845602,0
0.3788,0.4517285152,0
0.379,0.5375353914,0
0.3792,0.5597377067,0
0.3794,0.4334405654,0
0.3796,0.4983112592,0
0.3798,0.4909126099,0
0.38,0.4187914488,0
0.3802,0.4607282845,0
0.3804,0.5081648971,0
0.3806,0.4807354619,0
0.3808,0.5068525526,0
0.381,0.3905667294,0
0.3812,0.402881449,0
0.3814,0.4398089147,0
0.3816,0.4377737721,0
0.3818,0.4200394134,0
0.382,0.3990570399,0
0.3822,0.3935783684,0
0.3824,0.3811348249,0
0.3826,0.4188945817,0
0.3828,0.2858314704,0
0.383,0.455518545,0
0.3832,0.3656511709,0
0.3834,0.3246923096,0
0.3836,0.3987385494,0
0.3838,0.3156908426,0
0.384,0.3821675545,0
0.3842,0.3453430461,0
0.3844,0.3795912165,0
0.3846,0.3819385968,0
0.3848,0.3963961671,0
0.385,0.3188718653,0
0.3852,0.3209486824,0
0.3854,0.3258351134,0
0.3856,0.2632872393,0
0.3858,0.3369643097,0
0.386,0.3115674356,0
0.3862,0.2457677621,0
0.3864,0.3405872573,0
0.3866,0.3393838537,0
0.3868,0.2244371163,0
0.387,0.2921739841,0
0.3872,0.3112776548,0
0.3874,0.2866027788,0
0.3876,0.2053109438,0
0.3878,0.1799997777,0
0.388,0.2224134874,0
0.3882,0.1981326757,0
0.3884,0.2084124196,0
0.3886,0.1951808563,0
0.3888,0.2107775704,0
0.389,0.1574634315,0
0.3892,0.1634514993,0
0.3894,0.2785237789,0
0.3896,0.1443250845,0
0.3898,0.1685475697,0
0.39,0.1400552408,0
0.3902,0.1265396663,0
0.3904,0.07052279189,0
0.3906,0.1171585253,0
0.3908,0.08299131475,0
0.391,0.1066457722,0
0.3912,0.1448102631,0
0.3914,0.05889737476,0
0.3916,0.07066966121,0
0.3918,-0.01206926456,0
0.392,0.02217460443,0
0.3922,0.06816918326,0
0.3924,-0.007681334487,0
0.3926,-0.04215364781,0
0.3928,-0.01978635401,0
0.393,-0.04677015234,0
0.3932,-0.06030445251,0
0.3934,-0.07683151338,0
0.3936,0.006360864956,0
0.3938,-0.1190483831,0
0.394,-0.1117402441,0
0.3942,-0.1289573757,0
0.3944,-0.06734819541,0
0.3946,-0.1387981023,0
0.3948,-0.08603242306,0
0.395,-0.1419695121,0
0.3952,-0.1598426573,0
0.3954,-0.2274611817,0
0.3956,-0.1305367392,0
0.3958,-0.1671441395,0
0.396,-0.1821949808,0
0.3962,-0.2125239472,0
0.3964,-0.2337359417,0
0.3966,-0.2768400944,0
0.3968,-0.1971377069,0
0.397,-0.2328599226,0
0.3972,-0.2664289037,0
0.3974,-0.2855195096,0
0.3976,-0.263697542,0
0.3978,-0.2798006221,0
0.398,-0.2180699639,0
0.3982,-0.2602410953,0
0.3984,-0.3222470807,0
0.3986,-0.3496332889,0
0.3988,-0.3216524358,0
0.399,-0.355289673,0
0.3992,-0.3222015933,0
0.3994,-0.3153075705,0
0.3996,-0.3120642332,0
0.3998,-0.3267338281,0
0.4,-0.3566959116,0
0.4002,-0.3306007481,0
0.4004,-0.3955785431,0
0.4006,-0.3684038824,0
0.4008,-0.3379008983,0
0.401,-0.3638950026,0
0.4012,-0.4311721426,0
0.4014,-0.4313458203,0
0.4016,-0.4544758691,0
0.4018,-0.3223744511,0
0.402,-0.461136805,0
0.4022,-0.4092390844,0
0.4024,-0.3347890188,0
0.4026,-0.3696932208,0
0.4028,-0.3646205223,0
0.403,-0.4418134492,0
0.4032,-0.3968693786,0
0.4034,-0.3092374202,0
0.4036,-0.4371990712,0
0.4038,-0.423962043,0
0.404,-0.4579608227,0
0.4042,-0.4508333538,0
0.4044,-0.4404324684,0
0.4046,-0.4051221021,0
0.4048,-0.5019695892,0
0.405,-0.5286238112,0
0.4052,-0.4761603938,0
0.4054,-0.474871057,0
0.4056,-0.4327366453,0
0.4058,-0.4668065158,0
0.406,-0.5270437242,0
0.4062,-0.4861978756,0
0.4064,-0.471277017,0
0.4066,-0.5117951695,0
0.4068,-0.5444332618,0
0.407,-0.5116559147,0
0.4072,-0.5610964517,0
0.4074,-0.6300709615,0
0.4076,-0.5109380906,0
0.4078,-0.6248755398,0
0.408,-0.5961077016,0
0.4082,-0.605115939,0
0.4084,-0.6159663491,0
0.4086,-0.6243547548,0
0.4088,-0.681313096,0
0.409,-0.6137390081,0
0.4092,-0.645068103,0
0.4094,-0.6563113736,0
0.4096,-0.6270465129,0
0.4098,-0.6382903863,0
0.41,-0.6413799449,0
0.4102,-0.6338756457,0
0.4104,-0.7030234741,0
0.4106,-0.7962167702,0
0.4108,-0.7399907307,0
0.411,-0.7620659411,0
0.4112,-0.7741566516,0
0.4114,-0.8155041246,0
0.4116,-0.8418428505,0
0.4118,-0.7894398933,0
0.412,-0.7977006886,0
0.4122,-0.8965868907,0
0.4124,-0.8458232928,0
0.4126,-0.8898342663,0
0.4128,-0.9143680729,0
0.413,-0.8873607621,0
0.4132,-0.9327302171,0
0.4134,-0.9688471105,0
0.4136,-0.9604695564,0
0.4138,-1.058588075,0
0.414,-1.018409956,0
0.4142,-1.028243776,0
0.4144,-1.08243269,0
0.4146,-1.03516889,0
0.4148,-1.047094016,0
0.415,-1.097373056,0
0.4152,-1.095313647,0
0.4154,-1.076551494,0
0.4156,-1.075781626,0
0.4158,-1.162969152,0
0.416,-1.133065152,0
0.4162,-1.118835684,0
0.4164,-1.174831356,0
0.4166,-1.217362556,0
0.4168,-1.229580721,0
0.417,-1.223719549,0
0.4172,-1.263541686,0
0.4174,-1.152544958,0
0.4176,-1.266095249,0
0.4178,-1.23778643,0
0.418,-1.254549354,0
0.4182,-1.244680029,0
0.4184,-1.293145734,0
0.4186,-1.33652156,0
0.4188,-1.225106807,0
0.419,-1.299033701,0
0.4192,-1.295667884,0
0.4194,-1.295899845,0
0.4196,-1.256140132,0
0.4198,-1.277640322,0
0.42,-1.262315988,0
0.4202,-1.27629882,0
0.4204,-1.302029327,0
0.4206,-1.295961665,0
0.4208,-1.332832369,0
0.421,-1.376620803,0
0.4212,-1.303586152,0
0.4214,-1.330823827,0
0.4216,-1.177261931,0
0.4218,-1.210158541,0
0.422,-1.216377472,0
0.4222,-1.274835488,0
0.4224,-1.15896655,0
0.4226,-1.296898772,0
0.4228,-1.263383585,0
0.423,-1.231494667,0
0.4232,-1.222693372,0
0.4234,-1.162087916,0
0.4236,-1.14155608,0
0.4238,-1.053743864,0
0.424,-1.07000078,0
0.4242,-1.039741655,0
0.4244,-1.049458949,0
0.4246,-1.048659212,0
0.4248,-1.045765132,0
0.425,-1.053196622,0
0.4252,-1.001142758,0
0.4254,-0.9541309724,0
0.4256,-0.8799678147,0
0.4258,-0.9485865921,0
0.426,-0.9055168806,0
0.4262,-0.810936482,0
0.4264,-0.8296668861,0
0.4266,-0.7414565112,0
0.4268,-0.7377056663,0
0.427,-0.7169069087,0
0.4272,-0.7050208922,0
0.4274,-0.6196199865,0
0.4276,-0.6085090247,0
0.4278,-0.5667517726,0
0.428,-0.5300078759,0
0.4282,-0.4587952092,0
0.4284,-0.4215529449,0
0.4286,-0.4567887095,0
0.4288,-0.3550127894,0
0.429,-0.2925792407,0
0.4292,-0.2265425838,0
0.4294,-0.1960833626,0
0.4296,-0.1780712524,0
0.4298,-0.1909794909,0
0.43,-0.1347427031,0
0.4302,-0.02590732779,0
0.4304,-0.04904637151,0
0.4306,0.06164828995,1
0.4308,0.1130957767,1
0.431,0.06112543003,1
0.4312,0.1626026407,1
0.4314,0.1817052464,1
0.4316,0.3083055633,1
0.4318,0.3014825543,1
0.432,0.2880150308,1
0.4322,0.3648636582,1
0.4324,0.3516235044,1
0.4326,0.4216097538,1
0.4328,0.4747432654,1
0.433,0.5108881706,1
0.4332,0.555048113,1
0.4334,0.5436986054,1
0.4336,0.5424600427,1
0.4338,0.6380282724,1
0.434,0.6521064094,1
0.4342,0.6943161514,1
0.4344,0.8415728097,1
0.4346,0.8355511326,1
0.4348,0.814182933,1
0.435,0.7950881994,1
0.4352,0.8308733178,1
0.4354,0.9267085494,1
0.4356,0.983552932,1
0.4358,0.9567916553,1
0.436,1.000302427,1
0.4362,1.030649348,1
0.4364,1.087637282,1
0.4366,0.9932598746,0
0.4368,1.097147452,0
0.437,1.128489159,0
0.4372,1.170546337,0
0.4374,1.167569094,0
0.4376,1.125774614,0
0.4378,1.163550849,0
0.438,1.14166316,0
0.4382,1.225100167,0
0.4384,1.238691145,0
0.4386,1.26397846,0
0.4388,1.216104994,0
0.439,1.219575731,0
0.4392,1.335390282,0
0.4394,1.289738871,0
0.4396,1.359290059,0
0.4398,1.312949953,0
0.44,1.241762522,0
0.4402,1.336256429,0
0.4404,1.356219725,0
0.4406,1.290543068,0
0.4408,1.232344237,0
0.441,1.33571961,0
0.4412,1.302317032,0
0.4414,1.316920114,0
0.4416,1.19532872,0
0.4418,1.317159148,0
0.442,1.184076283,0
0.4422,1.253787939,0
0.4424,1.317499666,0
0.4426,1.201884592,0
0.4428,1.19236161,0
0.443,1.240252634,0
0.4432,1.314751038,0
0.4434,1.303493664,0
0.4436,1.203893167,0
0.4438,1.256968539,0
0.444,1.228346397,0
0.4442,1.203303099,0
0.4444,1.194218636,0
0.4446,1.137716613,0
0.4448,1.185052656,0
0.445,1.181345109,0
0.4452,1.232477317,0
0.4454,1.146295525,0
0.4456,0.9964111201,0
0.4458,1.030966335,0
0.446,1.076875867,0
0.4462,1.050498603,0
0.4464,0.9573781392,0
0.4466,1.010120168,0
0.4468,0.985190662,0
0.447,0.9812746398,0
0.4472,0.9620568369,0
0.4474,0.9874612937,0
0.4476,0.9929092814,0
0.4478,0.9454089348,0
0.448,0.8574495471,0
0.4482,0.8512208708,0
0.4484,0.8432690733,0
0.4486,0.8516431955,0
0.4488,0.8211234678,0
0.449,0.808664499,0
0.4492,0.7704319281,0
0.4494,0.8301843482,0
0.4496,0.8113883905,0
0.4498,0.800879275,0
0.45,0.7451139964,0
0.4502,0.7524254912,0
0.4504,0.6839809002,0
0.4506,0.666444693,0
0.4508,0.6719680184,0
0.451,0.7042369114,0
0.4512,0.6623361725,0
0.4514,0.6103881624,0
0.4516,0.6479151541,0
0.4518,0.6495589177,0
0.452,0.6279678965,0
0.4522,0.583925353,0
0.4524,0.602644557,0
0.4526,0.5730204374,0
0.4528,0.5670178578,0
0.453,0.566949676,0
0.4532,0.5914901799,0
0.4534,0.6255091045,0
0.4536,0.6063071699,0
0.4538,0.5608769465,0
0.454,0.5118150453,0
0.4542,0.5078404501,0
0.4544,0.5022055554,0
0.4546,0.5518432021,0
0.4548,0.3883628265,0
0.455,0.5027079316,0
0.4552,0.4063496302,0
0.4554,0.4797671045,0
0.4556,0.526981514,0
0.4558,0.4318302411,0
0.456,0.371396543,0
0.4562,0.5091991341,0
0.4564,0.5122941032,0
0.4566,0.4668789502,0
0.4568,0.4921327357,0
0.457,0.4049035989,0
0.4572,0.4790675167,0
0.4574,0.4954096147,0
0.4576,0.4482590252,0
0.4578,0.429190719,0
0.458,0.4645887373,0
0.4582,0.453840821,0
0.4584,0.3738963371,0
0.4586,0.4535022365,0
0.4588,0.424087686,0
0.459,0.3957875626,0
0.4592,0.4366461306,0
0.4594,0.4164798763,0
0.4596,0.4041569423,0
0.4598,0.3487439496,0
0.46,0.3970034549,0
0.4602,0.3137871441,0
0.4604,0.3473787142,0
0.4606,0.2788506451,0
0.4608,0.2723757752,0
0.461,0.3520612236,0
0.4612,0.3246554275,0
0.4614,0.3247245903,0
0.4616,0.3382067685,0
0.4618,0.3215125768,0
0.462,0.2648277355,0
0.4622,0.2957718545,0
0.4624,0.2824818793,0
0.4626,0.2564725131,0
0.4628,0.2641713478,0
0.463,0.2461935607,0
0.4632,0.2262782354,0
0.4634,0.2300813934,0
0.4636,0.2438393914,0
0.4638,0.3077395082,0
0.464,0.1830875743,0
0.4642,0.2269906036,0
0.4644,0.1378039139,0
0.4646,0.2498035477,0
0.4648,0.1626223204,0
0.465,0.1710840852,0
0.4652,0.206022833,0
0.4654,0.1836644192,0
0.4656,0.07355807671,0
0.4658,0.1443692995,0
0.466,0.1018597406,0
0.4662,0.1243901309,0
0.4664,0.09427788366,0
0.4666,0.1060810238,0
0.4668,0.07668668057,0
0.467,0.04770809648,0
0.4672,0.0886130881,0
0.4674,-0.03204517082,0
0.4676,0.0005416003521,0
0.4678,-0.03223452367,0
0.468,-0.01164821101,0
0.4682,-0.03496837145,0
0.4684,-0.03555074476,0
0.4686,-0.06107175344,0
0.4688,-0.07201728679,0
0.469,-0.1307149786,0
0.4692,-0.07810652733,0
0.4694,-0.07582880867,0
0.4696,-0.123478247,0
0.4698,-0.1372544385,0
0.47,-0.14799067,0
0.4702,-0.06614316781,0
0.4704,-0.1367369331,0
0.4706,-0.139546208,0
0.4708,-0.177705704,0
0.471,-0.1961473248,0
0.4712,-0.2215705878,0
0.4714,-0.1348301657,0
0.4716,-0.2744232005,0
0.4718,-0.2040943313,0
0.472,-0.2265327517,0
0.4722,-0.245059871,0
0.4724,-0.3065370752,0
0.4726,-0.3021062841,0
0.4728,-0.2220395118,0
0.473,-0.297431102,0
0.4732,-0.2426677827,0
0.4734,-0.2589669609,0
0.4736,-0.2702808332,0
0.4738,-0.2704743054,0
0.474,-0.356603073,0
0.4742,-0.334197743,0
0.4744,-0.2949234929,0
0.4746,-0.379189014,0
0.4748,-0.2685388063,0
0.475,-0.363745264,0
0.4752,-0.349985858,0
0.4754,-0.3942978528,0
0.4756,-0.3443753598,0
0.4758,-0.3939208932,0
0.476,-0.3796868659,0
0.4762,-0.4208230745,0
0.4764,-0.3327730803,0
0.4766,-0.4508127181,0
0.4768,-0.3724361159,0
0.477,-0.3858946508,0
0.4772,-0.3827003106,0
0.4774,-0.4458268011,0
0.4776,-0.3684089038,0
0.4778,-0.3759264164,0
0.478,-0.4128640088,0
0.4782,-0.4115048769,0
0.4784,-0.4351054328,0
0.4786,-0.4079414675,0
0.4788,-0.4714337421,0
0.479,-0.4214008779,0
0.4792,-0.4324556544,0
0.4794,-0.5103447471,0
0.4796,-0.5642787781,0
0.4798,-0.4695340876,0
0.48,-0.47700687,0
0.4802,-0.4277095916,0
0.4804,-0.4802182428,0
0.4806,-0.508743134,0
0.4808,-0.549765696,0
0.481,-0.5056944714,0
0.4812,-0.532568835,0
0.4814,-0.5606496431,0
0.4816,-0.5289693714,0
0.4818,-0.4897827505,0
0.482,-0.5365694892,0
0.4822,-0.5907780963,0
0.4824,-0.5445867951,0
0.4826,-0.6107967582,0
0.4828,-0.6395183436,0
0.483,-0.5665246621,0
0.4832,-0.6185433167,0
0.4834,-0.5625749922,0
0.4836,-0.6056216576,0
0.4838,-0.6616211161,0
0.484,-0.6322504337,0
0.4842,-0.6012152651,0
0.4844,-0.6729494861,0
0.4846,-0.7205587549,0
0.4848,-0.7176262224,0
0.485,-0.737079482,0
0.4852,-0.7655119971,0
0.4854,-0.7840038064,0
0.4856,-0.7297464825,0
0.4858,-0.716893428,0
0.486,-0.7906558019,0
0.4862,-0.7598894649,0
0.4864,-0.7704440152,0
0.4866,-0.7550614325,0
0.4868,-0.8457313093,0
0.487,-0.8683004806,0
0.4872,-0.8536874756,0
0.4874,-0.882991687,0
0.4876,-0.891290352,0
0.4878,-0.8680807328,0
0.488,-0.9537527104,0
0.4882,-0.9445990397,0
0.4884,-1.009200014,0
0.4886,-0.9929992909,0
0.4888,-1.030176474,0
0.489,-1.050087511,0
0.4892,-1.045003255,0
0.4894,-1.070359777,0
0.4896,-1.053738,0
0.4898,-1.052337155,0
0.49,-1.15982587,0
0.4902,-1.075353785,0
0.4904,-1.21957942,0
0.4906,-1.135308289,0
0.4908,-1.131083862,0
0.491,-1.19938495,0
0.4912,-1.195916312,0
0.4914,-1.230917712,0
0.4916,-1.176213523,0
0.4918,-1.350673001,0
0.492,-1.273807322,0
0.4922,-1.322966013,0
0.4924,-1.247796918,0
0.4926,-1.212495091,0
0.4928,-1.225182292,0
0.493,-1.253717993,0
0.4932,-1.277298096,0
0.4934,-1.323805416,0
0.4936,-1.249484043,0
0.4938,-1.277437566,0
0.494,-1.33935512,0
0.4942,-1.359013809,0
0.4944,-1.334235789,0
0.4946,-1.266057888,0
0.4948,-1.258498084,0
0.495,-1.242040949,0
0.4952,-1.334747383,0
0.4954,-1.314080726,0
0.4956,-1.239215013,0
0.4958,-1.279422557,0
0.496,-1.250208251,0
0.4962,-1.325005744,0
0.4964,-1.277162199,0
0.4966,-1.252056025,0
0.4968,-1.253431616,0
0.497,-1.242482476,0
0.4972,-1.276690099,0
0.4974,-1.130419734,0
0.4976,-1.172777254,0
0.4978,-1.218750264,0
0.498,-1.098083143,0
0.4982,-1.117932409,0
0.4984,-1.070223993,0
0.4986,-1.083732546,0
0.4988,-1.083329439,0
0.499,-1.057220714,0
0.4992,-0.9868900335,0
0.4994,-0.942316452,0
0.4996,-0.9253218173,0
0.4998,-0.889650439,0
0.5,-0.8368607561,0
0.5002,-0.8420129748,0
0.5004,-0.780889468,0
0.5006,-0.7433569723,0
0.5008,-0.741651884,0
0.501,-0.7212309822,0
0.5012,-0.6995896111,0
0.5014,-0.6935451419,0
0.5016,-0.6701864608,0
0.5018,-0.5171377097,0
0.502,-0.5312734565,0
0.5022,-0.5131607148,0
0.5024,-0.3879989982,0
0.5026,-0.3715957112,0
0.5028,-0.366914277,0
0.503,-0.2874797443,0
0.5032,-0.2933176448,0
0.5034,-0.2289776746,0
0.5036,-0.1278584357,0
0.5038,-0.115456547,0
0.504,-0.1256706014,0
0.5042,-0.04374985279,0
0.5044,0.01909716626,0
0.5046,0.01049767396,1
0.5048,0.04186400892,1
0.505,0.1769191669,1
0.5052,0.1332812443,1
0.5054,0.1354085899,1
0.5056,0.2368099889,1
0.5058,0.365290225,1
0.506,0.3413239295,1
0.5062,0.3964529679,1
0.5064,0.3130232009,1
0.5066,0.4187817338,1
0.5068,0.5297730175,1
0.507,0.5054004859,1
0.5072,0.6135847352,1
0.5074,0.6186894591,1
0.5076,0.6534792207,1
0.5078,0.7420687425,1
0.508,0.6911326775,1
0.5082,0.728151024,1
0.5084,0.785892593,1
0.5086,0.8242340298,1
0.5088,0.780473301,1
0.509,0.9294874644,1
0.5092,0.9203917137,1
0.5094,0.9345328428,1
0.5096,0.9949000346,1
0.5098,0.98201714,1
0.51,1.072886017,1
0.5102,1.052788868,1
0.5104,1.1035077,0
0.5106,1.062515688,0
0.5108,1.1089791,0
0.511,1.155909306,0
0.5112,1.122956178,0
0.5114,1.152919294,0
0.5116,1.194549289,0
0.5118,1.257271362,0
0.512,1.258137833,0
0.5122,1.277574488,0
0.5124,1.266055037,0
0.5126,1.301291281,0
0.5128,1.336941698,0
0.513,1.290951766,0
0.5132,1.309363603,0
0.5134,1.321854573,0
0.5136,1.22382844,0
0.5138,1.304150461,0
0.514,1.327958305,0
0.5142,1.34340339,0
0.5144,1.301323639,0
0.5146,1.353023212,0
0.5148,1.287223096,0
0.515,1.303559025,0
0.5152,1.374716595,0
0.5154,1.24921422,0
0.5156,1.294933026,0
0.5158,1.286139401,0
0.516,1.281514923,0
0.5162,1.256039167,0
0.5164,1.294796774,0
0.5166,1.216700741,0
0.5168,1.196600847,0
0.517,1.257854133,0
0.5172,1.179551052,0
0.5174,1.230133005,0
0.5176,1.203363705,0
0.5178,1.161895299,0
0.518,1.161809445,0
0.5182,1.15744444,0
0.5184,1.164705565,0
0.5186,1.10644326,0
0.5188,1.107902493,0
0.519,1.043299276,0
0.5192,1.07354831,0
0.5194,0.9915458489,0
0.5196,1.049872969,0
0.5198,1.016807136,0
0.52,1.1018242,0
0.5202,1.052575268,0
0.5204,0.9782003611,0
0.5206,1.005034567,0
0.5208,0.9613960465,0
0.521,0.8871265764,0
0.5212,0.819079505,0
0.5214,0.943360782,0
0.5216,0.8977902062,0
0.5218,0.7873769759,0
0.522,0.8744666283,0
0.5222,0.8691821363,0
0.5224,0.7892191693,0
0.5226,0.8322138532,0
0.5228,0.7162218095,0
0.523,0.760842979,0
0.5232,0.7559012905,0
0.5234,0.7709598826,0
0.5236,0.7411286726,0
0.5238,0.7199253403,0
0.524,0.7194224418,0
0.5242,0.6575737264,0
0.5244,0.7297023577,0
0.5246,0.6442055542,0
0.5248,0.6771554381,0
0.525,0.6332198894,0
0.5252,0.6118634443,0
0.5254,0.6338276931,0
0.5256,0.6173387387,0
0.5258,0.6426556618,0
0.526,0.6217181825,0
0.5262,0.5462650137,0
0.5264,0.579544348,0
0.5266,0.5544917296,0
0.5268,0.509829278,0
0.527,0.4892075215,0
0.5272,0.5352776452,0
0.5274,0.495896139,0
0.5276,0.4543271935,0
0.5278,0.4987688352,0
0.528,0.5044422183,0
0.5282,0.492883209,0
0.5284,0.4342763639,0
0.5286,0.4530364934,0
0.5288,0.5249291713,0
0.529,0.4335831138,0
0.5292,0.4456413285,0
0.5294,0.5453776346,0
0.5296,0.4617736191,0
0.5298,0.4225196627,0
0.53,0.3596933758,0
0.5302,0.4447214573,0
0.5304,0.3718222487,0
0.5306,0.4214031355,0
0.5308,0.3828263286,0
0.531,0.3456379775,0
0.5312,0.4737294616,0
0.5314,0.3984275283,0
0.5316,0.4344379626,0
0.5318,0.4221780215,0
0.532,0.3582814547,0
0.5322,0.3858293539,0
0.5324,0.3626709006,0
0.5326,0.4100640622,0
0.5328,0.383134895,0
0.533,0.3460062576,0
0.5332,0.4206275936,0
0.5334,0.3689714145,0
0.5336,0.3604453152,0
0.5338,0.3042180023,0
0.534,0.3451741245,0
0.5342,0.2634368242,0
0.5344,0.3334219279,0
0.5346,0.2702246214,0
0.5348,0.3074292886,0
0.535,0.2812227377,0
0.5352,0.2934392289,0
0.5354,0.2903390447,0
0.5356,0.2652180502,0
0.5358,0.2565227208,0
0.536,0.1902437721,0
0.5362,0.164580902,0
0.5364,0.2815047617,0
0.5366,0.2443098278,0
0.5368,0.15226417,0
0.537,0.2776540095,0
0.5372,0.1623483347,0
0.5374,0.2007910158,0
0.5376,0.1865884157,0
0.5378,0.1629554899,0
0.538,0.171803375,0
0.5382,0.08118692779,0
0.5384,0.1232164137,0
0.5386,0.1028691595,0
0.5388,0.1047667083,0
0.539,0.07840649473,0
0.5392,0.05169053853,0
0.5394,0.03603002003,0
0.5396,0.08848562076,0
0.5398,0.006933589611,0
0.54,0.04305514893,0
0.5402,0.03021825746,0
0.5404,-4.825508502e-05,0
0.5406,0.008441123124,0
0.5408,0.000837677735,0
0.541,-0.05445952005,0
0.5412,-0.03201422367,0
0.5414,0.01852884476,0
0.5416,-0.1126920828,0
0.5418,-0.09402982829,0
0.542,-0.1245894157,0
0.5422,-0.02637759793,0
0.5424,-0.1736289317,0
0.5426,-0.1288340281,0
0.5428,-0.1033998494,0
0.543,-0.1865777041,0
0.5432,-0.1683995672,0
0.5434,-0.2023617277,0
0.5436,-0.2382288272,0
0.5438,-0.1979777779,0
0.544,-0.1857204205,0
0.5442,-0.2314773127,0
0.5444,-0.2188822758,0
0.5446,-0.2077499034,0
0.5448,-0.1967450015,0
0.545,-0.3029819684,0
0.5452,-0.2380661695,0
0.5454,-0.2960394824,0
0.5456,-0.3549816565,0
0.5458,-0.3189222624,0
0.546,-0.2701488533,0
0.5462,-0.2911983505,0
0.5464,-0.3547791074,0
0.5466,-0.2539834246,0
0.5468,-0.3090835759,0
0.547,-0.3347187888,0
0.5472,-0.3602116062,0
0.5474,-0.3282515657,0
0.5476,-0.3666065803,0
0.5478,-0.311804593,0
0.548,-0.3504277429,0
0.5482,-0.3440611067,0
0.5484,-0.3863678579,0
0.5486,-0.4385343414,0
0.5488,-0.3637781169,0
0.549,-0.4302870664,0
0.5492,-0.399345191,0
0.5494,-0.4006939442,0
0.5496,-0.4362695196,0
0.5498,-0.3745879798,0
0.55,-0.4719645291,0
0.5502,-0.3604586887,0
0.5504,-0.4484394663,0
0.5506,-0.3914681505,0
0.5508,-0.3834051101,0
0.551,-0.4744581857,0
0.5512,-0.4746538877,0
0.5514,-0.4132346924,0
0.5516,-0.4487504057,0
0.5518,-0.4585592781,0
0.552,-0.5405493982,0
0.5522,-0.5391193656,0
0.5524,-0.4585442083,0
0.5526,-0.4292728327,0
0.5528,-0.5213461245,0
0.553,-0.534530251,0
0.5532,-0.4990165659,0
0.5534,-0.4964157938,0
0.5536,-0.5003585381,0
0.5538,-0.5484356894,0
0.554,-0.6168174885,0
0.5542,-0.4902556991,0
0.5544,-0.5772179052,0
0.5546,-0.5170467272,0
0.5548,-0.6561069703,0
0.555,-0.5724931859,0
0.5552,-0.6178147152,0
0.5554,-0.6521497717,0
0.5556,-0.5818622846,0
0.5558,-0.5809576593,0
0.556,-0.6678066305,0
0.5562,-0.631403644,0
0.5564,-0.7127985555,0
0.5566,-0.708021367,0
0.5568,-0.7069199072,0
0.557,-0.7250553257,0
0.5572,-0.7003110999,0
0.5574,-0.7883780244,0
0.5576,-0.717066836,0
0.5578,-0.7325286396,0
0.558,-0.7952500259,0
0.5582,-0.849584523,0
0.5584,-0.9131856845,0
0.5586,-0.8377091995,0
0.5588,-0.8802863348,0
0.559,-0.8646186501,0
0.5592,-0.9275666082,0
0.5594,-0.9026896884,0
0.5596,-0.9224611279,0
0.5598,-0.9368683722,0
0.56,-0.9433212196,0
0.5602,-0.9604214327,0
0.5604,-0.9508454179,0
0.5606,-1.037635849,0
0.5608,-0.9951947161,0
0.561,-1.03441549,0
0.5612,-1.074200482,0
0.5614,-1.113765774,0
0.5616,-1.032930903,0
0.5618,-1.097358619,0
0.562,-1.14309842,0
0.5622,-1.13520062,0
0.5624,-1.152926696,0
0.5626,-1.188414132,0
0.5628,-1.236416675,0
0.563,-1.189337276,0
0.5632,-1.214857784,0
0.5634,-1.231973549,0
0.5636,-1.19359438,0
0.5638,-1.29556553,0
0.564,-1.291721854,0
0.5642,-1.257178124,0
0.5644,-1.239323492,0
0.5646,-1.256028046,0
0.5648,-1.258482005,0
0.565,-1.380374234,0
0.5652,-1.278917595,0
0.5654,-1.286241682,0
0.5656,-1.278887195,0
0.5658,-1.335217606,0
0.566,-1.288910165,0
0.5662,-1.269367102,0
0.5664,-1.24433388,0
0.5666,-1.295440453,0
0.5668,-1.354498601,0
0.567,-1.295037731,0
0.5672,-1.265788139,0
0.5674,-1.263807117,0
0.5676,-1.20000481,0
0.5678,-1.273934156,0
0.568,-1.295293056,0
0.5682,-1.26797162,0
0.5684,-1.203352235,0
0.5686,-1.246189497,0
0.5688,-1.239604653,0
0.569,-1.214094383,0
0.5692,-1.114594113,0
0.5694,-1.133021574,0
0.5696,-1.134493474,0
0.5698,-1.065143025,0
0.57,-1.047817523,0
0.5702,-1.088527685,0
0.5704,-0.9909735516,0
0.5706,-0.9868060478,0
0.5708,-1.049363805,0
0.571,-0.9850465145,0
0.5712,-0.8970145256,0
0.5714,-0.8561832624,0
0.5716,-0.8537493712,0
0.5718,-0.8478326026,0
0.572,-0.7635513519,0
0.5722,-0.8097058975,0
0.5724,-0.6784927541,0
0.5726,-0.6686841558,0
0.5728,-0.6251922881,0
0.573,-0.6104700454,0
0.5732,-0.5118027254,0
0.5734,-0.5958522401,0
0.5736,-0.4965738992,0
0.5738,-0.3973372727,0
0.574,-0.4054020692,0
0.5742,-0.2767050891,0
0.5744,-0.2741443689,0
0.5746,-0.2771950251,0
0.5748,-0.1589081179,0
0.575,-0.1617841104,0
0.5752,-0.09037182478,0
0.5754,-0.09281844404,0
0.5756,-0.0471867571,0
0.5758,0.04964724901,1
0.576,0.07058079075,1
0.5762,0.0816462104,1
0.5764,0.1215761602,1
0.5766,0.2265874859,1
0.5768,0.3148255421,1
0.577,0.2561689233,1
0.5772,0.3598195051,1
0.5774,0.2613161256,1
0.5776,0.3641600427,1
0.5778,0.4878872144,1
0.578,0.5655806135,1
0.5782,0.5462813178,1
0.5784,0.6056723024,1
0.5786,0.6339393601,1
0.5788,0.702328561,1
0.579,0.6576245488,1
0.5792,0.7626528193,1
0.5794,0.7565461757,1
0.5796,0.7955144655,1
0.5798,0.8429365483,1
0.58,0.8681944847,1
0.5802,0.8780873868,1
0.5804,0.9293615079,1
0.5806,0.9319763153,1
0.5808,1.056610765,1
0.581,1.05330542,1
0.5812,1.035684235,1
0.5814,1.139987475,0
0.5816,1.151849562,0
0.5818,1.142948862,0
0.582,1.123909324,0
0.5822,1.175289745,0
0.5824,1.206481284,0
0.5826,1.256258138,0
0.5828,1.210390168,0
0.583,1.209985022,0
0.5832,1.336511446,0
0.5834,1.312997786,0
0.5836,1.281470777,0
0.5838,1.24240866,0
0.584,1.306405991,0
0.5842,1.338451289,0
0.5844,1.329954569,0
0.5846,1.337311318,0
0.5848,1.309853234,0
0.585,1.35531399,0
0.5852,1.287517507,0
0.5854,1.293853965,0
0.5856,1.290223785,0
0.5858,1.282138091,0
0.586,1.381337521,0
0.5862,1.232794541,0
0.5864,1.303694507,0
0.5866,1.248939453,0
0.5868,1.231363401,0
0.587,1.27629275,0
0.5872,1.201222341,0
0.5874,1.249679389,0
0.5876,1.333384193,0
0.5878,1.226716422,0
0.588,1.237107396,0
0.5882,1.17254841,0
0.5884,1.211885736,0
0.5886,1.119722099,0
0.5888,1.171822281,0
0.589,1.144175897,0
0.5892,1.219707942,0
0.5894,1.114305311,0
0.5896,1.087069075,0
0.5898,1.062654486,0
0.59,1.020428371,0
0.5902,1.08144053,0
0.5904,1.09118746,0
0.5906,1.001456982,0
0.5908,1.026893623,0
0.591,0.9669941344,0
0.5912,0.9793939732,0
0.5914,0.9639934587,0
0.5916,0.8712103933,0
0.5918,0.8798436039,0
0.592,0.9302573852,0
0.5922,0.7998873955,0
0.5924,0.8587426598,0
0.5926,0.8277426373,0
0.5928,0.7876497985,0
0.593,0.8099749353,0
0.5932,0.8038987748,0
0.5934,0.7970352388,0
0.5936,0.6550330373,0
0.5938,0.8112251198,0
0.594,0.7101850004,0
0.5942,0.7559395624,0
0.5944,0.695119848,0
0.5946,0.662718154,0
0.5948,0.6696322318,0
0.595,0.7853680619,0
0.5952,0.7084310699,0
0.5954,0.6196104396,0
0.5956,0.6303915366,0
0.5958,0.6544039033,0
0.596,0.6214691834,0
0.5962,0.5907246359,0
0.5964,0.5693237087,0
0.5966,0.5237052224,0
0.5968,0.5869250079,0
0.597,0.5915758125,0
0.5972,0.627657244,0
0.5974,0.5080491736,0
0.5976,0.5475486947,0
0.5978,0.5122705043,0
0.598,0.5561078253,0
0.5982,0.4945862113,0
0.5984,0.465559141,0
0.5986,0.4170929675,0
0.5988,0.5066620664,0
0.599,0.4781855115,0
0.5992,0.5105887397,0
0.5994,0.4377403192,0
0.5996,0.5577106044,0
0.5998,0.4201331259,0
0.6,0.463520425,0
0.6002,0.4542694806,0
0.6004,0.4765809696,0
0.6006,0.4206715065,0
0.6008,0.3855011035,0
0.601,0.3775705638,0
0.6012,0.4445631245,0
0.6014,0.4111013336,0
0.6016,0.4155468685,0
0.6018,0.364038506,0
0.602,0.3969752832,0
0.6022,0.3947853221,0
0.6024,0.4052791017,0
0.6026,0.3166179252,0
0.6028,0.3387275675,0
0.603,0.4327640394,0
0.6032,0.3418911474,0
0.6034,0.3480845526,0
0.6036,0.3291449406,0
0.6038,0.2786447744,0
0.604,0.2887019038,0
0.6042,0.3395501163,0
0.6044,0.290595501,0
0.6046,0.3910792327,0
0.6048,0.2423333682,0
0.605,0.2165801168,0
0.6052,0.2703518358,0
0.6054,0.2291447726,0
0.6056,0.3239879104,0
0.6058,0.2426849923,0
0.606,0.2710993357,0
0.6062,0.1841549169,0
0.6064,0.2575204358,0
0.6066,0.2463790292,0
0.6068,0.2600671743,0
0.607,0.2087117853,0
0.6072,0.2097925362,0
0.6074,0.18478838,0
0.6076,0.2038570343,0
0.6078,0.1389398679,0
0.608,0.1656030625,0
0.6082,0.1092424516,0
0.6084,0.1482935684,0
0.6086,0.09681831001,0
0.6088,0.06964073587,0
0.609,0.05609114116,0
0.6092,0.1295685749,0
0.6094,-0.004194885122,0
0.6096,-0.01386303405,0
0.6098,0.05818860485,0
0.61,-0.01991805515,0
0.6102,-0.01153828984,0
0.6104,-0.02545496755,0
0.6106,0.07265427593,0
0.6108,-0.05824392497,0
0.611,-0.07295894574,0
0.6112,-0.07233412431,0
0.6114,-0.06010693194,0
0.6116,-0.06186163872,0
0.6118,-0.1531433897,0
0.612,-0.08870609556,0
0.6122,-0.04056750445,0
0.6124,-0.2021928253,0
0.6126,-0.1194974792,0
0.6128,-0.1234223142,0
0.613,-0.1594887908,0
0.6132,-0.1847846022,0
0.6134,-0.2822252057,0
0.6136,-0.1508652113,0
0.6138,-0.2224522785,0
0.614,-0.2280996264,0
0.6142,-0.1808836276,0
0.6144,-0.3334784563,0
0.6146,-0.2522116733,0
0.6148,-0.2350045193,0
0.615,-0.2391458955,0
0.6152,-0.2524143827,0
0.6154,-0.2037666124,0
0.6156,-0.2823030587,0
0.6158,-0.2609513179,0
0.616,-0.2785836442,0
0.6162,-0.3762476906,0
0.6164,-0.3550184815,0
0.6166,-0.2480173557,0
0.6168,-0.3490422742,0
0.617,-0.3474346726,0
0.6172,-0.4038628561,0
0.6174,-0.3711156559,0
0.6176,-0.415956289,0
0.6178,-0.3936514403,0
0.618,-0.3528595642,0
0.6182,-0.4138235699,0
0.6184,-0.41062202,0
0.6186,-0.3378631274,0
0.6188,-0.3778299899,0
0.619,-0.3811991729,0
0.6192,-0.3672094284,0
0.6194,-0.4341575164,0
0.6196,-0.4328421923,0
0.6198,-0.504694787,0
0.62,-0.3981742711,0
0.6202,-0.4410156317,0
0.6204,-0.4381961119,0
0.6206,-0.4870171271,0
0.6208,-0.4241350899,0
0.621,-0.4295218097,0
0.6212,-0.4531375161,0
0.6214,-0.5299630986,0
0.6216,-0.5063039146,0
0.6218,-0.4804121733,0
0.622,-0.5191899936,0
0.6222,-0.4771986031,0
0.6224,-0.4596164931,0
0.6226,-0.5375855732,0
0.6228,-0.522448644,0
0.623,-0.5507652826,0
0.6232,-0.4906090047,0
0.6234,-0.5048438084,0
0.6236,-0.4434733327,0
0.6238,-0.5592648538,0
0.624,-0.6069120146,0
0.6242,-0.5635660078,0
0.6244,-0.6000503753,0
0.6246,-0.5943184444,0
0.6248,-0.5638316362,0
0.625,-0.6370159194,0
0.6252,-0.609155436,0
0.6254,-0.7355937539,0
0.6256,-0.6218615112,0
0.6258,-0.6724790727,0
0.626,-0.7014865701,0
0.6262,-0.7263686518,0
0.6264,-0.6645187532,0
0.6266,-0.7566271135,0
0.6268,-0.7011821195,0
0.627,-0.7880510366,0
0.6272,-0.7821051895,0
0.6274,-0.7862116753,0
0.6276,-0.7361841645,0
0.6278,-0.8241904035,0
0.628,-0.8419159791,0
0.6282,-0.8714787586,0
0.6284,-0.898448471,0
0.6286,-0.9283785434,0
0.6288,-0.8496286085,0
0.629,-0.881085167,0
0.6292,-0.985332919,0
0.6294,-0.9693588434,0
0.6296,-1.040788154,0
0.6298,-0.9739173608,0
0.63,-1.001819976,0
0.6302,-1.042381928,0
0.6304,-1.096564058,0
0.6306,-1.050794905,0
0.6308,-1.073621728,0
0.631,-1.122021065,0
0.6312,-1.101537388,0
0.6314,-1.200559645,0
0.6316,-1.186053788,0
0.6318,-1.214962683,0
0.632,-1.186608735,0
0.6322,-1.138106588,0
0.6324,-1.215894752,0
0.6326,-1.184676143,0
0.6328,-1.243014964,0
0.633,-1.268825345,0
0.6332,-1.222055628,0
0.6334,-1.250013931,0
0.6336,-1.223192001,0
0.6338,-1.248276979,0
0.634,-1.326046193,0
0.6342,-1.400731265,0
0.6344,-1.297552653,0
0.6346,-1.353225216,0
0.6348,-1.364528541,0
0.635,-1.368218159,0
0.6352,-1.334263646,0
0.6354,-1.315021812,0
0.6356,-1.303972705,0
0.6358,-1.218288494,0
0.636,-1.343156833,0
0.6362,-1.288361928,0
0.6364,-1.32964933,0
0.6366,-1.310292811,0
0.6368,-1.25705175,0
0.637,-1.230842692,0
0.6372,-1.285489094,0
0.6374,-1.173414557,0
0.6376,-1.240095196,0
0.6378,-1.146888531,0
0.638,-1.168255997,0
0.6382,-1.109496722,0
0.6384,-1.1012763,0
0.6386,-1.11224857,0
0.6388,-1.057167411,0
0.639,-1.104172852,0
0.6392,-1.075347707,0
0.6394,-1.009171373,0
0.6396,-0.910353887,0
0.6398,-0.9642284257,0
0.64,-0.9261884835,0
0.6402,-0.8023713124,0
0.6404,-0.8328261373,0
0.6406,-0.7990227648,0
0.6408,-0.8044905899,0
0.641,-0.7224880452,0
0.6412,-0.6626343105,0
0.6414,-0.6491379738,0
0.6416,-0.575981882,0
0.6418,-0.5522431895,0
0.642,-0.4814504837,0
0.6422,-0.4477433662,0
0.6424,-0.4428307915,0
0.6426,-0.3587963304,0
0.6428,-0.2769156902,0
0.643,-0.2920173531,0
0.6432,-0.3076237345,0
0.6434,-0.2054274497,0
0.6436,-0.1750128595,0
0.6438,-0.01712900309,0
0.644,-0.04417191966,0
0.6442,-0.07211252823,0
0.6444,0.01118804915,1
0.6446,0.1237310435,1
0.6448,0.06524816666,1
0.645,0.1383419842,1
0.6452,0.2041496268,1
0.6454,0.243972772,1
0.6456,0.2716472905,1
0.6458,0.345673045,1
0.646,0.3285841794,1
0.6462,0.405935511,1
0.6464,0.4486191492,1
0.6466,0.5033522518,1
0.6468,0.5455708883,1
0.647,0.5987887053,1
0.6472,0.6255419212,1
0.6474,0.6624562319,1
0.6476,0.7323991078,1
0.6478,0.7917899186,1
0.648,0.8311108921,1
0.6482,0.7823418474,1
0.6484,0.8730211415,1
0.6486,0.9265876253,1
0.6488,0.9184582175,1
0.649,0.9790292434,1
0.6492,0.9815294681,1
0.6494,1.034114248,1
0.6496,0.9855651759,1
0.6498,1.091042641,0
0.65,1.078097919,0
0.6502,1.091406375,0
0.6504,1.130910399,0
0.6506,1.203017384,0
0.6508,1.22059607,0
0.651,1.210717876,0
0.6512,1.251843116,0
0.6514,1.216104648,0
0.6516,1.196296501,0
0.6518,1.183770201,0
0.652,1.268046222,0
0.6522,1.272967356,0
0.6524,1.28843755,0
0.6526,1.296508875,0
0.6528,1.348015409,0
0.653,1.26664686,0
0.6532,1.275364613,0
0.6534,1.384580513,0
0.6536,1.339027374,0
0.6538,1.295349627,0
0.654,1.223846829,0
0.6542,1.268140068,0
0.6544,1.283429149,0
0.6546,1.289055405,0
0.6548,1.293552386,0
0.655,1.269409789,0
0.6552,1.315944398,0
0.6554,1.213280998,0
0.6556,1.239161031,0
0.6558,1.212284071,0
0.656,1.258545047,0
0.6562,1.222070254,0
0.6564,1.233249791,0
0.6566,1.190853906,0
0.6568,1.323295026,0
0.657,1.186948661,0
0.6572,1.112404184,0
0.6574,1.126209749,0
0.6576,1.093886215,0
0.6578,1.123388198,0
0.658,1.114727854,0
0.6582,1.073780204,0
0.6584,1.033612515,0
0.6586,0.9962350771,0
0.6588,1.069109609,0
0.659,1.03152276,0
0.6592,0.8514955808,0
0.6594,0.9531542544,0
0.6596,0.8986807792,0
0.6598,0.8990694327,0
0.66,0.9637630561,0
0.6602,0.8327606758,0
0.6604,0.8186730529,0
0.6606,0.9408698137,0
0.6608,0.8063211631,0
0.661,0.7987859069,0
0.6612,0.837105528,0
0.6614,0.7544165702,0
0.6616,0.7599919504,0
0.6618,0.7524596782,0
0.662,0.783399051,0
0.6622,0.6472049216,0
0.6624,0.6636515034,0
0.6626,0.6774230546,0
0.6628,0.7049421401,0
0.663,0.6291998441,0
0.6632,0.6601795207,0
0.6634,0.6083442969,0
0.6636,0.6007269324,0
0.6638,0.6555325027,0
0.664,0.5836048049,0
0.6642,0.7003992891,0
0.6644,0.5856209975,0
0.6646,0.606012187,0
0.6648,0.5807934155,0
0.665,0.4794015319,0
0.6652,0.4709468797,0
0.6654,0.5433294607,0
0.6656,0.4712559565,0
0.6658,0.4855691765,0
0.666,0.4863320869,0
0.6662,0.4557410333,0
0.6664,0.5326674485,0
0.6666,0.5096888891,0
0.6668,0.4789604095,0
0.667,0.4880919106,0
0.6672,0.4232541881,0
0.6674,0.4885763145,0
0.6676,0.413811955,0
0.6678,0.5046569793,0
0.668,0.4100044638,0
0.6682,0.4091254058,0
0.6684,0.4725785896,0
0.6686,0.4466834466,0
0.6688,0.377270325,0
0.669,0.4343729076,0
0.6692,0.4049358779,0
0.6694,0.4003962486,0
0.6696,0.4191055234,0
0.6698,0.4135756519,0
0.67,0.4241444233,0
0.6702,0.397041492,0
0.6704,0.3850257996,0
0.6706,0.3619603483,0
0.6708,0.4197516643,0
0.671,0.3223977299,0
0.6712,0.4235396305,0
0.6714,0.4276505935,0
0.6716,0.4201495999,0
0.6718,0.3206907021,0
0.672,0.4029745293,0
0.6722,0.357033067,0
0.6724,0.3460299188,0
0.6726,0.4266610358,0
0.6728,0.2943302136,0
0.673,0.3005517634,0
0.6732,0.2182679164,0
0.6734,0.1703334715,0
0.6736,0.2611589917,0
0.6738,0.2568907723,0
0.674,0.2577570378,0
0.6742,0.2312397992,0
0.6744,0.1286583295,0
0.6746,0.2123623273,0
0.6748,0.2310539388,0
0.675,0.237580483,0
0.6752,0.1249962309,0
0.6754,0.1153406303,0
0.6756,0.1110982085,0
0.6758,0.1009725121,0
0.676,0.04919588254,0
0.6762,0.07399273894,0
0.6764,0.1519719501,0
0.6766,0.03324255031,0
0.6768,-0.01223695061,0
0.677,0.03840308281,0
0.6772,0.01601787547,0
0.6774,0.05023847697,0
0.6776,-0.01998526934,0
0.6778,-0.01078275245,0
0.678,-0.05044299063,0
0.6782,-0.06904091444,0
0.6784,-0.02847402463,0
0.6786,-0.05153876066,0
0.6788,-0.07166877313,0
0.679,-0.06174210384,0
0.6792,-0.1284223244,0
0.6794,-0.1072816854,0
0.6796,-0.1124440317,0
0.6798,-0.08568825392,0
0.68,-0.2210933688,0
0.6802,-0.1714292761,0
0.6804,-0.1511776313,0
0.6806,-0.2039146394,0
0.6808,-0.1884926809,0
0.681,-0.1757893713,0
0.6812,-0.1949447396,0
0.6814,-0.293901846,0
0.6816,-0.2834756574,0
0.6818,-0.3583402743,0
0.682,-0.2288572419,0
0.6822,-0.25609363,0
0.6824,-0.2198341999,0
0.6826,-0.2806776789,0
0.6828,-0.3372911589,0
0.683,-0.2568510411,0
0.6832,-0.3608947248,0
0.6834,-0.3159571598,0
0.6836,-0.3317502256,0
0.6838,-0.2996328532,0
0.684,-0.3013682607,0
0.6842,-0.3617406433,0
0.6844,-0.3807792116,0
0.6846,-0.3598096799,0
0.6848,-0.3872436008,0
0.685,-0.3319533523,0
0.6852,-0.3608248025,0
0.6854,-0.3257619205,0
0.6856,-0.2825856652,0
0.6858,-0.4276043816,0
0.686,-0.4224333753,0
0.6862,-0.3844122697,0
0.6864,-0.3928007722,0
0.6866,-0.4281242966,0
0.6868,-0.4884389531,0
0.687,-0.322693737,0
0.6872,-0.4268140442,0
0.6874,-0.4825928678,0
0.6876,-0.537634559,0
0.6878,-0.3904803497,0
0.688,-0.4393366197,0
0.6882,-0.4584015182,0
0.6884,-0.5064664847,0
0.6886,-0.4752270589,0
0.6888,-0.4933161693,0
0.689,-0.5849890024,0
0.6892,-0.3839673879,0
0.6894,-0.4813634538,0
0.6896,-0.5205992353,0
0.6898,-0.5537918507,0
0.69,-0.54766685,0
0.6902,-0.4344863005,0
0.6904,-0.5253773501,0
0.6906,-0.6046145181,0
0.6908,-0.5249628923,0
0.691,-0.5511762099,0
0.6912,-0.5608352439,0
0.6914,-0.5986331407,0
0.6916,-0.6118457745,0
0.6918,-0.6085165266,0
0.692,-0.6382122206,0
0.6922,-0.6996623511,0
0.6924,-0.6966200317,0
0.6926,-0.6697937215,0
0.6928,-0.7490079903,0
0.693,-0.7046600374,0
0.6932,-0.7272169243,0
0.6934,-0.7003635358,0
0.6936,-0.7393521551,0
0.6938,-0.7741965193,0
0.694,-0.7907599831,0
0.6942,-0.7783613904,0
0.6944,-0.7751879673,0
0.6946,-0.8738886473,0
0.6948,-0.9102286749,0
0.695,-0.8964752474,0
0.6952,-0.9777960356,0
0.6954,-0.9346305314,0
0.6956,-0.8877770186,0
0.6958,-0.9003420598,0
0.696,-0.8965021793,0
0.6962,-0.9744159548,0
0.6964,-0.9893574496,0
0.6966,-1.037987172,0
0.6968,-1.053559337,0
0.697,-1.039017644,0
0.6972,-1.031827957,0
0.6974,-1.068989345,0
0.6976,-1.185564041,0
0.6978,-1.100737461,0
0.698,-1.137224422,0
0.6982,-1.177408304,0
0.6984,-1.163474872,0
0.6986,-1.147994194,0
0.6988,-1.193047256,0
0.699,-1.241804256,0
0.6992,-1.090355034,0
0.6994,-1.263527409,0
0.6996,-1.230812309,0
0.6998,-1.209358034,0
0.7,-1.304763927,0
0.7002,-1.256591951,0
0.7004,-1.320862208,0
0.7006,-1.30408524,0
0.7008,-1.329673551,0
0.701,-1.23252935,0
0.7012,-1.362521598,0
0.7014,-1.288328528,0
0.7016,-1.308639953,0
0.7018,-1.389764516,0
0.702,-1.238149406,0
0.7022,-1.328112844,0
0.7024,-1.311375191,0
0.7026,-1.286343401,0
0.7028,-1.324569605,0
0.703,-1.310704524,0
0.7032,-1.270922476,0
0.7034,-1.293467196,0
0.7036,-1.241092521,0
0.7038,-1.179540831,0
0.704,-1.255718866,0
0.7042,-1.261328398,0
0.7044,-1.183944455,0
0.7046,-1.142106603,0
0.7048,-1.109495427,0
0.705,-1.15750496,0
0.7052,-1.183616493,0
0.7054,-1.02708005,0
0.7056,-1.006291741,0
0.7058,-0.9451704572,0
0.706,-1.014784413,0
0.7062,-0.9216237263,0
0.7064,-0.8708626887,0
0.7066,-0.9514021231,0
0.7068,-0.7994574725,0
0.707,-0.7478781854,0
0.7072,-0.74446027,0
0.7074,-0.7073861766,0
0.7076,-0.6594543624,0
0.7078,-0.659037272,0
0.708,-0.6647517927,0
0.7082,-0.6014999433,0
0.7084,-0.5280553262,0
0.7086,-0.5108852043,0
0.7088,-0.3906335776,0
0.709,-0.4028333758,0
0.7092,-0.3448751041,0
0.7094,-0.3649675843,0
0.7096,-0.2308456396,0
0.7098,-0.2277308805,0
0.71,-0.09106761807,0
0.7102,-0.1730797004,0
0.7104,-0.04276706129,0
0.7106,-0.0239559465,0
0.7108,0.02592398517,1
0.711,0.1569753761,1
0.7112,0.1750727233,1
0.7114,0.1501268326,1
0.7116,0.2878518248,1
0.7118,0.2528070574,1
0.712,0.3577099566,1
0.7122,0.3022993022,1
0.7124,0.4047944829,1
0.7126,0.4512244885,1
0.7128,0.4940963012,1
0.713,0.4871967321,1
0.7132,0.5178272033,1
0.7134,0.6352947107,1
0.7136,0.7014573643,1
0.7138,0.7186377499,1
0.714,0.7427347161,1
0.7142,0.734040275,1
0.7144,0.8206110836,1
0.7146,0.8448492021,1
0.7148,0.8729009704,1
0.715,0.9421710351,1
0.7152,0.9740007393,1
0.7154,1.013853849,1
0.7156,1.016817739,1
0.7158,1.021647138,1
0.716,1.073662095,0
0.7162,1.09421803,0
0.7164,1.064540414,0
0.7166,1.138525354,0
0.7168,1.106638675,0
0.717,1.113358049,0
0.7172,1.177132549,0
0.7174,1.200570705,0
0.7176,1.268943712,0
0.7178,1.241906882,0
0.718,1.287255594,0
0.7182,1.334113775,0
0.7184,1.289956832,0
0.7186,1.307721084,0
0.7188,1.270771222,0
0.719,1.335849339,0
0.7192,1.308451709,0
0.7194,1.3105107,0
0.7196,1.26320387,0
0.7198,1.270035742,0
0.72,1.27843915,0
0.7202,1.306200395,0
0.7204,1.341158071,0
0.7206,1.23120948,0
0.7208,1.270386528,0
0.721,1.264763361,0
0.7212,1.359403615,0
0.7214,1.250397303,0
0.7216,1.226115922,0
0.7218,1.265759406,0
0.722,1.17904213,0
0.7222,1.231818749,0
0.7224,1.129125921,0
0.7226,1.262430309,0
0.7228,1.164344729,0
0.723,1.133159497,0
0.7232,1.081289473,0
0.7234,1.11095867,0
0.7236,1.103051445,0
0.7238,1.052846656,0
0.724,1.111823227,0
0.7242,1.032741224,0
0.7244,1.031199062,0
0.7246,1.020225098,0
0.7248,1.044540951,0
0.725,0.9560155476,0
0.7252,0.9552765084,0
0.7254,0.9454005704,0
0.7256,0.9394149697,0
0.7258,0.8227650604,0
0.726,0.9236598523,0
0.7262,0.8543711166,0
0.7264,0.8121700503,0
0.7266,0.8218861868,0
0.7268,0.728504699,0
0.727,0.7572813012,0
0.7272,0.7784179698,0
0.7274,0.8085298255,0
0.7276,0.7344676188,0
0.7278,0.7376014837,0
0.728,0.6943747197,0
0.7282,0.7254247277,0
0.7284,0.6601895547,0
0.7286,0.6802620374,0
0.7288,0.6345359177,0
0.729,0.595766496,0
0.7292,0.5817551822,0
0.7294,0.5831542446,0
0.7296,0.6433124391,0
0.7298,0.7130143351,0
0.73,0.5660667401,0
0.7302,0.5338734383,0
0.7304,0.5744098865,0
0.7306,0.5628229209,0
0.7308,0.5125964324,0
0.731,0.6016560961,0
0.7312,0.5511984926,0
0.7314,0.5456521167,0
0.7316,0.5025658236,0
0.7318,0.4976141865,0
0.732,0.5240854983,0
0.7322,0.4223623706,0
0.7324,0.4391217816,0
0.7326,0.4684380281,0
0.7328,0.4000003971,0
0.733,0.5183398785,0
0.7332,0.4217048906,0
0.7334,0.4237010745,0
0.7336,0.448232684,0
0.7338,0.4900782217,0
0.734,0.4225180302,0
0.7342,0.388069789,0
0.7344,0.376026253,0
0.7346,0.417277121,0
0.7348,0.3793225738,0
0.735,0.4920176333,0
0.7352,0.4418181711,0
0.7354,0.259019663,0
0.7356,0.342797584,0
0.7358,0.3881871598,0
0.736,0.4605593018,0
0.7362,0.2809210002,0
0.7364,0.3375133536,0
0.7366,0.396761379,0
0.7368,0.3139087716,0
0.737,0.3373589029,0
0.7372,0.3070837209,0
0.7374,0.3463015264,0
0.7376,0.2675321304,0
0.7378,0.3042000841,0
0.738,0.2365676243,0
0.7382,0.3250547366,0
0.7384,0.3010832798,0
0.7386,0.2660175274,0
0.7388,0.2592576524,0
0.739,0.2488788232,0
0.7392,0.2227209873,0
0.7394,0.2331942784,0
0.7396,0.2307229117,0
0.7398,0.2021517862,0
0.74,0.1697079261,0
0.7402,0.1655535441,0
0.7404,0.1515520356,0
0.7406,0.1759001387,0
0.7408,0.151530203,0
0.741,0.2116781434,0
0.7412,0.113044747,0
0.7414,0.1100307142,0
0.7416,0.06872339196,0
0.7418,0.08467925367,0
0.742,0.04946078846,0
0.7422,0.01939551284,0
0.7424,0.0466542754,0
0.7426,0.09021162209,0
0.7428,-0.0217287169,0
0.743,-0.02686264923,0
0.7432,-0.01608929101,0
0.7434,-0.01804181635,0
0.7436,0.01019193175,0
0.7438,-0.0813173743,0
0.744,-0.07449786101,0
0.7442,-0.1141905804,0
0.7444,-0.1307187741,0
0.7446,-0.1278125052,0
0.7448,-0.1665516627,0
0.745,-0.1169079313,0
0.7452,-0.1053624808,0
0.7454,-0.1805660929,0
0.7456,-0.2002442283,0
0.7458,-0.1311906735,0
0.746,-0.2044457309,0
0.7462,-0.1478964184,0
0.7464,-0.3342866646,0
0.7466,-0.2360277669,0
0.7468,-0.2807201291,0
0.747,-0.2716687176,0
0.7472,-0.2280716338,0
0.7474,-0.2267765744,0
0.7476,-0.2863896869,0
0.7478,-0.2510860812,0
0.748,-0.3421591933,0
0.7482,-0.2950027463,0
0.7484,-0.320258273,0
0.7486,-0.3900402571,0
0.7488,-0.2935744802,0
0.749,-0.3639337067,0
0.7492,-0.3268679729,0
0.7494,-0.3816777987,0
0.7496,-0.3507110967,0
0.7498,-0.3396272587,0
0.75,-0.3705269415,0
0.7502,-0.3955839623,0
0.7504,-0.3581997302,0
0.7506,-0.3797166384,0
0.7508,-0.4106496328,0
0.751,-0.3976610539,0
0.7512,-0.4081759663,0
0.7514,-0.4239881956,0
0.7516,-0.3797344386,0
0.7518,-0.3517114226,0
0.752,-0.4471447441,0
0.7522,-0.4369720823,0
0.7524,-0.475444509,0
0.7526,-0.4968188809,0
0.7528,-0.4040853024,0
0.753,-0.4823064639,0
0.7532,-0.4481041234,0
0.7534,-0.5223013978,0
0.7536,-0.500328981,0
0.7538,-0.4627949566,0
0.754,-0.4699564132,0
0.7542,-0.4871005206,0
0.7544,-0.487994283,0
0.7546,-0.5038414146,0
0.7548,-0.4809946271,0
0.755,-0.4621341089,0
0.7552,-0.5168833685,0
0.7554,-0.5536786375,0
0.7556,-0.6005210404,0
0.7558,-0.5895297368,0
0.756,-0.594151588,0
0.7562,-0.5351928147,0
0.7564,-0.6667109451,0
0.7566,-0.6491887604,0
0.7568,-0.6715415721,0
0.757,-0.6091635567,0
0.7572,-0.6855549628,0
0.7574,-0.7455656249,0
0.7576,-0.7691996057,0
0.7578,-0.6900719859,0
0.758,-0.7834756233,0
0.7582,-0.6903923355,0
0.7584,-0.7084636092,0
0.7586,-0.8133043246,0
0.7588,-0.7988772687,0
0.759,-0.8021313987,0
0.7592,-0.8807121446,0
0.7594,-0.8886264845,0
0.7596,-0.8831365302,0
0.7598,-0.8780210776,0
0.76,-0.8844852665,0
0.7602,-0.9896033439,0
0.7604,-0.92405869,0
0.7606,-0.9574564682,0
0.7608,-0.9826658885,0
0.761,-1.009683002,0
0.7612,-0.9692529242,0
0.7614,-0.9668600896,0
0.7616,-1.066457126,0
0.7618,-1.073558826,0
0.762,-1.148546,0
0.7622,-1.119156568,0
0.7624,-1.093145753,0
0.7626,-1.141836114,0
0.7628,-1.140170836,0
0.763,-1.17490993,0
0.7632,-1.182032784,0
0.7634,-1.174110386,0
0.7636,-1.184226727,0
0.7638,-1.305997718,0
0.764,-1.249226868,0
0.7642,-1.36852303,0
0.7644,-1.262294287,0
0.7646,-1.294395736,0
0.7648,-1.304996066,0
0.765,-1.226564445,0
0.7652,-1.281125435,0
0.7654,-1.255549951,0
0.7656,-1.279848159,0
0.7658,-1.240378424,0
0.766,-1.319169657,0
0.7662,-1.31976069,0
0.7664,-1.312184031,0
0.7666,-1.208095557,0
0.7668,-1.319509187,0
0.767,-1.29560787,0
0.7672,-1.234815538,0
0.7674,-1.244471594,0
0.7676,-1.29130073,0
0.7678,-1.190241644,0
0.768,-1.227753173,0
0.7682,-1.174507754,0
0.7684,-1.192002932,0
0.7686,-1.167382646,0
0.7688,-1.208891117,0
0.769,-1.10159209,0
0.7692,-1.16393215,0
0.7694,-1.108839135,0
0.7696,-1.042911022,0
0.7698,-1.072947736,0
0.77,-1.026073888,0
0.7702,-1.000529575,0
0.7704,-0.9631658756,0
0.7706,-0.9129924386,0
0.7708,-0.96233168,0
0.771,-0.8878470596,0
0.7712,-0.7474511138,0
0.7714,-0.8701649173,0
0.7716,-0.7782532727,0
0.7718,-0.6804582895,0
0.772,-0.7445742168,0
0.7722,-0.6629146978,0
0.7724,-0.617130617,0
0.7726,-0.4779376845,0
0.7728,-0.5301793614,0
0.773,-0.4241793417,0
0.7732,-0.4279835021,0
0.7734,-0.3550650594,0
0.7736,-0.3529329932,0
0.7738,-0.3181131997,0
0.774,-0.2292394699,0
0.7742,-0.2164478798,0
0.7744,-0.1190999433,0
0.7746,-0.05777073184,0
0.7748,0.003492866006,0
0.775,0.09789488591,1
0.7752,0.1431575745,1
0.7754,0.0917413438,1
0.7756,0.1551836809,1
0.7758,0.3017365778,1
0.776,0.2805788073,1
0.7762,0.3155122416,1
0.7764,0.4214500782,1
0.7766,0.4006980914,1
0.7768,0.5094462044,1
0.777,0.5057117105,1
0.7772,0.614464589,1
0.7774,0.6008804023,1
0.7776,0.6825767586,1
0.7778,0.7342386211,1
0.778,0.7975559787,1
0.7782,0.7409954712,1
0.7784,0.7962780681,1
0.7786,0.7924938727,1
0.7788,0.8165408515,1
0.779,0.9005470734,1
0.7792,0.960435013,1
0.7794,1.036405864,1
0.7796,1.000434512,1
0.7798,1.122848626,1
0.78,1.081540282,0
0.7802,1.135826613,0
0.7804,1.115129746,0
0.7806,1.098294126,0
0.7808,1.233625824,0
0.781,1.178733312,0
0.7812,1.253323713,0
0.7814,1.210949906,0
0.7816,1.264517646,0
0.7818,1.248388052,0
0.782,1.253034874,0
0.7822,1.271499154,0
0.7824,1.313760153,0
0.7826,1.245609437,0
0.7828,1.260928699,0
0.783,1.343679318,0
0.7832,1.277925885,0
0.7834,1.316191683,0
0.7836,1.255024945,0
0.7838,1.299081512,0
0.784,1.349101011,0
0.7842,1.304641292,0
0.7844,1.30447779,0
0.7846,1.274071481,0
0.7848,1.286262905,0
0.785,1.202379809,0
0.7852,1.198605084,0
0.7854,1.269691507,0
0.7856,1.1709638,0
0.7858,1.281371589,0
0.786,1.249633554,0
0.7862,1.153349036,0
0.7864,1.09921632,0
0.7866,1.074015289,0
0.7868,1.167058896,0
0.787,1.134102068,0
0.7872,1.174498526,0
0.7874,1.121682525,0
0.7876,1.147023401,0
0.7878,1.101226122,0
0.788,1.009508547,0
0.7882,1.020905298,0
0.7884,0.9752836434,0
0.7886,0.9771099542,0
0.7888,0.9496466794,0
0.789,0.9415211198,0
0.7892,0.9857186788,0
0.7894,0.8898724049,0
0.7896,0.8448696036,0
0.7898,0.8482759776,0
0.79,0.8355064004,0
0.7902,0.8125938924,0
0.7904,0.8106861588,0
0.7906,0.7820791285,0
0.7908,0.8260377748,0
0.791,0.8005335227,0
0.7912,0.7163919976,0
0.7914,0.7696124701,0
0.7916,0.7699670545,0
0.7918,0.6982672992,0
0.792,0.6489128904,0
0.7922,0.6851715075,0
0.7924,0.6500677724,0
0.7926,0.6527248145,0
0.7928,0.5832474707,0
0.793,0.6965776945,0
0.7932,0.592248174,0
0.7934,0.6092789689,0
0.7936,0.5526637751,0
0.7938,0.5716177126,0
0.794,0.4630035685,0
0.7942,0.4924848716,0
0.7944,0.4359000457,0
0.7946,0.5650505987,0
0.7948,0.4610448146,0
0.795,0.4457339688,0
0.7952,0.5450790954,0
0.7954,0.4725238193,0
0.7956,0.4780489733,0
0.7958,0.5205467226,0
0.796,0.4903415331,0
0.7962,0.476609651,0
0.7964,0.4839055796,0
0.7966,0.3735470377,0
0.7968,0.4972346509,0
0.797,0.4927923043,0
0.7972,0.5078413971,0
0.7974,0.3443328738,0
0.7976,0.3885812381,0
0.7978,0.3945378168,0
0.798,0.4797910938,0
0.7982,0.4286117857,0
0.7984,0.4713739226,0
0.7986,0.4127897582,0
0.7988,0.3633049761,0
0.799,0.3310791785,0
0.7992,0.3541950027,0
0.7994,0.4268213136,0
0.7996,0.3303501488,0
0.7998,0.2866082131,0
0.8,0.3623018704,0
0.8002,0.3988805849,0
0.8004,0.434167256,0
0.8006,0.3791696919,0
0.8008,0.360071191,0
0.801,0.2415809663,0
0.8012,0.2895147894,0
0.8014,0.2807221389,0
0.8016,0.2922137244,0
0.8018,0.2400915228,0
0.802,0.2993714331,0
0.8022,0.3077631677,0
0.8024,0.2516020542,0
0.8026,0.224882488,0
0.8028,0.2331364969,0
0.803,0.2294633941,0
0.8032,0.2344367525,0
0.8034,0.1562873935,0
0.8036,0.2365720061,0
0.8038,0.1676303745,0
0.804,0.1466086141,0
0.8042,0.1683895545,0
0.8044,0.0996015202,0
0.8046,0.1494539397,0
0.8048,0.1868633361,0
0.805,0.1047110927,0
0.8052,0.08171808815,0
0.8054,0.04046333475,0
0.8056,0.1054797197,0
0.8058,0.07695245561,0
0.806,-0.04322871663,0
0.8062,0.04231306051,0
0.8064,-0.03771296459,0
0.8066,-0.07228130937,0
0.8068,-0.04218894408,0
0.807,-0.07988043506,0
0.8072,-0.02070570419,0
0.8074,-0.1316480249,0
0.8076,-0.1464689381,0
0.8078,-0.1463404145,0
0.808,-0.1273742319,0
0.8082,-0.1112671316,0
0.8084,-0.1915485909,0
0.8086,-0.1897004899,0
0.8088,-0.2360672671,0
0.809,-0.1934198557,0
0.8092,-0.2384698807,0
0.8094,-0.1222787046,0
0.8096,-0.1435039204,0
0.8098,-0.2690949613,0
0.81,-0.2370915355,0
0.8102,-0.2363022377,0
0.8104,-0.2851774461,0
0.8106,-0.288865309,0
0.8108,-0.2571404558,0
0.811,-0.3028598255,0
0.8112,-0.3129811117,0
0.8114,-0.3107567268,0
0.8116,-0.268401976,0
0.8118,-0.3362991312,0
0.812,-0.318065846,0
0.8122,-0.3314678788,0
0.8124,-0.3195996291,0
0.8126,-0.3629245043,0
0.8128,-0.381548418,0
0.813,-0.3959055343,0
0.8132,-0.3651631117,0
0.8134,-0.3752325893,0
0.8136,-0.397090203,0
0.8138,-0.3837879716,0
0.814,-0.3038076086,0
0.8142,-0.3725848495,0
0.8144,-0.4831886837,0
0.8146,-0.3632880624,0
0.8148,-0.4152671193,0
0.815,-0.46733863,0
0.8152,-0.378621501,0
0.8154,-0.4413712251,0
0.8156,-0.4034338466,0
0.8158,-0.4747525327,0
0.816,-0.4141785525,0
0.8162,-0.4742037973,0
0.8164,-0.4313216567,0
0.8166,-0.4437948238,0
0.8168,-0.5298827244,0
0.817,-0.4766324156,0
0.8172,-0.4804103111,0
0.8174,-0.5098547743,0
0.8176,-0.5873510072,0
0.8178,-0.5138773147,0
0.818,-0.547350761,0
0.8182,-0.4966057082,0
0.8184,-0.5973378019,0
0.8186,-0.5262480066,0
0.8188,-0.5713538213,0
0.819,-0.4868597425,0
0.8192,-0.6411381618,0
0.8194,-0.5753344712,0
0.8196,-0.648210219,0
0.8198,-0.6785222621,0
0.82,-0.611769558,0
0.8202,-0.6454128881,0
0.8204,-0.6428150434,0
0.8206,-0.7648326269,0
0.8208,-0.7645459477,0
0.821,-0.7096348541,0
0.8212,-0.7840872852,0
0.8214,-0.7147862999,0
0.8216,-0.7186530885,0
0.8218,-0.8086064967,0
0.822,-0.8206148808,0
0.8222,-0.8395674233,0
0.8224,-0.8713564037,0
0.8226,-0.8804262792,0
0.8228,-0.9076927093,0
0.823,-0.9008508349,0
0.8232,-0.9510104488,0
0.8234,-0.9782716326,0
0.8236,-0.9891795289,0
0.8238,-1.021379479,0
0.824,-1.019727972,0
0.8242,-1.014399236,0
0.8244,-0.9729812508,0
0.8246,-1.139377357,0
0.8248,-1.148030184,0
0.825,-1.113951454,0
0.8252,-1.127824947,0
0.8254,-1.148261522,0
0.8256,-1.088399787,0
0.8258,-1.252528097,0
0.826,-1.201235111,0
0.8262,-1.260733462,0
0.8264,-1.235934552,0
0.8266,-1.216393779,0
0.8268,-1.306961219,0
0.827,-1.219530352,0
0.8272,-1.304560008,0
0.8274,-1.321793013,0
0.8276,-1.353713522,0
0.8278,-1.322692249,0
0.828,-1.329964847,0
0.8282,-1.271435006,0
0.8284,-1.370007636,0
0.8286,-1.300579427,0
0.8288,-1.275602316,0
0.829,-1.318023936,0
0.8292,-1.274402831,0
0.8294,-1.328527274,0
0.8296,-1.278343692,0
0.8298,-1.30078372,0
0.83,-1.191986166,0
0.8302,-1.278980271,0
0.8304,-1.2672332,0
0.8306,-1.225089686,0
0.8308,-1.24671426,0
0.831,-1.216045682,0
0.8312,-1.175642778,0
0.8314,-1.133477577,0
0.8316,-1.169967887,0
0.8318,-1.1197027,0
0.832,-1.103335184,0
0.8322,-1.041336141,0
0.8324,-1.007541161,0
0.8326,-0.9938344736,0
0.8328,-0.9674000288,0
0.833,-0.872927392,0
0.8332,-0.9445855869,0
0.8334,-0.807891844,0
0.8336,-0.814162698,0
0.8338,-0.85800209,0
0.834,-0.7512196745,0
0.8342,-0.7714869539,0
0.8344,-0.6771959165,0
0.8346,-0.7096943501,0
0.8348,-0.554599463,0
0.835,-0.5696315818,0
0.8352,-0.4253903255,0
0.8354,-0.4730045681,0
0.8356,-0.3937036059,0
0.8358,-0.4013814087,0
0.836,-0.302829391,0
0.8362,-0.2460453036,0
0.8364,-0.1772276667,0
0.8366,-0.04799672728,0
0.8368,-0.03001930649,0
0.837,-0.01349165721,0
0.8372,-0.00668900168,1
0.8374,0.04616279236,1
0.8376,0.09631864189,1
0.8378,0.1254042074,1
0.838,0.2370729508,1
0.8382,0.2583098078,1
0.8384,0.3315603275,1
0.8386,0.3499396654,1
0.8388,0.4235599517,1
0.839,0.5271385157,1
0.8392,0.5182548253,1
0.8394,0.5878375274,1
0.8396,0.5625491332,1
0.8398,0.6352636212,1
0.84,0.669689952,1
0.8402,0.747518443,1
0.8404,0.780714321,1
0.8406,0.7821236696,1
0.8408,0.8620246497,1
0.841,0.8905674284,1
0.8412,0.8591784156,1
0.8414,0.9553796107,1
0.8416,1.037375002,1
0.8418,0.9860949702,1
0.842,1.095535557,1
0.8422,1.108382451,0
0.8424,1.1143686,0
0.8426,1.15068882,0
0.8428,1.124425348,0
0.843,1.206883748,0
0.8432,1.142121126,0
0.8434,1.172719534,0
0.8436,1.256151366,0
0.8438,1.205750308,0
0.844,1.343803585,0
0.8442,1.288904874,0
0.8444,1.321919957,0
0.8446,1.333097071,0
0.8448,1.285591667,0
0.845,1.307727392,0
0.8452,1.32952108,0
0.8454,1.313064337,0
0.8456,1.376639898,0
0.8458,1.354287439,0
0.846,1.3195908,0
0.8462,1.357998989,0
0.8464,1.305328373,0
0.8466,1.327402313,0
0.8468,1.295372587,0
0.847,1.269532575,0
0.8472,1.232881672,0
0.8474,1.230795278,0
0.8476,1.249614092,0
0.8478,1.251761192,0
0.848,1.135494757,0
0.8482,1.189648813,0
0.8484,1.213840738,0
0.8486,1.168018333,0
0.8488,1.113393231,0
0.849,1.099590462,0
0.8492,1.18949379,0
0.8494,1.039978699,0
0.8496,1.071581593,0
0.8498,1.09877113,0
0.85,0.9663869931,0
0.8502,1.053499943,0
0.8504,0.9445108427,0
0.8506,1.027073191,0
0.8508,1.073298051,0
0.851,0.8966006803,0
0.8512,0.9239526466,0
0.8514,0.9214510671,0
0.8516,0.8641776742,0
0.8518,0.8892464038,0
0.852,0.8195037602,0
0.8522,0.8062532591,0
0.8524,0.7773700817,0
0.8526,0.7894409492,0
0.8528,0.7923104329,0
0.853,0.7944663054,0
0.8532,0.7338416795,0
0.8534,0.6783875823,0
0.8536,0.6854042405,0
0.8538,0.668097858,0
0.854,0.6575203387,0
0.8542,0.6814536099,0
0.8544,0.6379878557,0
0.8546,0.6332552973,0
0.8548,0.6180260702,0
0.855,0.5993491672,0
0.8552,0.5715424818,0
0.8554,0.6076228111,0
0.8556,0.5633626379,0
0.8558,0.5514230859,0
0.856,0.5005309663,0
0.8562,0.5071139799,0
0.8564,0.5016600102,0
0.8566,0.5391385077,0
0.8568,0.4374572335,0
0.857,0.5283656743,0
0.8572,0.4960070709,0
0.8574,0.4549245374,0
0.8576,0.441911141,0
0.8578,0.4892525702,0
0.858,0.4707002217,0
0.8582,0.3763025274,0
0.8584,0.4216012516,0
0.8586,0.4063782599,0
0.8588,0.4341412487,0
0.859,0.4056578195,0
0.8592,0.4436326248,0
0.8594,0.3986420675,0
0.8596,0.4027243258,0
0.8598,0.4576292106,0
0.86,0.3926050866,0
0.8602,0.3764370172,0
0.8604,0.3918699395,0
0.8606,0.3323799511,0
0.8608,0.3141967958,0
0.861,0.3703944523,0
0.8612,0.3413662132,0
0.8614,0.3009437017,0
0.8616,0.3879535352,0
0.8618,0.370980062,0
0.862,0.3449393886,0
0.8622,0.3067920211,0
0.8624,0.3119763728,0
0.8626,0.2884848313,0
0.8628,0.3370576893,0
0.863,0.2361183565,0
0.8632,0.2950243382,0
0.8634,0.2751243865,0
0.8636,0.2190992416,0
0.8638,0.2786717255,0
0.864,0.2296052389,0
0.8642,0.3068925024,0
0.8644,0.2676993419,0
0.8646,0.2068288308,0
0.8648,0.1819996933,0
0.865,0.1574663789,0
0.8652,0.1433223199,0
0.8654,0.1719134689,0
0.8656,0.08887105292,0
0.8658,0.1716949269,0
0.866,0.1472226166,0
0.8662,0.1001752729,0
0.8664,0.1215878192,0
0.8666,0.1694127092,0
0.8668,0.07516334327,0
0.867,0.1177288621,0
0.8672,0.02280986491,0
0.8674,-0.004172193137,0
0.8676,0.04562498773,0
0.8678,-0.08558140543,0
0.868,0.01491553775,0
0.8682,-0.03796834046,0
0.8684,-0.07155044051,0
0.8686,-0.06321654159,0
0.8688,-0.0764025015,0
0.869,-0.04502021255,0
0.8692,-0.07516158053,0
0.8694,-0.1145274161,0
0.8696,-0.1449158208,0
0.8698,-0.1871860066,0
0.87,-0.154511784,0
0.8702,-0.2782981085,0
0.8704,-0.1492003267,0
0.8706,-0.2001407268,0
0.8708,-0.2785341666,0
0.871,-0.2011152568,0
0.8712,-0.270601393,0
0.8714,-0.2646953197,0
0.8716,-0.3281752133,0
0.8718,-0.2970304733,0
0.872,-0.2707003871,0
0.8722,-0.2901270069,0
0.8724,-0.2845250821,0
0.8726,-0.3343411993,0
0.8728,-0.29133477,0
0.873,-0.381479252,0
0.8732,-0.3531221249,0
0.8734,-0.4441531775,0
0.8736,-0.3580034585,0
0.8738,-0.3748659554,0
0.874,-0.3677720412,0
0.8742,-0.3439685315,0
0.8744,-0.3209003761,0
0.8746,-0.4268465957,0
0.8748,-0.3955961461,0
0.875,-0.4703950964,0
0.8752,-0.324903592,0
0.8754,-0.351880658,0
0.8756,-0.3910631792,0
0.8758,-0.3669467858,0
0.876,-0.3868264206,0
0.8762,-0.4523468461,0
0.8764,-0.4040057163,0
0.8766,-0.3917680173,0
0.8768,-0.4125432234,0
0.877,-0.4544291411,0
0.8772,-0.4728495503,0
0.8774,-0.3690952528,0
0.8776,-0.4601012572,0
0.8778,-0.4563065098,0
0.878,-0.5417805624,0
0.8782,-0.4662330526,0
0.8784,-0.4918940883,0
0.8786,-0.5448573012,0
0.8788,-0.467828303,0
0.879,-0.5289716424,0
0.8792,-0.5128422113,0
0.8794,-0.5307218991,0
0.8796,-0.5879736347,0
0.8798,-0.5597887049,0
0.88,-0.5278652505,0
0.8802,-0.6398477722,0
0.8804,-0.6500041158,0
0.8806,-0.6584408193,0
0.8808,-0.6063266164,0
0.881,-0.668937143,0
0.8812,-0.6537029107,0
0.8814,-0.6353225388,0
0.8816,-0.7420772257,0
0.8818,-0.6546535646,0
0.882,-0.7294399309,0
0.8822,-0.7550706085,0
0.8824,-0.7047702384,0
0.8826,-0.7659669516,0
0.8828,-0.8555401748,0
0.883,-0.8243176438,0
0.8832,-0.8721392385,0
0.8834,-0.8502546554,0
0.8836,-0.899530299,0
0.8838,-0.9143172424,0
0.884,-0.8825699068,0
0.8842,-1.008928717,0
0.8844,-0.9502669564,0
0.8846,-0.9911665599,0
0.8848,-0.9891346007,0
0.885,-1.117054238,0
0.8852,-1.080331895,0
0.8854,-1.078185696,0
0.8856,-1.015202704,0
0.8858,-1.150611697,0
0.886,-1.163982014,0
0.8862,-1.144835767,0
0.8864,-1.142074566,0
0.8866,-1.196292336,0
0.8868,-1.184641023,0
0.887,-1.26906558,0
0.8872,-1.150805212,0
0.8874,-1.24579682,0
0.8876,-1.240056115,0
0.8878,-1.148992668,0
0.888,-1.290422668,0
0.8882,-1.327279715,0
0.8884,-1.325744013,0
0.8886,-1.226617292,0
0.8888,-1.307012417,0
0.889,-1.335383166,0
0.8892,-1.308730242,0
0.8894,-1.310968926,0
0.8896,-1.269037429,0
0.8898,-1.279205624,0
0.89,-1.290075783,0
0.8902,-1.281375035,0
0.8904,-1.326811542,0
0.8906,-1.337145174,0
0.8908,-1.261033854,0
0.891,-1.24498738,0
0.8912,-1.246223458,0
0.8914,-1.226850442,0
0.8916,-1.196581773,0
0.8918,-1.249243351,0
0.892,-1.197183292,0
0.8922,-1.196491356,0
0.8924,-1.212721441,0
0.8926,-1.091767507,0
0.8928,-1.095196885,0
0.893,-1.041110477,0
0.8932,-1.001809599,0
0.8934,-1.031242971,0
0.8936,-0.9012096155,0
0.8938,-0.9142224361,0
0.894,-0.8493216778,0
0.8942,-0.7837877302,0
0.8944,-0.8310468363,0
0.8946,-0.7957186567,0
0.8948,-0.721674253,0
0.895,-0.6409892351,0
0.8952,-0.5950856466,0
0.8954,-0.6738268363,0
0.8956,-0.4908333386,0
0.8958,-0.5183937542,0
0.896,-0.4323636711,0
0.8962,-0.4555770683,0
0.8964,-0.3878286691,0
0.8966,-0.2871786752,0
0.8968,-0.3219605581,0
0.897,-0.1665820503,0
0.8972,-0.1684025962,0
0.8974,-0.08347088953,0
0.8976,-0.03613607173,0
0.8978,-0.01166895223,1
0.898,0.1155775057,1
0.8982,0.2091321153,1
0.8984,0.1929491702,1
0.8986,0.1510403035,1
0.8988,0.2761080156,1
0.899,0.3132940591,1
0.8992,0.4092702405,1
0.8994,0.4251885075,1
0.8996,0.5576081485,1
0.8998,0.5479317551,1
0.9,0.591567138,1
0.9002,0.6003576303,1
0.9004,0.6238929949,1
0.9006,0.7003391013,1
0.9008,0.7549177711,1
0.901,0.8077675396,1
0.9012,0.8371177149,1
0.9014,0.8569571655,1
0.9016,0.907773113,1
0.9018,0.9234310518,1
0.902,0.9369507158,1
0.9022,0.9748465802,1
0.9024,1.060647899,1
0.9026,1.099677297,0
0.9028,1.090018018,0
0.903,1.119529239,0
0.9032,1.171414015,0
0.9034,1.166919838,0
0.9036,1.319088312,0
0.9038,1.217821947,0
0.904,1.209383909,0
0.9042,1.17342871,0
0.9044,1.268192069,0
0.9046,1.312945184,0
0.9048,1.2800992,0
0.905,1.34067396,0
0.9052,1.274269329,0
0.9054,1.29922614,0
0.9056,1.299481471,0
0.9058,1.278849238,0
0.906,1.250020509,0
0.9062,1.270097006,0
0.9064,1.229522349,0
0.9066,1.331893767,0
0.9068,1.289209102,0
0.907,1.285107521,0
0.9072,1.258181843,0
0.9074,1.309887821,0
0.9076,1.227456503,0
0.9078,1.317072282,0
0.908,1.280409259,0
0.9082,1.195383789,0
0.9084,1.200744244,0
0.9086,1.218494966,0
0.9088,1.227161204,0
0.909,1.128467663,0
0.9092,1.122598252,0
0.9094,1.224570083,0
0.9096,1.142447972,0
0.9098,1.122365177,0
0.91,1.144302798,0
0.9102,1.064921698,0
0.9104,1.008707562,0
0.9106,0.9374739093,0
0.9108,1.020638537,0
0.911,0.9202900185,0
0.9112,0.971892272,0
0.9114,0.8455398462,0
0.9116,0.8851167262,0
0.9118,0.8830667005,0
0.912,0.813603387,0
0.9122,0.8219006291,0
0.9124,0.7908811995,0
0.9126,0.8100362281,0
0.9128,0.7355213512,0
0.913,0.7568217095,0
0.9132,0.8041016988,0
0.9134,0.7874401502,0
0.9136,0.789756979,0
0.9138,0.7139669086,0
0.914,0.6647944173,0
0.9142,0.6784608066,0
0.9144,0.6784928827,0
0.9146,0.6465747752,0
0.9148,0.6792295445,0
0.915,0.5813010758,0
0.9152,0.5862449543,0
0.9154,0.5212053231,0
0.9156,0.5531559678,0
0.9158,0.6081147541,0
0.916,0.5496459484,0
0.9162,0.5669985164,0
0.9164,0.5441910366,0
0.9166,0.5561288234,0
0.9168,0.4750531218,0
0.917,0.5211917668,0
0.9172,0.5187054911,0
0.9174,0.5299064849,0
0.9176,0.5318102022,0
0.9178,0.4488892889,0
0.918,0.404527563,0
0.9182,0.4293722132,0
0.9184,0.5014770018,0
0.9186,0.4024731953,0
0.9188,0.3809660099,0
0.919,0.3775201904,0
0.9192,0.3719720391,0
0.9194,0.4468928073,0
0.9196,0.381466499,0
0.9198,0.3812730262,0
0.92,0.4460225944,0
0.9202,0.4317127561,0
0.9204,0.4234057816,0
0.9206,0.3512759254,0
0.9208,0.3073336356,0
0.921,0.3829537309,0
0.9212,0.432279691,0
0.9214,0.3407786526,0
0.9216,0.3368564195,0
0.9218,0.2102371387,0
0.922,0.4016071862,0
0.9222,0.3161839923,0
0.9224,0.2460302762,0
0.9226,0.3045028222,0
0.9228,0.2739021098,0
0.923,0.3133498406,0
0.9232,0.3645192289,0
0.9234,0.2359855282,0
0.9236,0.263864769,0
0.9238,0.2313467703,0
0.924,0.2089077852,0
0.9242,0.2422928838,0
0.9244,0.2738497999,0
0.9246,0.2172905301,0
0.9248,0.1700501879,0
0.925,0.1949774293,0
0.9252,0.1705446657,0
0.9254,0.1802531169,0
0.9256,0.1119020058,0
0.9258,0.1255666784,0
0.926,0.1718288164,0
0.9262,0.09238680237,0
0.9264,0.116236391,0
0.9266,0.06212682519,0
0.9268,0.05064739163,0
0.927,0.003307282076,0
0.9272,0.1321274341,0
0.9274,0.05115219141,0
0.9276,0.03554433995,0
0.9278,0.01973283693,0
0.928,-0.08221834344,0
0.9282,-0.08653063571,0
0.9284,-0.07812121661,0
0.9286,-0.1526665059,0
0.9288,-0.1359567019,0
0.929,-0.08083966564,0
0.9292,-0.2134635469,0
0.9294,-0.1778806619,0
0.9296,-0.1595938284,0
0.9298,-0.1726284898,0
0.93,-0.1832140065,0
0.9302,-0.2251826264,0
0.9304,-0.1706620397,0
0.9306,-0.3137323384,0
0.9308,-0.2142761368,0
0.931,-0.3029201902,0
0.9312,-0.28250705,0
0.9314,-0.2671251391,0
0.9316,-0.2101577297,0
0.9318,-0.3210515479,0
0.932,-0.3521934633,0
0.9322,-0.2645104265,0
0.9324,-0.3158584864,0
0.9326,-0.3206364999,0
0.9328,-0.3069850348,0
0.933,-0.2972800743,0
0.9332,-0.3387645231,0
0.9334,-0.4371076038,0
0.9336,-0.3679871335,0
0.9338,-0.3658151764,0
0.934,-0.4197598105,0
0.9342,-0.4208991792,0
0.9344,-0.3606742231,0
0.9346,-0.382610668,0
0.9348,-0.4347945588,0
0.935,-0.381970265,0
0.9352,-0.4050865941,0
0.9354,-0.4682044297,0
0.9356,-0.4333709003,0
0.9358,-0.4810288044,0
0.936,-0.4690823496,0
0.9362,-0.4285815745,0
0.9364,-0.4960687883,0
0.9366,-0.5034704355,0
0.9368,-0.4451344165,0
0.937,-0.5076342109,0
0.9372,-0.4854301912,0
0.9374,-0.4921499526,0
0.9376,-0.4964373255,0
0.9378,-0.4829692873,0
0.938,-0.5242585622,0
0.9382,-0.5470717541,0
0.9384,-0.5440637018,0
0.9386,-0.4888838014,0
0.9388,-0.5086877751,0
0.939,-0.5591864068,0
0.9392,-0.5192258325,0
0.9394,-0.5521547413,0
0.9396,-0.6362183708,0
0.9398,-0.545742201,0
0.94,-0.5077846839,0
0.9402,-0.619791069,0
0.9404,-0.7141324922,0
0.9406,-0.60440128,0
0.9408,-0.6560518995,0
0.941,-0.701248276,0
0.9412,-0.7954604615,0
0.9414,-0.7355699408,0
0.9416,-0.7614063168,0
0.9418,-0.7804428085,0
0.942,-0.803503568,0
0.9422,-0.7672717372,0
0.9424,-0.8422966121,0
0.9426,-0.828011743,0
0.9428,-0.9419363486,0
0.943,-0.9255470911,0
0.9432,-0.906806559,0
0.9434,-0.9630060816,0
0.9436,-0.9465454188,0
0.9438,-0.9709169516,0
0.944,-0.9821624495,0
0.9442,-1.023717082,0
0.9444,-1.005478375,0
0.9446,-1.106042766,0
0.9448,-1.087569139,0
0.945,-1.030122724,0
0.9452,-1.127358749,0
0.9454,-1.067982626,0
0.9456,-1.133795307,0
0.9458,-1.175043899,0
0.946,-1.178864718,0
0.9462,-1.134602893,0
0.9464,-1.226687022,0
0.9466,-1.273151422,0
0.9468,-1.2219826,0
0.947,-1.225699754,0
0.9472,-1.231552004,0
0.9474,-1.337140035,0
0.9476,-1.268985709,0
0.9478,-1.289866438,0
0.948,-1.308787696,0
0.9482,-1.322657599,0
0.9484,-1.288318226,0
0.9486,-1.311633241,0
0.9488,-1.311031105,0
0.949,-1.227673316,0
0.9492,-1.302462677,0
0.9494,-1.346431278,0
0.9496,-1.330447322,0
0.9498,-1.315804609,0
0.95,-1.339859223,0
0.9502,-1.219853015,0
0.9504,-1.17514899,0
0.9506,-1.259351331,0
0.9508,-1.180298938,0
0.951,-1.227455622,0
0.9512,-1.203711545,0
0.9514,-1.223400147,0
0.9516,-1.130784472,0
0.9518,-1.052350358,0
0.952,-1.022666103,0
0.9522,-1.021848029,0
0.9524,-1.021735355,0
0.9526,-0.9290217381,0
0.9528,-0.8721870509,0
0.953,-0.9355737125,0
0.9532,-0.8555999016,0
0.9534,-0.8282574623,0
0.9536,-0.8104124206,0
0.9538,-0.7887994696,0
0.954,-0.7307744016,0
0.9542,-0.6474735456,0
0.9544,-0.5949825566,0
0.9546,-0.5518030871,0
0.9548,-0.4573200195,0
0.955,-0.4864463521,0
0.9552,-0.4586733738,0
0.9554,-0.4041431685,0
0.9556,-0.2890737382,0
0.9558,-0.273898512,0
0.956,-0.2652588645,0
0.9562,-0.1088375001,0
0.9564,-0.03613060443,0
0.9566,-0.03103373063,0
0.9568,0.04142342916,1
0.957,0.01374099621,1
0.9572,0.06685085924,1
0.9574,0.1834895607,1
0.9576,0.238626751,1
0.9578,0.2753590716,1
0.958,0.3238161794,1
0.9582,0.3619274497,1
0.9584,0.4957604169,1
0.9586,0.4539661856,1
0.9588,0.5321887361,1
0.959,0.6273926379,1
0.9592,0.592264006,1
0.9594,0.6849435607,1
0.9596,0.7194757263,1
0.9598,0.7923486748,1
0.96,0.7120465274,1
0.9602,0.8387764431,1
0.9604,0.858509004,1
0.9606,0.9713184432,1
0.9608,0.9615641402,1
0.961,0.9757514394,1
0.9612,1.066485262,1
0.9614,1.087668504,0
0.9616,1.132003361,0
0.9618,1.16213004,0
0.962,1.175200715,0
0.9622,1.145302564,0
0.9624,1.202041351,0
0.9626,1.222017826,0
0.9628,1.242770546,0
0.963,1.258142356,0
0.9632,1.262739764,0
0.9634,1.254847625,0
0.9636,1.279433294,0
0.9638,1.251935488,0
0.964,1.262367977,0
0.9642,1.33254351,0
0.9644,1.294391196,0
0.9646,1.312734442,0
0.9648,1.28771824,0
0.965,1.242554631,0
0.9652,1.288841873,0
0.9654,1.36499554,0
0.9656,1.290286978,0
0.9658,1.259810518,0
0.966,1.306106208,0
0.9662,1.249037707,0
0.9664,1.23268618,0
0.9666,1.182321183,0
0.9668,1.162785565,0
0.967,1.233640609,0
0.9672,1.20714007,0
0.9674,1.186907354,0
0.9676,1.196039521,0
0.9678,1.132227947,0
0.968,1.132946932,0
0.9682,1.078483899,0
0.9684,1.059250101,0
0.9686,1.043823355,0
0.9688,1.092183522,0
0.969,1.061177611,0
0.9692,0.9718087904,0
0.9694,0.9783680592,0
0.9696,0.9748595017,0
0.9698,0.9167180579,0
0.97,0.9548870408,0
0.9702,0.875430857,0
0.9704,0.8725811235,0
0.9706,0.8519208537,0
0.9708,0.7710237542,0
0.971,0.7546649714,0
0.9712,0.7703767189,0
0.9714,0.8328379412,0
0.9716,0.7896114213,0
0.9718,0.7657977162,0
0.972,0.7045657938,0
0.9722,0.6932046746,0
0.9724,0.6965405243,0
0.9726,0.6888951407,0
0.9728,0.6011985848,0
0.973,0.6180714813,0
0.9732,0.6008256251,0
0.9734,0.6696156283,0
0.9736,0.5815399948,0
0.9738,0.557373373,0
0.974,0.6100036767,0
0.9742,0.5476275739,0
0.9744,0.5909272482,0
0.9746,0.5039962894,0
0.9748,0.6074537541,0
0.975,0.518787567,0
0.9752,0.5180739949,0
0.9754,0.493869765,0
0.9756,0.4928570093,0
0.9758,0.4872641708,0
0.976,0.4653612347,0
0.9762,0.5206274312,0
0.9764,0.37356455,0
0.9766,0.4082270913,0
0.9768,0.435029977,0
0.977,0.4381487927,0
0.9772,0.4946984344,0
0.9774,0.4529298131,0
0.9776,0.4246752199,0
0.9778,0.3864998441,0
0.978,0.4911341174,0
0.9782,0.4413443576,0
0.9784,0.5024896164,0
0.9786,0.3346545969,0
0.9788,0.4569576334,0
0.979,0.3776566481,0
0.9792,0.3409329763,0
0.9794,0.3734415793,0
0.9796,0.3660774782,0
0.9798,0.3415502734,0
0.98,0.2885741544,0
0.9802,0.3248167018,0
0.9804,0.2793382674,0
0.9806,0.3258169424,0
0.9808,0.259005203,0
0.981,0.3131036822,0
0.9812,0.278369787,0
0.9814,0.323208846,0
0.9816,0.2432713084,0
0.9818,0.2098990293,0
0.982,0.1968452142,0
0.9822,0.2523059059,0
0.9824,0.3876529044,0
0.9826,0.1626372332,0
0.9828,0.1803588143,0
0.983,0.2542575076,0
0.9832,0.2056181088,0
0.9834,0.2168640131,0
0.9836,0.1645348723,0
0.9838,0.157636586,0
0.984,0.1260379421,0
0.9842,0.06494648866,0
0.9844,0.1032641,0
0.9846,0.04092850378,0
0.9848,0.08997166529,0
0.985,-0.05943299267,0
0.9852,-0.04886939425,0
0.9854,0.01283111361,0
0.9856,0.006830960911,0
0.9858,0.06147466727,0
0.986,-0.06071706409,0
0.9862,-0.01813306725,0
0.9864,-0.1309387551,0
0.9866,0.02115299278,0
0.9868,-0.1933414097,0
0.987,-0.04348043893,0
0.9872,-0.1335109174,0
0.9874,-0.2062588976,0
0.9876,-0.1706293922,0
0.9878,-0.1267056908,0
0.988,-0.1816476615,0
0.9882,-0.2231332171,0
0.9884,-0.1954542034,0
0.9886,-0.2156025182,0
0.9888,-0.1911239586,0
0.989,-0.2124408124,0
0.9892,-0.2704406025,0
0.9894,-0.2938232695,0
0.9896,-0.2720905923,0
0.9898,-0.2906090521,0
0.99,-0.2839775562,0
0.9902,-0.3454465915,0
0.9904,-0.3087316282,0
0.9906,-0.3556389954,0
0.9908,-0.3089090763,0
0.991,-0.3291049562,0
0.9912,-0.3577758065,0
0.9914,-0.4187910464,0
0.9916,-0.3179451597,0
0.9918,-0.4043336737,0
0.992,-0.3962775085,0
0.9922,-0.3873052185,0
0.9924,-0.3740207611,0
0.9926,-0.4186290284,0
0.9928,-0.4239697726,0
0.993,-0.4663405204,0
0.9932,-0.3734413896,0
0.9934,-0.4410404678,0
0.9936,-0.4461679446,0
0.9938,-0.5168730716,0
0.994,-0.4633258623,0
0.9942,-0.4108071179,0
0.9944,-0.4101390358,0
0.9946,-0.5006801016,0
0.9948,-0.4636411576,0
0.995,-0.4478889346,0
0.9952,-0.5376207684,0
0.9954,-0.5034676996,0
0.9956,-0.4680810646,0
0.9958,-0.4609469995,0
0.996,-0.5717734807,0
0.9962,-0.5674790213,0
0.9964,-0.4866088969,0
0.9966,-0.5597047935,0
0.9968,-0.5400408516,0
0.997,-0.6124704368,0
0.9972,-0.5311939476,0
0.9974,-0.5748831373,0
0.9976,-0.5470092987,0
0.9978,-0.6551433675,0
0.998,-0.6536208213,0
0.9982,-0.6955280533,0
0.9984,-0.7117676779,0
0.9986,-0.7319535564,0
0.9988,-0.6889307306,0
0.999,-0.7503989336,0
0.9992,-0.7328197019,0
0.9994,-0.7782137497,0
0.9996,-0.7551631146,0
0.9998,-0.7554465185,0
1,-0.7760209338,0
1.0002,-0.7933531312,0
1.0004,-0.8541471351,0
1.0006,-0.8407636491,0
1.0008,-0.9003887218,0
1.001,-0.9435802935,0
1.0012,-0.9819039515,0
1.0014,-0.9553062496,0
1.0016,-0.9638562376,0
1.0018,-0.9302944028,0
1.002,-1.036145894,0
1.0022,-0.9789925537,0
1.0024,-1.121205986,0
1.0026,-1.082807716,0
1.0028,-1.005291896,0
1.003,-1.132320508,0
1.0032,-1.174080339,0
1.0034,-1.197506933,0
1.0036,-1.085079324,0
1.0038,-1.141618677,0
1.004,-1.230246031,0
1.0042,-1.241808726,0
1.0044,-1.337719543,0
1.0046,-1.258849453,0
1.0048,-1.201641379,0
1.005,-1.352620402,0
1.0052,-1.24167319,0
1.0054,-1.268456898,0
1.0056,-1.237255193,0
1.0058,-1.327689972,0
1.006,-1.299581259,0
1.0062,-1.258300119,0
1.0064,-1.293931529,0
1.0066,-1.284374602,0
1.0068,-1.323041991,0
1.007,-1.313479203,0
1.0072,-1.32355736,0
1.0074,-1.287573363,0
1.0076,-1.28115787,0
1.0078,-1.281132085,0
1.008,-1.343194716,0
1.0082,-1.298798057,0
1.0084,-1.227310142,0
1.0086,-1.158232647,0
1.0088,-1.219439802,0
1.009,-1.18183294,0
1.0092,-1.137135908,0
1.0094,-1.069343694,0
1.0096,-1.012300083,0
1.0098,-1.037077697,0
1.01,-1.015295176,0
1.0102,-1.013068687,0
1.0104,-0.9290628249,0
1.0106,-0.9185043716,0
1.0108,-0.8609891065,0
1.011,-0.8616522283,0
1.0112,-0.7395670037,0
1.0114,-0.7553390773,0
1.0116,-0.7552506836,0
1.0118,-0.6480576627,0
1.012,-0.6430644134,0
1.0122,-0.5277134238,0
1.0124,-0.4456279498,0
1.0126,-0.4257083127,0
1.0128,-0.4016690685,0
1.013,-0.3759297745,0
1.0132,-0.3084651372,0
1.0134,-0.1493144366,0
1.0136,-0.1375385905,0
1.0138,-0.1658174119,0
1.014,-0.107721586,0
1.0142,0.0006272210715,0
1.0144,0.04499486245,1
1.0146,0.1008693065,1
1.0148,0.1764674484,1
1.015,0.1632723912,1
1.0152,0.228770908,1
1.0154,0.3554198184,1
1.0156,0.3811423773,1
1.0158,0.4110324997,1
1.016,0.468943367,1
1.0162,0.5494870366,1
1.0164,0.5856346903,1
1.0166,0.5953059852,1
1.0168,0.6230958655,1
1.017,0.7478468917,1
1.0172,0.7122430941,1
1.0174,0.8861691712,1
1.0176,0.8002465775,1
1.0178,0.8620274356,1
1.018,0.9689872782,1
1.0182,1.02053732,1
1.0184,1.000743527,1
1.0186,0.9248755124,1
1.0188,1.05829087,1
1.019,1.009282268,0
1.0192,1.100853218,0
1.0194,1.180983975,0
1.0196,1.202866185,0
1.0198,1.198308611,0
1.02,1.223364769,0
1.0202,1.256602834,0
1.0204,1.232084798,0
1.0206,1.247150368,0
1.0208,1.322676156,0
1.021,1.304202729,0
1.0212,1.341718284,0
1.0214,1.316065595,0
1.0216,1.320104336,0
1.0218,1.340728811,0
1.022,1.337337906,0
1.0222,1.376684734,0
1.0224,1.329743734,0
1.0226,1.28322557,0
1.0228,1.280908573,0
1.023,1.251807552,0
1.0232,1.290466742,0
1.0234,1.243460574,0
1.0236,1.208188607,0
1.0238,1.274017516,0
1.024,1.293835693,0
1.0242,1.156330104,0
1.0244,1.243391267,0
1.0246,1.196850044,0
1.0248,1.129958374,0
1.025,1.125284007,0
1.0252,1.126428219,0
1.0254,1.206437771,0
1.0256,1.104290331,0
1.0258,1.137695072,0
1.026,1.029647287,0
1.0262,1.075029005,0
1.0264,1.04363939,0
1.0266,0.9628191189,0
1.0268,0.9450625808,0
1.027,0.9661554728,0
1.0272,0.8618019336,0
1.0274,0.9024228465,0
1.0276,0.8303137666,0
1.0278,0.8611450672,0
1.028,0.8571615797,0
1.0282,0.8472356852,0
1.0284,0.8152913774,0
1.0286,0.7720652898,0
1.0288,0.7387059931,0
1.029,0.7071645193,0
1.0292,0.6985507535,0
1.0294,0.6878241722,0
1.0296,0.6668420015,0
1.0298,0.6777996498,0
1.03,0.6273306375,0
1.0302,0.5753719715,0
1.0304,0.6506690174,0
1.0306,0.5791774976,0
1.0308,0.5288002559,0
1.031,0.5453028176,0
1.0312,0.5557856291,0
1.0314,0.5485619835,0
1.0316,0.5542560066,0
1.0318,0.6116179684,0
1.032,0.4719559488,0
1.0322,0.5788398337,0
1.0324,0.5118904104,0
1.0326,0.4834755071,0
1.0328,0.3979117035,0
1.033,0.4679017407,0
1.0332,0.4977015878,0
1.0334,0.4219564673,0
1.0336,0.3957864036,0
1.0338,0.3976131196,0
1.034,0.4499766978,0
1.0342,0.4380289457,0
1.0344,0.4940170785,0
1.0346,0.4045166051,0
1.0348,0.4497242011,0
1.035,0.362450018,0
1.0352,0.3961469762,0
1.0354,0.4427222575,0
1.0356,0.380920001,0
1.0358,0.4069502091,0
1.036,0.3283768767,0
1.0362,0.3349267652,0
1.0364,0.3437329363,0
1.0366,0.3129522173,0
1.0368,0.332191924,0
1.037,0.401700331,0
1.0372,0.3256762496,0
1.0374,0.3366837915,0
1.0376,0.3806160104,0
1.0378,0.3097844666,0
1.038,0.2934463884,0
1.0382,0.2700574362,0
1.0384,0.3241179441,0
1.0386,0.3052378945,0
1.0388,0.3400117045,0
1.039,0.3293196492,0
1.0392,0.1748476493,0
1.0394,0.2532955643,0
1.0396,0.2948732593,0
1.0398,0.2101963319,0
1.04,0.1908787238,0
1.0402,0.124698205,0
1.0404,0.2027251919,0
1.0406,0.1022618767,0
1.0408,0.1353267415,0
1.041,0.1002387806,0
1.0412,0.1172784527,0
1.0414,0.06627034069,0
1.0416,0.05142996078,0
1.0418,0.09436076404,0
1.042,0.0358804196,0
1.0422,0.05833039733,0
1.0424,-0.02058390208,0
1.0426,0.04992034464,0
1.0428,-0.004122536603,0
1.043,0.008369631597,0
1.0432,-0.02514392947,0
1.0434,-0.1347611725,0
1.0436,-0.1901867435,0
1.0438,-0.05960216919,0
1.044,-0.1363904534,0
1.0442,-0.1480498805,0
1.0444,-0.1798190194,0
1.0446,-0.1828037137,0
1.0448,-0.1623235201,0
1.045,-0.1524459303,0
1.0452,-0.2129252138,0
1.0454,-0.3017146474,0
1.0456,-0.2028047726,0
1.0458,-0.2269049763,0
1.046,-0.2752611077,0
1.0462,-0.3139032129,0
1.0464,-0.3266184169,0
1.0466,-0.2333730178,0
1.0468,-0.3184070666,0
1.047,-0.2552666798,0
1.0472,-0.3229310081,0
1.0474,-0.2868268441,0
1.0476,-0.3677973683,0
1.0478,-0.389711751,0
1.048,-0.3551540352,0
1.0482,-0.4244272157,0
1.0484,-0.416020584,0
1.0486,-0.3507086165,0
1.0488,-0.3137089142,0
1.049,-0.3759344062,0
1.0492,-0.4559738984,0
1.0494,-0.4373522891,0
1.0496,-0.3954227783,0
1.0498,-0.4144942853,0
1.05,-0.3188564393,0
1.0502,-0.3454482658,0
1.0504,-0.4394819388,0
1.0506,-0.3496943278,0
1.0508,-0.4785365625,0
1.051,-0.4851013002,0
1.0512,-0.3963293956,0
1.0514,-0.5029662295,0
1.0516,-0.490802053,0
1.0518,-0.411616352,0
1.052,-0.5005969093,0
1.0522,-0.4375614447,0
1.0524,-0.4725828814,0
1.0526,-0.5273568497,0
1.0528,-0.4941857595,0
1.053,-0.4849331043,0
1.0532,-0.5077740615,0
1.0534,-0.5863294303,0
1.0536,-0.5263278933,0
1.0538,-0.6711963142,0
1.054,-0.6027352262,0
1.0542,-0.6021444948,0
1.0544,-0.5804904311,0
1.0546,-0.5780494955,0
1.0548,-0.7034002669,0
1.055,-0.6878255091,0
1.0552,-0.6873093573,0
1.0554,-0.7188140336,0
1.0556,-0.7025731787,0
1.0558,-0.7100855685,0
1.056,-0.7275080753,0
1.0562,-0.7883269167,0
1.0564,-0.6656056531,0
1.0566,-0.861529684,0
1.0568,-0.8435671107,0
1.057,-0.793482115,0
1.0572,-0.8442841539,0
1.0574,-0.8668505046,0
1.0576,-0.8693010603,0
1.0578,-0.9495037552,0
1.058,-0.9594015618,0
1.0582,-0.9398522684,0
1.0584,-0.9416504348,0
1.0586,-1.080203469,0
1.0588,-1.070759606,0
1.059,-1.070394769,0
1.0592,-1.054798681,0
1.0594,-1.161204678,0
1.0596,-1.093108279,0
1.0598,-1.177645933,0
1.06,-1.138148887,0
1.0602,-1.175686962,0
1.0604,-1.142921113,0
1.0606,-1.259860638,0
1.0608,-1.210150793,0
1.061,-1.258412148,0
1.0612,-1.28753438,0
1.0614,-1.23235087,0
1.0616,-1.319328759,0
1.0618,-1.259126993,0
1.062,-1.337455927,0
1.0622,-1.348909239,0
1.0624,-1.277169201,0
1.0626,-1.220538657,0
1.0628,-1.288792569,0
1.063,-1.344291948,0
1.0632,-1.289554883,0
1.0634,-1.310155092,0
1.0636,-1.317745294,0
1.0638,-1.273346558,0
1.064,-1.24933376,0
1.0642,-1.225206141,0
1.0644,-1.284151596,0
1.0646,-1.160111999,0
1.0648,-1.218575512,0
1.065,-1.250013419,0
1.0652,-1.196297767,0
1.0654,-1.13209424,0
1.0656,-1.144139051,0
1.0658,-1.072416609,0
1.066,-1.085671679,0
1.0662,-0.9749079217,0
1.0664,-0.9741512653,0
1.0666,-0.9547604439,0
1.0668,-0.8661603473,0
1.067,-0.9030646803,0
1.0672,-0.8294711994,0
1.0674,-0.7558048265,0
1.0676,-0.7191584016,0
1.0678,-0.685202752,0
1.068,-0.6042699815,0
1.0682,-0.6110850178,0
1.0684,-0.5403472978,0
1.0686,-0.5231910714,0
1.0688,-0.438070038,0
1.069,-0.4287225528,0
1.0692,-0.3747374309,0
1.0694,-0.2733405154,0
1.0696,-0.2584342774,0
1.0698,-0.1308197753,0
1.07,-0.06614100065,0
1.0702,-0.02529378519,0
1.0704,0.03828205821,1
1.0706,0.08530658624,1
1.0708,0.06051698917,1
1.071,0.1330063389,1
1.0712,0.2463920326,1
1.0714,0.2451592554,1
1.0716,0.3160890933,1
1.0718,0.3959885489,1
1.072,0.4632746878,1
1.0722,0.4399737899,1
1.0724,0.5556299751,1
1.0726,0.6391691062,1
1.0728,0.6690545575,1
1.073,0.7618761191,1
1.0732,0.7293813761,1
1.0734,0.8441926093,1
1.0736,0.9230781144,1
1.0738,0.9069066068,1
1.074,0.958191666,1
1.0742,0.9971392279,1
1.0744,0.9058126066,1
1.0746,0.9995294703,1
1.0748,1.103873686,0
1.075,1.039918367,0
1.0752,1.131663319,0
1.0754,1.168323686,0
1.0756,1.221780615,0
1.0758,1.188395288,0
1.076,1.249086199,0
1.0762,1.232022599,0
1.0764,1.312514349,0
1.0766,1.237886837,0
1.0768,1.254368144,0
1.077,1.302027562,0
1.0772,1.361358444,0
1.0774,1.310938755,0
1.0776,1.303829743,0
1.0778,1.282625816,0
1.078,1.350269414,0
1.0782,1.279482528,0
1.0784,1.294328167,0
1.0786,1.288414813,0
1.0788,1.33819839,0
1.079,1.251638304,0
1.0792,1.243006902,0
1.0794,1.27422737,0
1.0796,1.255825879,0
1.0798,1.18177665,0
1.08,1.191209899,0
1.0802,1.185546508,0
1.0804,1.196398497,0
1.0806,1.143751677,0
1.0808,1.238153582,0
1.081,1.151132816,0
1.0812,1.169061604,0
1.0814,1.113625677,0
1.0816,1.089447707,0
1.0818,1.087931083,0
1.082,1.023293087,0
1.0822,0.9426780084,0
1.0824,1.010926031,0
1.0826,0.9413293847,0
1.0828,1.001688736,0
1.083,0.8907959374,0
1.0832,0.9111251751,0
1.0834,0.8843259238,0
1.0836,0.8387769274,0
1.0838,0.8248230505,0
1.084,0.8120226179,0
1.0842,0.8055470178,0
1.0844,0.7884327252,0
1.0846,0.7602779187,0
1.0848,0.7385362223,0
1.085,0.6311220212,0
1.0852,0.7572614699,0
1.0854,0.7117020277,0
1.0856,0.6166547709,0
1.0858,0.6171617389,0
1.086,0.5494189341,0
1.0862,0.5014283719,0
1.0864,0.5864138465,0
1.0866,0.6579029201,0
1.0868,0.5839229907,0
1.087,0.5739690406,0
1.0872,0.5561101083,0
1.0874,0.5651047197,0
1.0876,0.5290107729,0
1.0878,0.4871808883,0
1.088,0.4867319636,0
1.0882,0.5284317907,0
1.0884,0.4761525195,0
1.0886,0.4070633304,0
1.0888,0.4974451956,0
1.089,0.4768093817,0
1.0892,0.5138581566,0
1.0894,0.4573246812,0
1.0896,0.4466932974,0
1.0898,0.4350890649,0
1.09,0.4011192715,0
1.0902,0.4373336201,0
1.0904,0.3992780798,0
1.0906,0.3722568041,0
1.0908,0.4031279238,0
1.091,0.4046739718,0
1.0912,0.4089084963,0
1.0914,0.4147138855,0
1.0916,0.4687275563,0
1.0918,0.363340673,0
1.092,0.4209004878,0
1.0922,0.3597960191,0
1.0924,0.3569589178,0
1.0926,0.3764482274,0
1.0928,0.301497163,0
1.093,0.3239065726,0
1.0932,0.3455371646,0
1.0934,0.2507634018,0
1.0936,0.2611965534,0
1.0938,0.2706631275,0
1.094,0.2768811199,0
1.0942,0.2978723731,0
1.0944,0.2042434681,0
1.0946,0.2994946767,0
1.0948,0.259708958,0
1.095,0.2432612806,0
1.0952,0.1272694949,0
1.0954,0.2057132269,0
1.0956,0.1476892153,0
1.0958,0.1941876588,0
1.096,0.1467332748,0
1.0962,0.1185183082,0
1.0964,0.08397140884,0
1.0966,0.09623755579,0
1.0968,0.1170855717,0
1.097,0.009125951619,0
1.0972,0.02877599297,0
1.0974,0.03281781452,0
1.0976,0.01904605953,0
1.0978,-0.007829783366,0
1.098,0.002685907344,0
1.0982,-0.01800853347,0
1.0984,-0.1210980831,0
1.0986,-0.01215148978,0
1.0988,-0.1257015498,0
1.099,-0.03774117198,0
1.0992,-0.06896901271,0
1.0994,-0.185726748,0
1.0996,-0.1259934096,0
1.0998,-0.0905220371,0
1.1,-0.1039967863,0
1.1002,-0.1664171396,0
1.1004,-0.2185291473,0
1.1006,-0.1527256666,0
1.1008,-0.2744115792,0
1.101,-0.2868227535,0
1.1012,-0.2084319346,0
1.1014,-0.3000461823,0
1.1016,-0.2409435431,0
1.1018,-0.3170952096,0
1.102,-0.3102707509,0
1.1022,-0.2488459729,0
1.1024,-0.308317776,0
1.1026,-0.2891444129,0
1.1028,-0.3315571359,0
1.103,-0.3510511199,0
1.1032,-0.3689417965,0
1.1034,-0.3863685637,0
1.1036,-0.3412037039,0
1.1038,-0.3466453753,0
1.104,-0.305284732,0
1.1042,-0.3674836524,0
1.1044,-0.3962074622,0
1.1046,-0.372424859,0
1.1048,-0.3412305003,0
1.105,-0.4630542682,0
1.1052,-0.3450712121,0
1.1054,-0.4507194063,0
1.1056,-0.4568186423,0
1.1058,-0.3281257324,0
1.106,-0.3939148528,0
1.1062,-0.4661608582,0
1.1064,-0.4169307611,0
1.1066,-0.4040568085,0
1.1068,-0.4384026071,0
1.107,-0.4296927911,0
1.1072,-0.4673049511,0
1.1074,-0.469458568,0
1.1076,-0.5448587522,0
1.1078,-0.5497216921,0
1.108,-0.51080042,0
1.1082,-0.5826148117,0
1.1084,-0.5129421492,0
1.1086,-0.5546810849,0
1.1088,-0.5161724168,0
1.109,-0.5404552209,0
1.1092,-0.6059839611,0
1.1094,-0.7113178403,0
1.1096,-0.6760819546,0
1.1098,-0.6334743501,0
1.11,-0.5674952965,0
1.1102,-0.6652942355,0
1.1104,-0.6597747233,0
1.1106,-0.7018387252,0
1.1108,-0.8259445574,0
1.111,-0.7141424317,0
1.1112,-0.7678734327,0
1.1114,-0.8379870258,0
1.1116,-0.7704950289,0
1.1118,-0.8212152861,0
1.112,-0.7225262111,0
1.1122,-0.9510073331,0
1.1124,-0.9161992405,0
1.1126,-0.9042231812,0
1.1128,-0.9438273173,0
1.113,-0.9248404926,0
1.1132,-0.9376800698,0
1.1134,-0.9764452503,0
1.1136,-1.015243155,0
1.1138,-1.067711683,0
1.114,-1.054396415,0
1.1142,-1.047312771,0
1.1144,-1.099206518,0
1.1146,-1.20845499,0
1.1148,-1.076828426,0
1.115,-1.183228245,0
1.1152,-1.146459291,0
1.1154,-1.219047661,0
1.1156,-1.172318621,0
1.1158,-1.244130624,0
1.116,-1.185569405,0
1.1162,-1.205993591,0
1.1164,-1.295844913,0
1.1166,-1.397147223,0
1.1168,-1.275416805,0
1.117,-1.336168941,0
1.1172,-1.263060453,0
1.1174,-1.291267947,0
1.1176,-1.323588041,0
1.1178,-1.347076923,0
1.118,-1.341741275,0
1.1182,-1.245652686,0
1.1184,-1.260515068,0
1.1186,-1.300430124,0
1.1188,-1.269470759,0
1.119,-1.234160484,0
1.1192,-1.264796261,0
1.1194,-1.31401244,0
1.1196,-1.157419798,0
1.1198,-1.216846648,0
1.12,-1.206343018,0
1.1202,-1.156452105,0
1.1204,-1.169431459,0
1.1206,-1.146079451,0
1.1208,-1.06316699,0
1.121,-1.06787154,0
1.1212,-0.9877196431,0
1.1214,-0.9520775881,0
1.1216,-0.8505205569,0
1.1218,-0.9000299816,0
1.122,-0.8435620005,0
1.1222,-0.8250312706,0
1.1224,-0.7100711128,0
1.1226,-0.6912074901,0
1.1228,-0.6468525263,0
1.123,-0.5365974266,0
1.1232,-0.5495191955,0
1.1234,-0.4978683025,0
1.1236,-0.5077552817,0
1.1238,-0.470777967,0
1.124,-0.3661615272,0
1.1242,-0.2855654121,0
1.1244,-0.2767372667,0
1.1246,-0.2141212076,0
1.1248,-0.088012236,0
1.125,-0.08325263956,0
1.1252,-0.02605147247,0
1.1254,0.041620664,1
1.1256,0.0692851991,1
1.1258,0.2051894883,1
1.126,0.2851733121,1
1.1262,0.326282594,1
1.1264,0.4023697269,1
1.1266,0.31723926,1
1.1268,0.4870582739,1
1.127,0.4991407975,1
1.1272,0.6122257658,1
1.1274,0.5825964687,1
1.1276,0.6912644773,1
1.1278,0.7788816369,1
1.128,0.7796034749,1
1.1282,0.8062417153,1
1.1284,0.8387813294,1
1.1286,0.9088827809,1
1.1288,0.9209541607,1
1.129,0.9207290254,1
1.1292,1.029283838,1
1.1294,1.105965393,1
1.1296,1.088227728,1
1.1298,1.146470075,0
1.13,1.181008305,0
1.1302,1.160509709,0
1.1304,1.180717157,0
1.1306,1.173424054,0
1.1308,1.235229345,0
1.131,1.264131271,0
1.1312,1.222321568,0
1.1314,1.261918043,0
1.1316,1.327405259,0
1.1318,1.268139605,0
1.132,1.331752551,0
1.1322,1.322368791,0
1.1324,1.298519125,0
1.1326,1.348010526,0
1.1328,1.336528932,0
1.133,1.307247556,0
1.1332,1.309444567,0
1.1334,1.31546838,0
1.1336,1.312200224,0
1.1338,1.300817409,0
1.134,1.301290061,0
1.1342,1.241068178,0
1.1344,1.306645981,0
1.1346,1.229299529,0
1.1348,1.210631623,0
1.135,1.253364524,0
1.1352,1.223462763,0
1.1354,1.090544449,0
1.1356,1.145388484,0
1.1358,1.156164155,0
1.136,1.126551007,0
1.1362,1.016779247,0
1.1364,1.033777645,0
1.1366,1.008963185,0
1.1368,1.042730813,0
1.137,1.029873353,0
1.1372,0.9870294771,0
1.1374,0.9485513489,0
1.1376,0.8949312086,0
1.1378,0.9477100873,0
1.138,0.794417799,0
1.1382,0.8821415839,0
1.1384,0.8627170824,0
1.1386,0.8294620014,0
1.1388,0.7959215693,0
1.139,0.7812075261,0
1.1392,0.7821244116,0
1.1394,0.7092929175,0
1.1396,0.746048663,0
1.1398,0.6984265692,0
1.14,0.6842922415,0
1.1402,0.5568037521,0
1.1404,0.5933299075,0
1.1406,0.6216816022,0
1.1408,0.5889072694,0
1.141,0.6370543923,0
1.1412,0.5271231929,0
1.1414,0.6216609758,0
1.1416,0.5930007886,0
1.1418,0.5574325333,0
1.142,0.5176682983,0
1.1422,0.4797366087,0
1.1424,0.4674750494,0
1.1426,0.4774506375,0
1.1428,0.4963804326,0
1.143,0.5147710012,0
1.1432,0.5079814532,0
1.1434,0.5147236139,0
1.1436,0.5048887992,0
1.1438,0.4287135663,0
1.144,0.4280263518,0
1.1442,0.4853308286,0
1.1444,0.4034971507,0
1.1446,0.4699128115,0
1.1448,0.4247144226,0
1.145,0.3610640251,0
1.1452,0.4274418927,0
1.1454,0.4121201485,0
1.1456,0.3643019314,0
1.1458,0.2940711449,0
1.146,0.3940571549,0
1.1462,0.3934904738,0
1.1464,0.4013764631,0
1.1466,0.3777156878,0
1.1468,0.3244127179,0
1.147,0.2780009486,0
1.1472,0.331003627,0
1.1474,0.3658755062,0
1.1476,0.3139812117,0
1.1478,0.2594033185,0
1.148,0.2310535869,0
1.1482,0.1822943554,0
1.1484,0.2841144266,0
1.1486,0.2830992106,0
1.1488,0.1666628967,0
1.149,0.216542669,0
1.1492,0.2849195128,0
1.1494,0.1299899875,0
1.1496,0.261361485,0
1.1498,0.2343545765,0
1.15,0.2081757815,0
1.1502,0.1791847404,0
1.1504,0.1646943494,0
1.1506,0.1548534971,0
1.1508,0.1799485627,0
1.151,0.05402902006,0
1.1512,0.01179841942,0
1.1514,-0.0129197856,0
1.1516,0.05930212126,0
1.1518,0.0748676977,0
1.152,-0.0112063953,0
1.1522,0.01821514926,0
1.1524,-0.006610188219,0
1.1526,0.01513286025,0
1.1528,-0.01837510633,0
1.153,-0.04708395684,0
1.1532,-0.1066076609,0
1.1534,-0.1110536272,0
1.1536,-0.07590402223,0
1.1538,-0.1202410185,0
1.154,-0.08944286255,0
1.1542,-0.1819830464,0
1.1544,-0.1332593239,0
1.1546,-0.193042404,0
1.1548,-0.1827462202,0
1.155,-0.2815907851,0
1.1552,-0.1985947079,0
1.1554,-0.2746796302,0
1.1556,-0.2034949127,0
1.1558,-0.2282746245,0
1.156,-0.2991413748,0
1.1562,-0.2259021602,0
1.1564,-0.2347935626,0
1.1566,-0.2355546797,0
1.1568,-0.2653347421,0
1.157,-0.3380771441,0
1.1572,-0.2747721166,0
1.1574,-0.3905074072,0
1.1576,-0.3618370384,0
1.1578,-0.3433317646,0
1.158,-0.4284129543,0
1.1582,-0.3236974297,0
1.1584,-0.3537891433,0
1.1586,-0.3907447248,0
1.1588,-0.477496192,0
1.159,-0.4255963715,0
1.1592,-0.3735179721,0
1.1594,-0.3862073037,0
1.1596,-0.4545492918,0
1.1598,-0.4769956805,0
1.16,-0.4310083019,0
1.1602,-0.4852572492,0
1.1604,-0.5106462352,0
1.1606,-0.3956950044,0
1.1608,-0.460737345,0
1.161,-0.4542675513,0
1.1612,-0.4870071511,0
1.1614,-0.4476541208,0
1.1616,-0.4563411506,0
1.1618,-0.5107694795,0
1.162,-0.5317770832,0
1.1622,-0.5412445864,0
1.1624,-0.5004882455,0
1.1626,-0.5427524754,0
1.1628,-0.6080546918,0
1.163,-0.5205335469,0
1.1632,-0.5862023277,0
1.1634,-0.5817737094,0
1.1636,-0.5598013467,0
1.1638,-0.6120347141,0
1.164,-0.6159927812,0
1.1642,-0.6689796981,0
1.1644,-0.6594394342,0
1.1646,-0.6656598163,0
1.1648,-0.7048081087,0
1.165,-0.7436171527,0
1.1652,-0.7669492688,0
1.1654,-0.7915084488,0
1.1656,-0.7919031055,0
1.1658,-0.8424901957,0
1.166,-0.8231457249,0
1.1662,-0.8857556139,0
1.1664,-0.8505096949,0
1.1666,-0.9081159449,0
1.1668,-0.961272347,0
1.167,-0.9414762275,0
1.1672,-1.02446956,0
1.1674,-0.8856210047,0
1.1676,-1.054399229,0
1.1678,-1.054916843,0
1.168,-1.015844361,0
1.1682,-1.115187452,0
1.1684,-1.150599891,0
1.1686,-1.173462605,0
1.1688,-1.109995384,0
1.169,-1.21829292,0
1.1692,-1.125098201,0
1.1694,-1.184530354,0
1.1696,-1.230000184,0
1.1698,-1.195146376,0
1.17,-1.253704113,0
1.1702,-1.277026182,0
1.1704,-1.326710745,0
1.1706,-1.342903615,0
1.1708,-1.284424114,0
1.171,-1.380191496,0
1.1712,-1.366480759,0
1.1714,-1.368051367,0
1.1716,-1.310673814,0
1.1718,-1.361805745,0
1.172,-1.311252477,0
1.1722,-1.198859544,0
1.1724,-1.290425226,0
1.1726,-1.212430357,0
1.1728,-1.264157414,0
1.173,-1.299827697,0
1.1732,-1.262403675,0
1.1734,-1.247816857,0
1.1736,-1.183914208,0
1.1738,-1.151271807,0
1.174,-1.146187516,0
1.1742,-1.141510668,0
1.1744,-1.127236068,0
1.1746,-1.080759387,0
1.1748,-1.065755244,0
1.175,-1.025962096,0
1.1752,-0.858431307,0
1.1754,-0.8812758091,0
1.1756,-0.9162087085,0
1.1758,-0.8303709423,0
1.176,-0.7722429722,0
1.1762,-0.7400171877,0
1.1764,-0.7165152376,0
1.1766,-0.6253083468,0
1.1768,-0.5825315499,0
1.177,-0.5156417441,0
1.1772,-0.4363867061,0
1.1774,-0.44733456,0
1.1776,-0.3617558281,0
1.1778,-0.3315128079,0
1.178,-0.2890526209,0
1.1782,-0.218040132,0
1.1784,-0.1297779081,0
1.1786,-0.1014752625,0
1.1788,-0.05784083326,0
1.179,0.01037434538,1
1.1792,0.1042435607,1
1.1794,0.2136861157,1
1.1796,0.2670974751,1
1.1798,0.211797572,1
1.18,0.3194693387,1
1.1802,0.411445625,1
1.1804,0.4279394335,1
1.1806,0.4932111099,1
1.1808,0.5159237684,1
1.181,0.6118115004,1
1.1812,0.6514893859,1
1.1814,0.6724506988,1
1.1816,0.7755236484,1
1.1818,0.8424217092,1
1.182,0.8656376415,1
1.1822,0.8445161045,1
1.1824,0.9415623958,1
1.1826,1.001121076,1
1.1828,1.051582574,1
1.183,1.090343289,1
1.1832,1.113192584,0
1.1834,1.099861437,0
1.1836,1.156168371,0
1.1838,1.190034861,0
1.184,1.191389762,0
1.1842,1.221901184,0
1.1844,1.188405954,0
1.1846,1.258337216,0
1.1848,1.244288716,0
1.185,1.268960674,0
1.1852,1.353006575,0
1.1854,1.303283439,0
1.1856,1.313230877,0
1.1858,1.280684335,0
1.186,1.249324993,0
1.1862,1.260578712,0
1.1864,1.293428805,0
1.1866,1.294177362,0
1.1868,1.22693338,0
1.187,1.264464013,0
1.1872,1.282275407,0
1.1874,1.239790039,0
1.1876,1.245339509,0
1.1878,1.251669045,0
1.188,1.280616479,0
1.1882,1.230187184,0
1.1884,1.259966631,0
1.1886,1.127919663,0
1.1888,1.214308907,0
1.189,1.136856098,0
1.1892,1.162501601,0
1.1894,1.180700271,0
1.1896,1.118356252,0
1.1898,1.075507147,0
1.19,1.099216573,0
1.1902,0.9946874678,0
1.1904,1.031732202,0
1.1906,0.9829905026,0
1.1908,0.9597141737,0
1.191,0.89778008,0
1.1912,0.9117568281,0
1.1914,0.890234036,0
1.1916,0.8526131649,0
1.1918,0.8442558785,0
1.192,0.7546899191,0
1.1922,0.8248820998,0
1.1924,0.7571568292,0
1.1926,0.7562679338,0
1.1928,0.7019071567,0
1.193,0.6937554868,0
1.1932,0.6635188201,0
1.1934,0.7202946841,0
1.1936,0.6210743491,0
1.1938,0.6074544613,0
1.194,0.6140177961,0
1.1942,0.5577307184,0
1.1944,0.5508078943,0
1.1946,0.5853022342,0
1.1948,0.5752257547,0
1.195,0.5808957619,0
1.1952,0.5568140755,0
1.1954,0.4936855188,0
1.1956,0.4761033856,0
1.1958,0.5475197609,0
1.196,0.4110525465,0
1.1962,0.4940218019,0
1.1964,0.5059796545,0
1.1966,0.5170479698,0
1.1968,0.5166525689,0
1.197,0.4977043707,0
1.1972,0.5232652658,0
1.1974,0.3697250304,0
1.1976,0.4224058769,0
1.1978,0.4407155914,0
1.198,0.3313804671,0
1.1982,0.3838748709,0
1.1984,0.4534791245,0
1.1986,0.3745220394,0
1.1988,0.4334469332,0
1.199,0.4122806066,0
1.1992,0.4268851445,0
1.1994,0.4055576225,0
1.1996,0.3868270635,0
1.1998,0.3846792506,0
1.2,0.3152480498,0
1.2002,0.4075046039,0
1.2004,0.3235596254,0
1.2006,0.2917064773,0
1.2008,0.3321102177,0
1.201,0.2492381711,0
1.2012,0.3757353711,0
1.2014,0.3767332299,0
1.2016,0.3188752524,0
1.2018,0.2236698262,0
1.202,0.2662758539,0
1.2022,0.2468978614,0
1.2024,0.2021036811,0
1.2026,0.1980195607,0
1.2028,0.2135752561,0
1.203,0.1620051977,0
1.2032,0.1658404922,0
1.2034,0.1540172206,0
1.2036,0.0872010461,0
1.2038,0.1086558684,0
1.204,0.08949188423,0
1.2042,0.154264892,0
1.2044,0.07949507475,0
1.2046,0.07414817904,0
1.2048,0.05059908447,0
1.205,0.02432668414,0
1.2052,0.01128331722,0
1.2054,-0.01325865115,0
1.2056,-0.1086623727,0
1.2058,-0.04069566864,0
1.206,-0.0833404239,0
1.2062,-0.08689278054,0
1.2064,-0.129229633,0
1.2066,-0.1435879247,0
1.2068,-0.1229781762,0
1.207,-0.1570406473,0
1.2072,-0.1519303454,0
1.2074,-0.1597497666,0
1.2076,-0.1837988301,0
1.2078,-0.1931656694,0
1.208,-0.2348363167,0
1.2082,-0.2333620413,0
1.2084,-0.2126525269,0
1.2086,-0.2570366691,0
1.2088,-0.2388282391,0
1.209,-0.2711580137,0
1.2092,-0.2445844406,0
1.2094,-0.3338813764,0
1.2096,-0.2946775582,0
1.2098,-0.2822080931,0
1.21,-0.3552317572,0
1.2102,-0.3280151953,0
1.2104,-0.3290138053,0
1.2106,-0.3557379472,0
1.2108,-0.322343262,0
1.211,-0.3529346396,0
1.2112,-0.383415957,0
1.2114,-0.3481977287,0
1.2116,-0.3735210254,0
1.2118,-0.2838636614,0
1.212,-0.4639064822,0
1.2122,-0.4023909357,0
1.2124,-0.4173603334,0
1.2126,-0.4225596428,0
1.2128,-0.5084302996,0
1.213,-0.4327443894,0
1.2132,-0.4659597922,0
1.2134,-0.4229618472,0
1.2136,-0.5019414521,0
1.2138,-0.399576967,0
1.214,-0.4769989968,0
1.2142,-0.5032905912,0
1.2144,-0.4808510672,0
1.2146,-0.5601393876,0
1.2148,-0.5542008766,0
1.215,-0.5008777234,0
1.2152,-0.54754946,0
1.2154,-0.5440435648,0
1.2156,-0.6488459023,0
1.2158,-0.6273230459,0
1.216,-0.654704419,0
1.2162,-0.5370584624,0
1.2164,-0.6241328914,0
1.2166,-0.5833055512,0
1.2168,-0.6614742727,0
1.217,-0.6269814265,0
1.2172,-0.707761863,0
1.2174,-0.7234626751,0
1.2176,-0.7302010655,0
1.2178,-0.7411911444,0
1.218,-0.8445720896,0
1.2182,-0.7869350539,0
1.2184,-0.845590361,0
1.2186,-0.8572086552,0
1.2188,-0.8639538253,0
1.219,-0.8913560039,0
1.2192,-0.9011534384,0
1.2194,-0.879187889,0
1.2196,-0.9009809591,0
1.2198,-0.899277693,0
1.22,-1.017603573,0
1.2202,-1.018998204,0
1.2204,-1.049446403,0
1.2206,-1.077737635,0
1.2208,-1.058227173,0
1.221,-1.074656978,0
1.2212,-1.129105042,0
1.2214,-1.139576194,0
1.2216,-1.11605828,0
1.2218,-1.18940331,0
1.222,-1.158356389,0
1.2222,-1.218001837,0
1.2224,-1.215384172,0
1.2226,-1.175303341,0
1.2228,-1.282535245,0
1.223,-1.258581633,0
1.2232,-1.233389652,0
1.2234,-1.285736882,0
1.2236,-1.245669306,0
1.2238,-1.202180099,0
1.224,-1.249797471,0
1.2242,-1.309165824,0
1.2244,-1.337581038,0
1.2246,-1.294839912,0
1.2248,-1.319720798,0
1.225,-1.321115762,0
1.2252,-1.25284025,0
1.2254,-1.244087926,0
1.2256,-1.320930676,0
1.2258,-1.260384009,0
1.226,-1.26195581,0
1.2262,-1.17476134,0
1.2264,-1.162431707,0
1.2266,-1.114692758,0
1.2268,-1.125074979,0
1.227,-1.073325923,0
1.2272,-1.033997936,0
1.2274,-1.028886135,0
1.2276,-0.9555208236,0
1.2278,-1.022446024,0
1.228,-0.8706274117,0
1.2282,-0.9206559619,0
1.2284,-0.8374723422,0
1.2286,-0.7671338465,0
1.2288,-0.7232841882,0
1.229,-0.7330581218,0
1.2292,-0.6259697805,0
1.2294,-0.6612823526,0
1.2296,-0.5300890469,0
1.2298,-0.4840655274,0
1.23,-0.3500252335,0
1.2302,-0.3637523074,0
1.2304,-0.3229453792,0
1.2306,-0.2628116089,0
1.2308,-0.2089251417,0
1.231,-0.1160329181,0
1.2312,-0.04708909048,0
1.2314,0.06869866527,1
1.2316,0.01457044636,1
1.2318,0.1483732919,1
1.232,0.1301433709,1
1.2322,0.23334353,1
1.2324,0.3480598648,1
1.2326,0.410039253,1
1.2328,0.4532442718,1
1.233,0.4538511801,1
1.2332,0.569264051,1
1.2334,0.6454954523,1
1.2336,0.5844517171,1
1.2338,0.668596892,1
1.234,0.7436672635,1
1.2342,0.7982401567,1
1.2344,0.8474201104,1
1.2346,0.8715399463,1
1.2348,0.8963182105,1
1.235,0.9836233115,1
1.2352,0.9727989222,1
1.2354,1.031375246,1
1.2356,1.090804977,0
1.2358,1.12215674,0
1.236,1.168673521,0
1.2362,1.198015014,0
1.2364,1.214523286,0
1.2366,1.269714267,0
1.2368,1.17792571,0
1.237,1.25696685,0
1.2372,1.272665474,0
1.2374,1.269100353,0
1.2376,1.288959387,0
1.2378,1.312704836,0
1.238,1.291276781,0
1.2382,1.389313594,0
1.2384,1.39015494,0
1.2386,1.293191935,0
1.2388,1.351018661,0
1.239,1.339677304,0
1.2392,1.310161491,0
1.2394,1.286136717,0
1.2396,1.304577767,0
1.2398,1.279772024,0
1.24,1.240182435,0
1.2402,1.282054405,0
1.2404,1.239036654,0
1.2406,1.259850731,0
1.2408,1.147291101,0
1.241,1.148923922,0
1.2412,1.037470266,0
1.2414,1.123090896,0
1.2416,1.072897285,0
1.2418,1.118814033,0
1.242,1.113314638,0
1.2422,1.05479371,0
1.2424,1.063246902,0
1.2426,0.9767323483,0
1.2428,0.932045173,0
1.243,1.011180196,0
1.2432,0.9725393633,0
1.2434,0.9387196695,0
1.2436,0.8733221103,0
1.2438,0.9037241238,0
1.244,0.8648234561,0
1.2442,0.921692993,0
1.2444,0.6914988066,0
1.2446,0.7267515338,0
1.2448,0.7873680954,0
1.245,0.7628001231,0
1.2452,0.7264706421,0
1.2454,0.6873190087,0
1.2456,0.6500735281,0
1.2458,0.7229511257,0
1.246,0.6859721111,0
1.2462,0.6382810013,0
1.2464,0.6255597818,0
1.2466,0.6612387725,0
1.2468,0.540665969,0
1.247,0.5210547071,0
1.2472,0.5490467851,0
1.2474,0.5006236644,0
1.2476,0.5643573427,0
1.2478,0.5468793331,0
1.248,0.5371887704,0
1.2482,0.489613659,0
1.2484,0.4660753341,0
1.2486,0.4969367583,0
1.2488,0.3896406123,0
1.249,0.4030405026,0
1.2492,0.4157772404,0
1.2494,0.3934627272,0
1.2496,0.4414519152,0
1.2498,0.3885621218,0
1.25,0.4531799203,0
1.2502,0.4159097575,0
1.2504,0.3478490012,0
1.2506,0.3088803948,0
1.2508,0.4727899347,0
1.251,0.4043784677,0
1.2512,0.4019920346,0
1.2514,0.3580130557,0
1.2516,0.3313478189,0
1.2518,0.4150671763,0
1.252,0.3073125399,0
1.2522,0.3289529587,0
1.2524,0.3365937368,0
1.2526,0.2925067521,0
1.2528,0.2960971203,0
1.253,0.286336117,0
1.2532,0.2774888688,0
1.2534,0.3473859369,0
1.2536,0.2767716734,0
1.2538,0.3021972983,0
1.254,0.2157795167,0
1.2542,0.2158367057,0
1.2544,0.1994763088,0
1.2546,0.1481811316,0
1.2548,0.1969716888,0
1.255,0.1255890973,0
1.2552,0.1205804689,0
1.2554,0.1518696351,0
1.2556,0.1479833361,0
1.2558,0.08881207275,0
1.256,0.1101654247,0
1.2562,0.1351915894,0
1.2564,0.1287300422,0
1.2566,0.09067485741,0
1.2568,0.02531554286,0
1.257,0.07121661038,0
1.2572,-0.007699630899,0
1.2574,-0.02557474344,0
1.2576,0.007814933141,0
1.2578,-0.03258238996,0
1.258,-0.04429632361,0
1.2582,-0.1139480138,0
1.2584,-0.1081073721,0
1.2586,-0.1009709989,0
1.2588,-0.1087351984,0
1.259,-0.1231807005,0
1.2592,-0.2314368981,0
1.2594,-0.08663028135,0
1.2596,-0.15861314,0
1.2598,-0.2374189899,0
1.26,-0.1716355421,0
1.2602,-0.2369771681,0
1.2604,-0.2600622247,0
1.2606,-0.1919637172,0
1.2608,-0.3136272712,0
1.261,-0.321091033,0
1.2612,-0.3265421359,0
1.2614,-0.3257138146,0
1.2616,-0.1837203995,0
1.2618,-0.3405172421,0
1.262,-0.3720477253,0
1.2622,-0.3341504923,0
1.2624,-0.3196760063,0
1.2626,-0.3075704106,0
1.2628,-0.3998917796,0
1.263,-0.2950955167,0
1.2632,-0.3732508623,0
1.2634,-0.4221220593,0
1.2636,-0.4256044861,0
1.2638,-0.3823742019,0
1.264,-0.4077983753,0
1.2642,-0.4322777421,0
1.2644,-0.4159290255,0
1.2646,-0.3355972822,0
1.2648,-0.3780980873,0
1.265,-0.4626943127,0
1.2652,-0.4787625154,0
1.2654,-0.4181491881,0
1.2656,-0.5084596087,0
1.2658,-0.5480628698,0
1.266,-0.522000776,0
1.2662,-0.5458787599,0
1.2664,-0.5621559459,0
1.2666,-0.5230114468,0
1.2668,-0.5563796822,0
1.267,-0.5497354423,0
1.2672,-0.5339377838,0
1.2674,-0.5822881819,0
1.2676,-0.6327972903,0
1.2678,-0.6260001107,0
1.268,-0.5696409942,0
1.2682,-0.6625832339,0
1.2684,-0.6810158625,0
1.2686,-0.6358735473,0
1.2688,-0.7079505933,0
1.269,-0.7265602817,0
1.2692,-0.6981070216,0
1.2694,-0.7333673143,0
1.2696,-0.7707660448,0
1.2698,-0.7860405631,0
1.27,-0.748009199,0
1.2702,-0.7997782462,0
1.2704,-0.8635488452,0
1.2706,-0.8755301904,0
1.2708,-0.8181772221,0
1.271,-0.9143409921,0
1.2712,-0.9149066514,0
1.2714,-0.9404313969,0
1.2716,-0.9967716571,0
1.2718,-0.9934351223,0
1.272,-1.061716354,0
1.2722,-1.057710643,0
1.2724,-1.023674891,0
1.2726,-1.099139275,0
1.2728,-1.053173956,0
1.273,-1.127713706,0
1.2732,-1.135807592,0
1.2734,-1.171207915,0
1.2736,-1.230260686,0
1.2738,-1.169820541,0
1.274,-1.17255277,0
1.2742,-1.232113942,0
1.2744,-1.257841426,0
1.2746,-1.280272227,0
1.2748,-1.261359575,0
1.275,-1.24755616,0
1.2752,-1.261500225,0
1.2754,-1.292570277,0
1.2756,-1.305669692,0
1.2758,-1.302557268,0
1.276,-1.313793765,0
1.2762,-1.347754198,0
1.2764,-1.219087023,0
1.2766,-1.325392417,0
1.2768,-1.321289954,0
1.277,-1.214440945,0
1.2772,-1.237326432,0
1.2774,-1.218820542,0
1.2776,-1.242604232,0
1.2778,-1.200484702,0
1.278,-1.144893544,0
1.2782,-1.038936302,0
1.2784,-1.099334106,0
1.2786,-1.084132409,0
1.2788,-1.029418051,0
1.279,-1.018434388,0
1.2792,-1.013594986,0
1.2794,-1.013542801,0
1.2796,-0.8799357406,0
1.2798,-0.9136749005,0
1.28,-0.7615200739,0
1.2802,-0.7825081167,0
1.2804,-0.730183798,0
1.2806,-0.7080529027,0
1.2808,-0.6501391037,0
1.281,-0.5791286221,0
1.2812,-0.4851258326,0
1.2814,-0.4598759668,0
1.2816,-0.3886169851,0
1.2818,-0.3450076433,0
1.282,-0.2431776003,0
1.2822,-0.1873692603,0
1.2824,-0.1232606238,0
1.2826,-0.1215498602,0
1.2828,-0.05092042141,0
1.283,-0.009998296509,1
1.2832,0.1319814782,1
1.2834,0.05960105129,1
1.2836,0.2867129007,1
1.2838,0.274038315,1
1.284,0.3197252836,1
1.2842,0.4117871682,1
1.2844,0.451620482,1
1.2846,0.5046423358,1
1.2848,0.5898650832,1
1.285,0.6522220512,1
1.2852,0.6604081218,1
1.2854,0.7964358335,1
1.2856,0.7291143436,1
1.2858,0.8633971375,1
1.286,0.8850687661,1
1.2862,0.8773583503,1
1.2864,0.9942698404,1
1.2866,1.051877319,1
1.2868,0.9734560336,1
1.287,1.094981137,0
1.2872,1.09990632,0
1.2874,1.142978144,0
1.2876,1.094799156,0
1.2878,1.211501061,0
1.288,1.256743926,0
1.2882,1.241567501,0
1.2884,1.220998,0
1.2886,1.250056315,0
1.2888,1.289733432,0
1.289,1.279628987,0
1.2892,1.241484655,0
1.2894,1.254791593,0
1.2896,1.246173291,0
1.2898,1.308815353,0
1.29,1.380319901,0
1.2902,1.357235197,0
1.2904,1.290257351,0
1.2906,1.284843058,0
1.2908,1.322053457,0
1.291,1.301777964,0
1.2912,1.313289838,0
1.2914,1.267117341,0
1.2916,1.219070942,0
1.2918,1.242362626,0
1.292,1.271572028,0
1.2922,1.193918036,0
1.2924,1.246016584,0
1.2926,1.108278818,0
1.2928,1.10977964,0
1.293,1.109295044,0
1.2932,1.073310798,0
1.2934,1.091281254,0
1.2936,1.043792921,0
1.2938,1.033701997,0
1.294,1.043466736,0
1.2942,0.9118001138,0
1.2944,0.9239392258,0
1.2946,0.9909273537,0
1.2948,0.874055465,0
1.295,0.8211854173,0
1.2952,0.8069416409,0
1.2954,0.7714472064,0
1.2956,0.7889052072,0
1.2958,0.7833829868,0
1.296,0.7650405223,0
1.2962,0.7610684227,0
1.2964,0.7044871531,0
1.2966,0.7236487211,0
1.2968,0.7167475774,0
1.297,0.5983492809,0
1.2972,0.5971640401,0
1.2974,0.638843407,0
1.2976,0.5573251667,0
1.2978,0.6321441562,0
1.298,0.5507182184,0
1.2982,0.5357703659,0
1.2984,0.5535344881,0
1.2986,0.6287973253,0
1.2988,0.4789668298,0
1.299,0.5111579006,0
1.2992,0.4726502606,0
1.2994,0.5154102333,0
1.2996,0.4774440048,0
1.2998,0.4718435244,0
1.3,0.4842870998,0
1.3002,0.4483327715,0
1.3004,0.4512562742,0
1.3006,0.4632316276,0
1.3008,0.4337766508,0
1.301,0.417928477,0
1.3012,0.3861249692,0
1.3014,0.4310493504,0
1.3016,0.4125395786,0
1.3018,0.3947903119,0
1.302,0.3681469968,0
1.3022,0.3668314637,0
1.3024,0.3401559243,0
1.3026,0.4418532691,0
1.3028,0.3884168631,0
1.303,0.4355082643,0
1.3032,0.2781812612,0
1.3034,0.274495723,0
1.3036,0.3404470033,0
1.3038,0.3117254291,0
1.304,0.2903911189,0
1.3042,0.2741509582,0
1.3044,0.277166411,0
1.3046,0.1729910501,0
1.3048,0.3615483546,0
1.305,0.2382293001,0
1.3052,0.2302979261,0
1.3054,0.2630308559,0
1.3056,0.2045272008,0
1.3058,0.2105366497,0
1.306,0.2110254284,0
1.3062,0.1985839507,0
1.3064,0.1737727435,0
1.3066,0.1806498822,0
1.3068,0.1653673456,0
1.307,0.1101853865,0
1.3072,0.1105177752,0
1.3074,0.0511663269,0
1.3076,0.08718131867,0
1.3078,-0.01390214763,0
1.308,-0.03495531678,0
1.3082,-0.02719614216,0
1.3084,0.006187260404,0
1.3086,-0.05443580563,0
1.3088,-0.06129588637,0
1.309,-0.01549363328,0
1.3092,-0.01687325284,0
1.3094,-0.01185286542,0
1.3096,-0.07069036485,0
1.3098,-0.1042997346,0
1.31,-0.1257686115,0
1.3102,-0.2051670761,0
1.3104,-0.1712251889,0
1.3106,-0.1964519811,0
1.3108,-0.1643853745,0
1.311,-0.1988875436,0
1.3112,-0.271105682,0
1.3114,-0.2588603346,0
1.3116,-0.238079246,0
1.3118,-0.2648729991,0
1.312,-0.3080227743,0
1.3122,-0.2606779521,0
1.3124,-0.380577785,0
1.3126,-0.2936232916,0
1.3128,-0.3603364805,0
1.313,-0.3947419807,0
1.3132,-0.3585168279,0
1.3134,-0.308768928,0
1.3136,-0.4252340491,0
1.3138,-0.377579394,0
1.314,-0.3785757753,0
1.3142,-0.4040101944,0
1.3144,-0.4099029423,0
1.3146,-0.4055009449,0
1.3148,-0.3997202352,0
1.315,-0.3566865473,0
1.3152,-0.5309077582,0
1.3154,-0.4187297963,0
1.3156,-0.4006418478,0
1.3158,-0.5130549452,0
1.316,-0.4258276858,0
1.3162,-0.4202203406,0
1.3164,-0.482953597,0
1.3166,-0.4653361443,0
1.3168,-0.5079203605,0
1.317,-0.5432035741,0
1.3172,-0.5254215921,0
1.3174,-0.5415390135,0
1.3176,-0.4881947497,0
1.3178,-0.5624836392,0
1.318,-0.5230793595,0
1.3182,-0.5271673165,0
1.3184,-0.5290116613,0
1.3186,-0.5892047412,0
1.3188,-0.585928001,0
1.319,-0.65362502,0
1.3192,-0.6795669709,0
1.3194,-0.5932035063,0
1.3196,-0.6323608409,0
1.3198,-0.7345392048,0
1.32,-0.7481774116,0
1.3202,-0.6659944507,0
1.3204,-0.7433151446,0
1.3206,-0.7300002358,0
1.3208,-0.739498466,0
1.321,-0.8276490191,0
1.3212,-0.8084002458,0
1.3214,-0.9149175952,0
1.3216,-0.8938088003,0
1.3218,-0.8847031053,0
1.322,-0.8855472761,0
1.3222,-0.964507852,0
1.3224,-0.9679245895,0
1.3226,-1.046763858,0
1.3228,-1.00074067,0
1.323,-1.113306607,0
1.3232,-1.098408963,0
1.3234,-1.112897955,0
1.3236,-1.166243036,0
1.3238,-1.174609716,0
1.324,-1.183467036,0
1.3242,-1.152523765,0
1.3244,-1.18371489,0
1.3246,-1.212376952,0
1.3248,-1.227436435,0
1.325,-1.240782855,0
1.3252,-1.307068632,0
1.3254,-1.293733903,0
1.3256,-1.298951231,0
1.3258,-1.26778713,0
1.326,-1.291083904,0
1.3262,-1.285528609,0
1.3264,-1.355627641,0
1.3266,-1.245707497,0
1.3268,-1.331276751,0
1.327,-1.340124256,0
1.3272,-1.2922757,0
1.3274,-1.273194885,0
1.3276,-1.279623181,0
1.3278,-1.198682967,0
1.328,-1.261922065,0
1.3282,-1.239304635,0
1.3284,-1.250861534,0
1.3286,-1.121562775,0
1.3288,-1.16045214,0
1.329,-1.132140651,0
1.3292,-1.156592008,0
1.3294,-1.083371209,0
1.3296,-1.033808817,0
1.3298,-0.9582018833,0
1.33,-0.8954285613,0
1.3302,-0.8437527727,0
1.3304,-0.87175696,0
1.3306,-0.7856684766,0
1.3308,-0.6838288952,0
1.331,-0.6671972,0
1.3312,-0.6059536581,0
1.3314,-0.5325643741,0
1.3316,-0.5051683528,0
1.3318,-0.465193101,0
1.332,-0.3095447788,0
1.3322,-0.4083054359,0
1.3324,-0.2796497888,0
1.3326,-0.2006217898,0
1.3328,-0.1601832472,0
1.333,-0.1017838391,0
1.3332,-0.05478021071,0
1.3334,0.06722301638,1
1.3336,0.01511069162,1
1.3338,0.1035440064,1
1.334,0.155225707,1
1.3342,0.2445297206,1
1.3344,0.3112509157,1
1.3346,0.4074008786,1
1.3348,0.4916537644,1
1.335,0.4773783005,1
1.3352,0.5686999404,1
1.3354,0.7054792712,1
1.3356,0.7077621118,1
1.3358,0.6658254613,1
1.336,0.809190598,1
1.3362,0.8318342023,1
1.3364,0.8770729353,1
1.3366,0.9337114405,1
1.3368,0.9954098465,1
1.337,1.013952332,1
1.3372,1.079958522,1
1.3374,1.089961082,0
1.3376,1.144427489,0
1.3378,1.161900926,0
1.338,1.133084268,0
1.3382,1.133833322,0
1.3384,1.291177,0
1.3386,1.202361543,0
1.3388,1.211336376,0
1.339,1.31130099,0
1.3392,1.327358823,0
1.3394,1.286240299,0
1.3396,1.352739207,0
1.3398,1.285908916,0
1.34,1.295178649,0
1.3402,1.256982624,0
1.3404,1.391712994,0
1.3406,1.311765618,0
1.3408,1.330586233,0
1.341,1.230856463,0
1.3412,1.305062938,0
1.3414,1.202995548,0
1.3416,1.235295371,0
1.3418,1.274909226,0
1.342,1.289770301,0
1.3422,1.279558972,0
1.3424,1.195965719,0
1.3426,1.126087133,0
1.3428,1.17278522,0
1.343,1.118616124,0
1.3432,1.14341731,0
1.3434,1.111059715,0
1.3436,1.138284414,0
1.3438,1.070415454,0
1.344,1.015218814,0
1.3442,1.015022277,0
1.3444,0.960059884,0
1.3446,0.9288823685,0
1.3448,0.8996116553,0
1.345,0.8888866467,0
1.3452,0.8495868687,0
1.3454,0.8519346957,0
1.3456,0.767446849,0
1.3458,0.7849851353,0
1.346,0.8045430459,0
1.3462,0.7281728802,0
1.3464,0.6969544847,0
1.3466,0.7884755887,0
1.3468,0.6761774591,0
1.347,0.7475436213,0
1.3472,0.6562435245,0
1.3474,0.6613397498,0
1.3476,0.659593587,0
1.3478,0.5826680683,0
1.348,0.5613317547,0
1.3482,0.5814334989,0
1.3484,0.5617239991,0
1.3486,0.5811164346,0
1.3488,0.5195324567,0
1.349,0.500290408,0
1.3492,0.5247772198,0
1.3494,0.4752682595,0
1.3496,0.4582010513,0
1.3498,0.4969983834,0
1.35,0.4604243989,0
1.3502,0.4145757332,0
1.3504,0.4939521441,0
1.3506,0.4424239684,0
1.3508,0.35445938,0
1.351,0.4058837766,0
1.3512,0.4688608183,0
1.3514,0.42204126,0
1.3516,0.3878358751,0
1.3518,0.4163340092,0
1.352,0.3737650349,0
1.3522,0.3790726185,0
1.3524,0.4009137254,0
1.3526,0.3399911907,0
1.3528,0.4425106147,0
1.353,0.2585062345,0
1.3532,0.2916748879,0
1.3534,0.380390745,0
1.3536,0.3489168676,0
1.3538,0.400943135,0
1.354,0.3420146611,0
1.3542,0.3506003671,0
1.3544,0.3216651624,0
1.3546,0.2755584995,0
1.3548,0.1995024626,0
1.355,0.2472072765,0
1.3552,0.2628347181,0
1.3554,0.2420938752,0
1.3556,0.1812767277,0
1.3558,0.2414834239,0
1.356,0.1718218814,0
1.3562,0.1337052948,0
1.3564,0.1602879615,0
1.3566,0.1388258172,0
1.3568,0.07783860793,0
1.357,0.06939481112,0
1.3572,0.09760193313,0
1.3574,0.143981663,0
1.3576,-0.04285744408,0
1.3578,-0.05756272714,0
1.358,-0.007577966301,0
1.3582,-0.01454515135,0
1.3584,0.01715343256,0
1.3586,-0.0972720178,0
1.3588,-0.03924527896,0
1.359,-0.05412868037,0
1.3592,-0.04890607258,0
1.3594,-0.1266654165,0
1.3596,-0.150721329,0
1.3598,-0.1446012276,0
1.36,-0.1722109746,0
1.3602,-0.1872652502,0
1.3604,-0.2023347071,0
1.3606,-0.1686924788,0
1.3608,-0.2218919293,0
1.361,-0.2337009407,0
1.3612,-0.215466218,0
1.3614,-0.2632942633,0
1.3616,-0.2559426238,0
1.3618,-0.3359543148,0
1.362,-0.2853659505,0
1.3622,-0.2981568778,0
1.3624,-0.3356360789,0
1.3626,-0.3424174161,0
1.3628,-0.3634615509,0
1.363,-0.2932791972,0
1.3632,-0.3540593683,0
1.3634,-0.3849505623,0
1.3636,-0.3910114056,0
1.3638,-0.4113461607,0
1.364,-0.3726865111,0
1.3642,-0.3830834946,0
1.3644,-0.4282271065,0
1.3646,-0.4323134988,0
1.3648,-0.4000584983,0
1.365,-0.4631056169,0
1.3652,-0.3672040401,0
1.3654,-0.4271244915,0
1.3656,-0.4611446085,0
1.3658,-0.4375386677,0
1.366,-0.5271557112,0
1.3662,-0.4417006514,0
1.3664,-0.4957100909,0
1.3666,-0.4434409589,0
1.3668,-0.4557746704,0
1.367,-0.5315836756,0
1.3672,-0.4533198341,0
1.3674,-0.5341142125,0
1.3676,-0.5453099958,0
1.3678,-0.5049874742,0
1.368,-0.5220395132,0
1.3682,-0.5987372142,0
1.3684,-0.5816469233,0
1.3686,-0.6277021266,0
1.3688,-0.6572316656,0
1.369,-0.6645792333,0
1.3692,-0.6405719322,0
1.3694,-0.7457869204,0
1.3696,-0.684911277,0
1.3698,-0.7460047912,0
1.37,-0.7464329242,0
1.3702,-0.708561382,0
1.3704,-0.7619614557,0
1.3706,-0.8166430424,0
1.3708,-0.7551467711,0
1.371,-0.9113847492,0
1.3712,-0.8714380815,0
1.3714,-0.8602575432,0
1.3716,-0.9744585326,0
1.3718,-0.9283498338,0
1.372,-0.9816914241,0
1.3722,-0.9321366188,0
1.3724,-0.9867468193,0
1.3726,-1.023603841,0
1.3728,-1.128693851,0
1.373,-1.103684176,0
1.3732,-1.050382659,0
1.3734,-1.106374778,0
1.3736,-1.187332965,0
1.3738,-1.18802581,0
1.374,-1.26965856,0
1.3742,-1.212443078,0
1.3744,-1.273585868,0
1.3746,-1.306109486,0
1.3748,-1.30285682,0
1.375,-1.245216794,0
1.3752,-1.347396343,0
1.3754,-1.406635097,0
1.3756,-1.217401745,0
1.3758,-1.324383986,0
1.376,-1.326978786,0
1.3762,-1.354955638,0
1.3764,-1.261393632,0
1.3766,-1.275652249,0
1.3768,-1.265998046,0
1.377,-1.267754813,0
1.3772,-1.238893068,0
1.3774,-1.243343746,0
1.3776,-1.250140606,0
1.3778,-1.183285182,0
1.378,-1.191788947,0
1.3782,-1.197855972,0
1.3784,-1.134917405,0
1.3786,-1.195021747,0
1.3788,-1.080430037,0
1.379,-1.077736747,0
1.3792,-1.072779775,0
1.3794,-0.9504850323,0
1.3796,-0.8522760712,0
1.3798,-0.8365665338,0
1.38,-0.8153840661,0
1.3802,-0.8212213747,0
1.3804,-0.7957192615,0
1.3806,-0.7006340993,0
1.3808,-0.6597653867,0
1.381,-0.5673339976,0
1.3812,-0.4504311982,0
1.3814,-0.4272051367,0
1.3816,-0.385583592,0
1.3818,-0.3232564175,0
1.382,-0.3373612233,0
1.3822,-0.1852985639,0
1.3824,-0.1431830082,0
1.3826,-0.1159929403,0
1.3828,-0.02577976561,0
1.383,0.03303512288,1
1.3832,0.1288726003,1
1.3834,0.1491251672,1
1.3836,0.2766357192,1
1.3838,0.2961293165,1
1.384,0.3370850477,1
1.3842,0.4730605736,1
1.3844,0.4706650682,1
1.3846,0.535731931,1
1.3848,0.5510177135,1
1.385,0.6954099303,1
1.3852,0.7015752992,1
1.3854,0.7770411626,1
1.3856,0.7942869878,1
1.3858,0.864952944,1
1.386,0.8493840992,1
1.3862,0.9261253725,1
1.3864,0.9353521714,1
1.3866,1.012800365,1
1.3868,1.09175299,1
1.387,1.076555888,0
1.3872,1.125634845,0
1.3874,1.165848305,0
1.3876,1.251079611,0
1.3878,1.241324321,0
1.388,1.165733035,0
1.3882,1.302610167,0
1.3884,1.198580879,0
1.3886,1.220226239,0
1.3888,1.298441907,0
1.389,1.360583994,0
1.3892,1.2728487,0
1.3894,1.260108188,0
1.3896,1.296169704,0
1.3898,1.314460871,0
1.39,1.358580673,0
1.3902,1.302324054,0
1.3904,1.276389558,0
1.3906,1.265950805,0
1.3908,1.27650252,0
1.391,1.277186408,0
1.3912,1.204137856,0
1.3914,1.219883167,0
1.3916,1.239416438,0
1.3918,1.279197641,0
1.392,1.190090874,0
1.3922,1.061876354,0
1.3924,1.105245504,0
1.3926,1.121816005,0
1.3928,1.06872047,0
1.393,1.105182755,0
1.3932,1.023733438,0
1.3934,1.030776633,0
1.3936,1.003951718,0
1.3938,0.941498284,0
1.394,0.913919942,0
1.3942,0.8955473321,0
1.3944,0.8416358831,0
1.3946,0.8623117333,0
1.3948,0.8091925277,0
1.395,0.8128137933,0
1.3952,0.7471154803,0
1.3954,0.8307448248,0
1.3956,0.7657791018,0
1.3958,0.7784290918,0
1.396,0.677707208,0
1.3962,0.6683429801,0
1.3964,0.6831845097,0
1.3966,0.659239967,0
1.3968,0.6402495569,0
1.397,0.6432234686,0
1.3972,0.6149554352,0
1.3974,0.6254573238,0
1.3976,0.544602422,0
1.3978,0.5916891701,0
1.398,0.3993331416,0
1.3982,0.5395917337,0
1.3984,0.5051758122,0
1.3986,0.4849138063,0
1.3988,0.4932923085,0
1.399,0.4803578252,0
1.3992,0.4902251877,0
1.3994,0.42607547,0
1.3996,0.4340842241,0
1.3998,0.464779902,0
1.4,0.4216290433,0
1.4002,0.4178720145,0
1.4004,0.4480357711,0
1.4006,0.4281245562,0
1.4008,0.3908623487,0
1.401,0.3747156004,0
1.4012,0.4198243376,0
1.4014,0.4213334511,0
1.4016,0.4082964434,0
1.4018,0.3964690378,0
1.402,0.3567627476,0
1.4022,0.3274024753,0
1.4024,0.3482141875,0
1.4026,0.3356586797,0
1.4028,0.3075637139,0
1.403,0.3320552012,0
1.4032,0.426328647,0
1.4034,0.2811963886,0
1.4036,0.2760470091,0
1.4038,0.3058957558,0
1.404,0.2367809653,0
1.4042,0.2359142124,0
1.4044,0.2218418151,0
1.4046,0.222584115,0
1.4048,0.242958388,0
1.405,0.2166193139,0
1.4052,0.1239342018,0
1.4054,0.1518381067,0
1.4056,0.1089403605,0
1.4058,0.1440940916,0
1.406,0.09529911332,0
1.4062,0.1397302705,0
1.4064,0.1561529754,0
1.4066,0.0504163073,0
1.4068,0.05193318566,0
1.407,0.05674181509,0
1.4072,-0.01858939548,0
1.4074,-0.06748926422,0
1.4076,-0.008980235247,0
1.4078,-0.03357493778,0
1.408,-0.1378024017,0
1.4082,-0.08500346235,0
1.4084,-0.1194482811,0
1.4086,-0.1419680438,0
1.4088,-0.1326273063,0
1.409,-0.2074678441,0
1.4092,-0.2217076025,0
1.4094,-0.1336453138,0
1.4096,-0.1733564769,0
1.4098,-0.2164392326,0
1.41,-0.2233638246,0
1.4102,-0.2295477971,0
1.4104,-0.2536653543,0
1.4106,-0.1755660874,0
1.4108,-0.3031141645,0
1.411,-0.2685518921,0
1.4112,-0.3487084834,0
1.4114,-0.289960776,0
1.4116,-0.2557361907,0
1.4118,-0.3369388641,0
1.412,-0.3744306411,0
1.4122,-0.4168788981,0
1.4124,-0.3178618763,0
1.4126,-0.3973077588,0
1.4128,-0.3695648668,0
1.413,-0.3582719737,0
1.4132,-0.4304402006,0
1.4134,-0.3980695673,0
1.4136,-0.354790088,0
1.4138,-0.4479580376,0
1.414,-0.4334812591,0
1.4142,-0.428289763,0
1.4144,-0.5002442912,0
1.4146,-0.4611622993,0
1.4148,-0.4166335087,0
1.415,-0.3804391183,0
1.4152,-0.5051251891,0
1.4154,-0.474631143,0
1.4156,-0.4721808271,0
1.4158,-0.5074776618,0
1.416,-0.5303527042,0
1.4162,-0.5257641466,0
1.4164,-0.5464272786,0
1.4166,-0.5741096683,0
1.4168,-0.5638118414,0
1.417,-0.5736126635,0
1.4172,-0.672116934,0
1.4174,-0.5930343823,0
1.4176,-0.6222260247,0
1.4178,-0.6289472956,0
1.418,-0.7279456701,0
1.4182,-0.5903540464,0
1.4184,-0.6871522056,0
1.4186,-0.7713856823,0
1.4188,-0.6863388639,0
1.419,-0.7254743189,0
1.4192,-0.7940563258,0
1.4194,-0.747098958,0
1.4196,-0.7972208947,0
1.4198,-0.882440901,0
1.42,-0.8935752187,0
1.4202,-0.8756454228,0
1.4204,-0.8523140229,0
1.4206,-0.959617041,0
1.4208,-0.9120750194,0
1.421,-0.9858039672,0
1.4212,-1.046100064,0
1.4214,-0.9899852228,0
1.4216,-1.102296838,0
1.4218,-1.098324443,0
1.422,-1.197726684,0
1.4222,-1.14989249,0
1.4224,-1.126430035,0
1.4226,-1.229065524,0
1.4228,-1.25970669,0
1.423,-1.156076357,0
1.4232,-1.209170623,0
1.4234,-1.279701086,0
1.4236,-1.267324033,0
1.4238,-1.20073576,0
1.424,-1.334155798,0
1.4242,-1.257249843,0
1.4244,-1.280966149,0
1.4246,-1.292630564,0
1.4248,-1.312447537,0
1.425,-1.278142913,0
1.4252,-1.343156589,0
1.4254,-1.298015078,0
1.4256,-1.240019898,0
1.4258,-1.290542178,0
1.426,-1.265286457,0
1.4262,-1.220507032,0
1.4264,-1.303263432,0
1.4266,-1.300428122,0
1.4268,-1.138547145,0
1.427,-1.154814173,0
1.4272,-1.118912792,0
1.4274,-1.124344587,0
1.4276,-1.070221253,0
1.4278,-1.004438279,0
1.428,-1.00007027,0
1.4282,-0.9771797722,0
1.4284,-0.9463711516,0
1.4286,-0.9244288493,0
1.4288,-0.9127214194,0
1.429,-0.7814179538,0
1.4292,-0.7305574363,0
1.4294,-0.5598301071,0
1.4296,-0.6264573631,0
1.4298,-0.5889859012,0
1.43,-0.4094633354,0
1.4302,-0.4527591761,0
1.4304,-0.3752443481,0
1.4306,-0.2595800529,0
1.4308,-0.1948815857,0
1.431,-0.13012057,0
1.4312,-0.07894571448,0
1.4314,-0.07773952893,0
1.4316,-0.0008961661451,1
1.4318,0.07154798466,1
1.432,0.1800445269,1
1.4322,0.2094279996,1
1.4324,0.3267138593,1
1.4326,0.3572358509,1
1.4328,0.4227794129,1
1.433,0.3822576773,1
1.4332,0.5369632607,1
1.4334,0.5477832015,1
1.4336,0.6814386809,1
1.4338,0.6944820213,1
1.434,0.7837376519,1
1.4342,0.832524683,1
1.4344,0.8332682167,1
1.4346,0.8741670022,1
1.4348,0.9900310208,1
1.435,1.043409347,1
1.4352,0.9982912538,1
1.4354,1.003360128,0
1.4356,1.136991223,0
1.4358,1.077185465,0
1.436,1.162511386,0
1.4362,1.108212168,0
1.4364,1.258589189,0
1.4366,1.252022124,0
1.4368,1.239567554,0
1.437,1.222191137,0
1.4372,1.1730792,0
1.4374,1.291775963,0
1.4376,1.330156478,0
1.4378,1.317796275,0
1.438,1.259244185,0
1.4382,1.3415488,0
1.4384,1.324015335,0
1.4386,1.242816117,0
1.4388,1.231691048,0
1.439,1.252560724,0
1.4392,1.330284762,0
1.4394,1.243759927,0
1.4396,1.325514368,0
1.4398,1.289949997,0
1.44,1.155490929,0
1.4402,1.194126823,0
1.4404,1.317732555,0
1.4406,1.163689429,0
1.4408,1.170696866,0
1.441,1.133960149,0
1.4412,1.084990347,0
1.4414,1.04238667,0
1.4416,1.058602236,0
1.4418,1.039782305,0
1.442,1.021242861,0
1.4422,1.005815447,0
1.4424,0.9020140407,0
1.4426,0.8833787073,0
1.4428,0.9262915267,0
1.443,0.8769896221,0
1.4432,0.7689560735,0
1.4434,0.7828567776,0
1.4436,0.8931784401,0
1.4438,0.7602688396,0
1.444,0.7410063979,0
1.4442,0.7445361554,0
1.4444,0.7282407017,0
1.4446,0.6327626708,0
1.4448,0.6408042631,0
1.445,0.712335489,0
1.4452,0.5929466197,0
1.4454,0.6173205484,0
1.4456,0.6564205509,0
1.4458,0.5788750042,0
1.446,0.5653438735,0
1.4462,0.5181609866,0
1.4464,0.510658442,0
1.4466,0.5745027696,0
1.4468,0.5406996643,0
1.447,0.5169225149,0
1.4472,0.4761138726,0
1.4474,0.552099148,0
1.4476,0.5479294552,0
1.4478,0.4743882551,0
1.448,0.4257950557,0
1.4482,0.4075937429,0
1.4484,0.5348573328,0
1.4486,0.5400124905,0
1.4488,0.4023364113,0
1.449,0.4291671732,0
1.4492,0.3326339007,0
1.4494,0.3738366762,0
1.4496,0.4762592402,0
1.4498,0.4231888456,0
1.45,0.4175284757,0
1.4502,0.3624617964,0
1.4504,0.3257873282,0
1.4506,0.3460725351,0
1.4508,0.3952024575,0
1.451,0.3562029607,0
1.4512,0.3569243034,0
1.4514,0.3467039923,0
1.4516,0.2796705976,0
1.4518,0.3030659281,0
1.452,0.249527948,0
1.4522,0.230989859,0
1.4524,0.2805352797,0
1.4526,0.1941299327,0
1.4528,0.2938644434,0
1.453,0.2276965782,0
1.4532,0.1493301865,0
1.4534,0.1649148318,0
1.4536,0.1283203788,0
1.4538,0.1941759282,0
1.454,0.1621506224,0
1.4542,0.1242181502,0
1.4544,0.1717282841,0
1.4546,0.08886529201,0
1.4548,0.05903682462,0
1.455,0.01358819154,0
1.4552,-0.01599360923,0
1.4554,0.0297769072,0
1.4556,0.02875320048,0
1.4558,-0.02613353669,0
1.456,-0.02920789278,0
1.4562,-0.05665708265,0
1.4564,-0.008181840876,0
1.4566,-0.08610415684,0
1.4568,-0.06557069786,0
1.457,-0.1370524202,0
1.4572,-0.1811597715,0
1.4574,-0.2262324271,0
1.4576,-0.2236778849,0
1.4578,-0.1787915128,0
1.458,-0.2513732662,0
1.4582,-0.1817059043,0
1.4584,-0.255923496,0
1.4586,-0.3289772307,0
1.4588,-0.2602049195,0
1.459,-0.2998451501,0
1.4592,-0.2163470076,0
1.4594,-0.2757574915,0
1.4596,-0.355273632,0
1.4598,-0.3215603012,0
1.46,-0.3926238555,0
1.4602,-0.4072381153,0
1.4604,-0.3570551482,0
1.4606,-0.3414284783,0
1.4608,-0.3911845867,0
1.461,-0.3329049156,0
1.4612,-0.4604208575,0
1.4614,-0.3721626712,0
1.4616,-0.3921810762,0
1.4618,-0.4695112469,0
1.462,-0.3993685527,0
1.4622,-0.4366068183,0
1.4624,-0.3838317598,0
1.4626,-0.5021352175,0
1.4628,-0.4199069889,0
1.463,-0.4665611058,0
1.4632,-0.4019419002,0
1.4634,-0.3687407403,0
1.4636,-0.4966855632,0
1.4638,-0.502425945,0
1.464,-0.5055435879,0
1.4642,-0.5158369842,0
1.4644,-0.4837580704,0
1.4646,-0.558993474,0
1.4648,-0.5802202054,0
1.465,-0.5658213055,0
1.4652,-0.578487049,0
1.4654,-0.5356534744,0
1.4656,-0.6318557176,0
1.4658,-0.6514305961,0
1.466,-0.6217520139,0
1.4662,-0.6430109367,0
1.4664,-0.724609268,0
1.4666,-0.7187897299,0
1.4668,-0.7807006752,0
1.467,-0.7170355041,0
1.4672,-0.8038201573,0
1.4674,-0.821019571,0
1.4676,-0.8343213513,0
1.4678,-0.8791678189,0
1.468,-0.8651665342,0
1.4682,-0.8570648124,0
1.4684,-0.9064510734,0
1.4686,-0.8580405406,0
1.4688,-0.9634956447,0
1.469,-1.06225729,0
1.4692,-1.021852588,0
1.4694,-1.069811902,0
1.4696,-1.032574868,0
1.4698,-1.103424545,0
1.47,-1.104228684,0
1.4702,-1.197415057,0
1.4704,-1.191960135,0
1.4706,-1.178774282,0
1.4708,-1.217835283,0
1.471,-1.222106182,0
1.4712,-1.174512451,0
1.4714,-1.305471502,0
1.4716,-1.318015957,0
1.4718,-1.228608877,0
1.472,-1.282669553,0
1.4722,-1.327463121,0
1.4724,-1.290054839,0
1.4726,-1.27195076,0
1.4728,-1.339912933,0
1.473,-1.272311669,0
1.4732,-1.311853403,0
1.4734,-1.243255385,0
1.4736,-1.3789653,0
1.4738,-1.204319184,0
1.474,-1.269109509,0
1.4742,-1.20080218,0
1.4744,-1.252093571,0
1.4746,-1.185464783,0
1.4748,-1.135601609,0
1.475,-1.147905162,0
1.4752,-1.136886386,0
1.4754,-1.116093787,0
1.4756,-1.079340906,0
1.4758,-0.9796117015,0
1.476,-1.008312013,0
1.4762,-0.8973377652,0
1.4764,-0.877538154,0
1.4766,-0.8394572713,0
1.4768,-0.8070412886,0
1.477,-0.744803096,0
1.4772,-0.7521007082,0
1.4774,-0.589161901,0
1.4776,-0.5738973679,0
1.4778,-0.4460514753,0
1.478,-0.4650871592,0
1.4782,-0.4037398246,0
1.4784,-0.3096977626,0
1.4786,-0.2587389861,0
1.4788,-0.2236848196,0
1.479,-0.1934535033,0
1.4792,-0.07968542925,0
1.4794,-0.004675048409,1
1.4796,0.1146624183,1
1.4798,0.1824981299,1
1.48,0.1773066897,1
1.4802,0.3142890768,1
1.4804,0.3061743668,1
1.4806,0.3829292648,1
1.4808,0.4552085565,1
1.481,0.4975436339,1
1.4812,0.6228009219,1
1.4814,0.7124435838,1
1.4816,0.6651528836,1
1.4818,0.7756938181,1
1.482,0.8116296816,1
1.4822,0.8813889653,1
1.4824,0.8864940489,1
1.4826,1.004777545,1
1.4828,1.023734746,1
1.483,1.059073751,1
1.4832,1.15763587,0
1.4834,1.081718842,0
1.4836,1.139463278,0
1.4838,1.19918625,0
1.484,1.238544795,0
1.4842,1.224185178,0
1.4844,1.268442005,0
1.4846,1.318388787,0
1.4848,1.267450889,0
1.485,1.27703574,0
1.4852,1.299634433,0
1.4854,1.204995561,0
1.4856,1.331314383,0
1.4858,1.331684311,0
1.486,1.388579827,0
1.4862,1.250554328,0
1.4864,1.313065215,0
1.4866,1.309932224,0
1.4868,1.311312638,0
1.487,1.223636652,0
1.4872,1.134379032,0
1.4874,1.244565155,0
1.4876,1.236331452,0
1.4878,1.218087773,0
1.488,1.160597607,0
1.4882,1.133477419,0
1.4884,1.14082741,0
1.4886,1.084338779,0
1.4888,1.060417269,0
1.489,1.084781082,0
1.4892,1.071185729,0
1.4894,0.9794296299,0
1.4896,0.9246969964,0
1.4898,0.9312345731,0
1.49,0.9738716991,0
1.4902,0.9078136623,0
1.4904,0.9224184718,0
1.4906,0.894183565,0
1.4908,0.8908608964,0
1.491,0.8057586972,0
1.4912,0.8004425745,0
1.4914,0.8066438753,0
1.4916,0.731816823,0
1.4918,0.6878369285,0
1.492,0.7494932189,0
1.4922,0.7453163085,0
1.4924,0.6303222161,0
1.4926,0.6670729154,0
1.4928,0.6457042505,0
1.493,0.6193005579,0
1.4932,0.5784668633,0
1.4934,0.5447668082,0
1.4936,0.5159487808,0
1.4938,0.588432083,0
1.494,0.5361483925,0
1.4942,0.5469358295,0
1.4944,0.4394924598,0
1.4946,0.5405711355,0
1.4948,0.5289448553,0
1.495,0.4926202076,0
1.4952,0.5542440984,0
1.4954,0.4712176572,0
1.4956,0.4606730961,0
1.4958,0.4083120434,0
1.496,0.4124585164,0
1.4962,0.4495026221,0
1.4964,0.4359359439,0
1.4966,0.4623203432,0
1.4968,0.3845040303,0
1.497,0.4205419218,0
1.4972,0.3562409814,0
1.4974,0.3781455805,0
1.4976,0.3520199593,0
1.4978,0.2798081966,0
1.498,0.3917096065,0
1.4982,0.3146855578,0
1.4984,0.3064193845,0
1.4986,0.3379256449,0
1.4988,0.2750543676,0
1.499,0.2728063419,0
1.4992,0.1964822575,0
1.4994,0.2865400513,0
1.4996,0.300484536,0
1.4998,0.2440481038,0
1.5,0.2923682895,0
1.5002,0.2929293553,0
1.5004,0.2468957338,0
1.5006,0.1918706206,0
1.5008,0.2176696801,0
1.501,0.2018944308,0
1.5012,0.1617023088,0
1.5014,0.1839099751,0
1.5016,0.1393891428,0
1.5018,0.05599224484,0
1.502,0.07583787906,0
1.5022,0.07167725039,0
1.5024,0.0001651747388,0
1.5026,-0.02687626531,0
1.5028,0.01501297906,0
1.503,0.01268967532,0
1.5032,-0.06640477608,0
1.5034,-0.02388972123,0
1.5036,-0.1014304439,0
1.5038,-0.1302460657,0
1.504,-0.06331035128,0
1.5042,-0.1112123396,0
1.5044,-0.2077152914,0
1.5046,-0.2173576708,0
1.5048,-0.1659111883,0
1.505,-0.2207359403,0
1.5052,-0.2356631259,0
1.5054,-0.2726189103,0
1.5056,-0.2423980013,0
1.5058,-0.15375947,0
1.506,-0.3252028523,0
1.5062,-0.2067384404,0
1.5064,-0.3211828722,0
1.5066,-0.3462184912,0
1.5068,-0.2753359218,0
1.507,-0.3303850231,0
1.5072,-0.3422958991,0
1.5074,-0.2961301112,0
1.5076,-0.2710909439,0
1.5078,-0.344503736,0
1.508,-0.4115916448,0
1.5082,-0.4206673158,0
1.5084,-0.3897211684,0
1.5086,-0.3529985945,0
1.5088,-0.3841998447,0
1.509,-0.3972447354,0
1.5092,-0.3711538449,0
1.5094,-0.5119691337,0
1.5096,-0.395311256,0
1.5098,-0.4355882549,0
1.51,-0.4458008166,0
1.5102,-0.4374609682,0
1.5104,-0.4743920617,0
1.5106,-0.5146188146,0
1.5108,-0.5607908099,0
1.511,-0.4767131903,0
1.5112,-0.5493025133,0
1.5114,-0.5150753132,0
1.5116,-0.5913479761,0
1.5118,-0.536831842,0
1.512,-0.5290423092,0
1.5122,-0.5772938735,0
1.5124,-0.5603448308,0
1.5126,-0.6217179227,0
1.5128,-0.6280683397,0
1.513,-0.617933509,0
1.5132,-0.6434150712,0
1.5134,-0.6434293998,0
1.5136,-0.6771586588,0
1.5138,-0.6634177721,0
1.514,-0.6581005306,0
1.5142,-0.7202455092,0
1.5144,-0.7303476541,0
1.5146,-0.7776690294,0
1.5148,-0.8585078531,0
1.515,-0.8068513566,0
1.5152,-0.8314543175,0
1.5154,-0.9359864007,0
1.5156,-0.9243450499,0
1.5158,-1.005539819,0
1.516,-0.9568184235,0
1.5162,-0.9359862221,0
1.5164,-1.015337868,0
1.5166,-1.075377784,0
1.5168,-1.028849656,0
1.517,-1.075905771,0
1.5172,-1.112930487,0
1.5174,-1.110991513,0
1.5176,-1.175115355,0
1.5178,-1.143866663,0
1.518,-1.291494712,0
1.5182,-1.204598437,0
1.5184,-1.275628581,0
1.5186,-1.243266025,0
1.5188,-1.303361098,0
1.519,-1.348798105,0
1.5192,-1.272806097,0
1.5194,-1.35478797,0
1.5196,-1.403586679,0
1.5198,-1.318729875,0
1.52,-1.257039931,0
1.5202,-1.236620967,0
1.5204,-1.241482778,0
1.5206,-1.371865585,0
1.5208,-1.287804814,0
1.521,-1.312075622,0
1.5212,-1.248894471,0
1.5214,-1.314654488,0
1.5216,-1.191313689,0
1.5218,-1.184240439,0
1.522,-1.113153261,0
1.5222,-1.085467858,0
1.5224,-1.097118403,0
1.5226,-1.12975745,0
1.5228,-1.003344569,0
1.523,-1.011622782,0
1.5232,-0.939158789,0
1.5234,-0.8469891575,0
1.5236,-0.9227706781,0
1.5238,-0.8057166465,0
1.524,-0.7805849017,0
1.5242,-0.6762668274,0
1.5244,-0.6096840436,0
1.5246,-0.5553468883,0
1.5248,-0.4909593653,0
1.525,-0.4777747356,0
1.5252,-0.4056814553,0
1.5254,-0.3206067317,0
1.5256,-0.2436902766,0
1.5258,-0.1897471866,0
1.526,-0.15595409,0
1.5262,-0.0644198949,0
1.5264,0.02296135856,1
1.5266,0.03761506622,1
1.5268,0.1131242815,1
1.527,0.2369892544,1
1.5272,0.3748453095,1
1.5274,0.354927189,1
1.5276,0.3680084925,1
1.5278,0.5397013545,1
1.528,0.55933917,1
1.5282,0.5563772374,1
1.5284,0.6676813522,1
1.5286,0.7290130335,1
1.5288,0.8089414828,1
1.529,0.7824237393,1
1.5292,0.9123189503,1
1.5294,0.9021168201,1
1.5296,0.9745005279,1
1.5298,0.9568713027,1
1.53,1.095513863,1
1.5302,1.092169577,0
1.5304,1.082373237,0
1.5306,1.166879093,0
1.5308,1.20707235,0
1.531,1.24244667,0
1.5312,1.261043679,0
1.5314,1.171616961,0
1.5316,1.220488751,0
1.5318,1.275172124,0
1.532,1.296823542,0
1.5322,1.2482466,0
1.5324,1.347017761,0
1.5326,1.325692206,0
1.5328,1.235490252,0
1.533,1.256217948,0
1.5332,1.348666025,0
1.5334,1.220960297,0
1.5336,1.369350472,0
1.5338,1.340544611,0
1.534,1.211020922,0
1.5342,1.262805164,0
1.5344,1.271745718,0
1.5346,1.15561534,0
1.5348,1.11529475,0
1.535,1.231901286,0
1.5352,1.138718777,0
1.5354,1.056866029,0
1.5356,1.145440768,0
1.5358,1.120242885,0
1.536,1.068690463,0
1.5362,1.02228967,0
1.5364,0.9599710607,0
1.5366,0.9050671919,0
1.5368,0.9774322646,0
1.537,0.9399725899,0
1.5372,0.8349140772,0
1.5374,0.830447245,0
1.5376,0.8087671778,0
1.5378,0.7978764388,0
1.538,0.7879658873,0
1.5382,0.8268523684,0
1.5384,0.7472930646,0
1.5386,0.7666063429,0
1.5388,0.7040347677,0
1.539,0.7192092736,0
1.5392,0.6533743481,0
1.5394,0.6773950965,0
1.5396,0.5914305514,0
1.5398,0.5340306359,0
1.54,0.6299289202,0
1.5402,0.519354413,0
1.5404,0.5099301152,0
1.5406,0.6028665149,0
1.5408,0.5154148347,0
1.541,0.5197359545,0
1.5412,0.5160446137,0
1.5414,0.5143749513,0
1.5416,0.5239023728,0
1.5418,0.4628559384,0
1.542,0.4258327433,0
1.5422,0.4948851659,0
1.5424,0.4418824455,0
1.5426,0.4178918108,0
1.5428,0.4565573813,0
1.543,0.4517712174,0
1.5432,0.424054664,0
1.5434,0.3230590423,0
1.5436,0.4848479216,0
1.5438,0.3906031804,0
1.544,0.3274741464,0
1.5442,0.3996279927,0
1.5444,0.4223015164,0
1.5446,0.4080880519,0
1.5448,0.367817757,0
1.545,0.3619426841,0
1.5452,0.2600674148,0
1.5454,0.211910943,0
1.5456,0.3627281159,0
1.5458,0.3098729464,0
1.546,0.2974898649,0
1.5462,0.2129831495,0
1.5464,0.3312076717,0
1.5466,0.2242155484,0
1.5468,0.2685958931,0
1.547,0.1630798129,0
1.5472,0.1177447237,0
1.5474,0.198498943,0
1.5476,0.1943999803,0
1.5478,0.1103329901,0
1.548,0.2387922354,0
1.5482,0.1004047957,0
1.5484,0.1607529646,0
1.5486,0.132136138,0
1.5488,0.0094802767,0
1.549,0.0686522725,0
1.5492,-0.00402005275,0
1.5494,0.02039827245,0
1.5496,-0.0118366554,0
1.5498,0.01443694935,0
1.55,-0.0743769747,0
1.5502,-0.04067061974,0
1.5504,-0.0509182349,0
1.5506,-0.05426560229,0
1.5508,-0.1508750623,0
1.551,-0.1069328462,0
1.5512,-0.1226529491,0
1.5514,-0.1263875571,0
1.5516,-0.2822569133,0
1.5518,-0.2811225539,0
1.552,-0.2988567542,0
1.5522,-0.2563929789,0
1.5524,-0.30116053,0
1.5526,-0.2811670844,0
1.5528,-0.2874088023,0
1.553,-0.2469229085,0
1.5532,-0.2647403184,0
1.5534,-0.3342480625,0
1.5536,-0.3313897719,0
1.5538,-0.4070078277,0
1.554,-0.370321702,0
1.5542,-0.3636051973,0
1.5544,-0.3852212977,0
1.5546,-0.2937736654,0
1.5548,-0.4839629556,0
1.555,-0.4141949906,0
1.5552,-0.3986178035,0
1.5554,-0.3711666619,0
1.5556,-0.3984898853,0
1.5558,-0.4898496386,0
1.556,-0.4681240708,0
1.5562,-0.4162395035,0
1.5564,-0.4390705855,0
1.5566,-0.4066918545,0
1.5568,-0.436878972,0
1.557,-0.4773319074,0
1.5572,-0.492098723,0
1.5574,-0.4585898611,0
1.5576,-0.5259022676,0
1.5578,-0.5194489396,0
1.558,-0.4735290314,0
1.5582,-0.5494170542,0
1.5584,-0.5264356285,0
1.5586,-0.663184405,0
1.5588,-0.6056539047,0
1.559,-0.5886171301,0
1.5592,-0.5834900217,0
1.5594,-0.6288425525,0
1.5596,-0.6383020802,0
1.5598,-0.6939419802,0
1.56,-0.6827593156,0
1.5602,-0.6691920711,0
1.5604,-0.7603433874,0
1.5606,-0.8003107037,0
1.5608,-0.7271936682,0
1.561,-0.7179678525,0
1.5612,-0.7591495382,0
1.5614,-0.8675415861,0
1.5616,-0.8772670556,0
1.5618,-0.9093640306,0
1.562,-0.8960880291,0
1.5622,-0.9125906031,0
1.5624,-1.000787273,0
1.5626,-0.9726556195,0
1.5628,-1.00844918,0
1.563,-0.9904135314,0
1.5632,-1.081534315,0
1.5634,-1.086779009,0
1.5636,-1.195665159,0
1.5638,-1.16546664,0
1.564,-1.14491483,0
1.5642,-1.243157708,0
1.5644,-1.245520101,0
1.5646,-1.232672021,0
1.5648,-1.261742467,0
1.565,-1.300758532,0
1.5652,-1.29938249,0
1.5654,-1.266815613,0
1.5656,-1.240910557,0
1.5658,-1.267782017,0
1.566,-1.297484757,0
1.5662,-1.257233678,0
1.5664,-1.373406779,0
1.5666,-1.263074282,0
1.5668,-1.299741983,0
1.567,-1.298721373,0
1.5672,-1.309550712,0
1.5674,-1.270100339,0
1.5676,-1.234540224,0
1.5678,-1.259067484,0
1.568,-1.247422785,0
1.5682,-1.166210859,0
1.5684,-1.092638691,0
1.5686,-1.076143516,0
1.5688,-1.042440078,0
1.569,-1.076078001,0
1.5692,-1.028281903,0
1.5694,-0.981138969,0
1.5696,-0.8429531036,0
1.5698,-0.8889775792,0
1.57,-0.7722845325,0
1.5702,-0.7333588168,0
1.5704,-0.7446610557,0
1.5706,-0.634647657,0
1.5708,-0.5381268111,0
1.571,-0.5040687076,0
1.5712,-0.4583135611,0
1.5714,-0.3603881948,0
1.5716,-0.3956017032,0
1.5718,-0.2930772152,0
1.572,-0.203603923,0
1.5722,-0.1082884437,0
1.5724,-0.01923842494,0
1.5726,-0.02553139504,1
1.5728,0.06992718931,1
1.573,0.1849668744,1
1.5732,0.2503372475,1
1.5734,0.2462342366,1
1.5736,0.3002572303,1
1.5738,0.3882715667,1
1.574,0.4814811924,1
1.5742,0.4329642644,1
1.5744,0.6477788142,1
1.5746,0.6421615816,1
1.5748,0.7496771043,1
1.575,0.8232053958,1
1.5752,0.8005495195,1
1.5754,0.8092211984,1
1.5756,0.8488924668,1
1.5758,1.029346953,1
1.576,0.9797655841,1
1.5762,1.045247117,0
1.5764,1.029569088,0
1.5766,1.098544762,0
1.5768,1.162471886,0
1.577,1.201293687,0
1.5772,1.205611972,0
1.5774,1.188271671,0
1.5776,1.240431701,0
1.5778,1.254906757,0
1.578,1.328903187,0
1.5782,1.267323949,0
1.5784,1.249420811,0
1.5786,1.321171783,0
1.5788,1.270788753,0
1.579,1.359914814,0
1.5792,1.357485542,0
1.5794,1.284499804,0
1.5796,1.276258564,0
1.5798,1.308843887,0
1.58,1.205266119,0
1.5802,1.298737961,0
1.5804,1.294424335,0
1.5806,1.233466184,0
1.5808,1.208914675,0
1.581,1.159133467,0
1.5812,1.128740723,0
1.5814,1.155923078,0
1.5816,1.129131249,0
1.5818,1.068750443,0
1.582,1.107484949,0
1.5822,1.026371539,0
1.5824,1.054032461,0
1.5826,0.9486505722,0
1.5828,0.974903735,0
1.583,0.9601592782,0
1.5832,0.9483671637,0
1.5834,0.8701709065,0
1.5836,0.8577448031,0
1.5838,0.835392774,0
1.584,0.8498208879,0
1.5842,0.7452214933,0
1.5844,0.7481353336,0
1.5846,0.6621071327,0
1.5848,0.7770728923,0
1.585,0.6973098689,0
1.5852,0.6552091792,0
1.5854,0.6443217656,0
1.5856,0.6609815951,0
1.5858,0.5990768735,0
1.586,0.6056213811,0
1.5862,0.5208103913,0
1.5864,0.5123802467,0
1.5866,0.5956407613,0
1.5868,0.5370540132,0
1.587,0.4574997665,0
1.5872,0.5143114336,0
1.5874,0.530015424,0
1.5876,0.5506757736,0
1.5878,0.4467426015,0
1.588,0.4756223566,0
1.5882,0.4269007436,0
1.5884,0.382824925,0
1.5886,0.4025543011,0
1.5888,0.4321651093,0
1.589,0.4050057736,0
1.5892,0.4084255006,0
1.5894,0.3907315737,0
1.5896,0.4116243479,0
1.5898,0.4854883448,0
1.59,0.4103982858,0
1.5902,0.4201449418,0
1.5904,0.4504435113,0
1.5906,0.306754921,0
1.5908,0.3043161462,0
1.591,0.3112423817,0
1.5912,0.2818841317,0
1.5914,0.3668786632,0
1.5916,0.2645350534,0
1.5918,0.2738575275,0
1.592,0.3271227947,0
1.5922,0.242006918,0
1.5924,0.2729922207,0
1.5926,0.2818394043,0
1.5928,0.2077004066,0
1.593,0.2669295317,0
1.5932,0.2300988185,0
1.5934,0.204588155,0
1.5936,0.1649851204,0
1.5938,0.1148250659,0
1.594,0.2137717429,0
1.5942,0.09530391043,0
1.5944,0.08926691514,0
1.5946,0.0764346621,0
1.5948,0.05568071374,0
1.595,0.06600012642,0
1.5952,-0.007150973742,0
1.5954,0.00343585783,0
1.5956,0.0240710141,0
1.5958,-0.07693008095,0
1.596,-0.05444370285,0
1.5962,-0.1227049198,0
1.5964,-0.09682672243,0
1.5966,-0.1001548811,0
1.5968,-0.1613570914,0
1.597,-0.06976448544,0
1.5972,-0.2199984082,0
1.5974,-0.1331638488,0
1.5976,-0.2029049751,0
1.5978,-0.1998198347,0
1.598,-0.2674431751,0
1.5982,-0.2185558241,0
1.5984,-0.2400332756,0
1.5986,-0.3365462932,0
1.5988,-0.2906333955,0
1.599,-0.3056715653,0
1.5992,-0.2743407035,0
1.5994,-0.368785822,0
1.5996,-0.3007831383,0
1.5998,-0.327475885,0
1.6,-0.2891758989,0
1.6002,-0.4131266285,0
1.6004,-0.3297657974,0
1.6006,-0.4852539405,0
1.6008,-0.4379426939,0
1.601,-0.4066952015,0
1.6012,-0.4481578044,0
1.6014,-0.3794374651,0
1.6016,-0.4374866845,0
1.6018,-0.421503078,0
1.602,-0.4344951797,0
1.6022,-0.4127223995,0
1.6024,-0.4773368298,0
1.6026,-0.4163430291,0
1.6028,-0.4740100264,0
1.603,-0.4582157968,0
1.6032,-0.4608665782,0
1.6034,-0.4751757355,0
1.6036,-0.5382777157,0
1.6038,-0.5409516903,0
1.604,-0.5548812355,0
1.6042,-0.5349599895,0
1.6044,-0.5507254101,0
1.6046,-0.6608601025,0
1.6048,-0.6728740586,0
1.605,-0.576193637,0
1.6052,-0.6706511524,0
1.6054,-0.6255572985,0
1.6056,-0.6951571999,0
1.6058,-0.6683569808,0
1.606,-0.6946162312,0
1.6062,-0.7701110894,0
1.6064,-0.7039862473,0
1.6066,-0.7273692165,0
1.6068,-0.7772889059,0
1.607,-0.897266375,0
1.6072,-0.879925421,0
1.6074,-0.8569652827,0
1.6076,-0.8652120958,0
1.6078,-0.9627462939,0
1.608,-1.059543576,0
1.6082,-1.024689596,0
1.6084,-0.983851631,0
1.6086,-1.069461881,0
1.6088,-1.005419938,0
1.609,-1.101802904,0
1.6092,-1.048876685,0
1.6094,-1.183945424,0
1.6096,-1.162974156,0
1.6098,-1.152896148,0
1.61,-1.239707729,0
1.6102,-1.085303263,0
1.6104,-1.191990788,0
1.6106,-1.274103331,0
1.6108,-1.251767414,0
1.611,-1.297069578,0
1.6112,-1.301694384,0
1.6114,-1.248494379,0
1.6116,-1.298827914,0
1.6118,-1.241602269,0
1.612,-1.311839,0
1.6122,-1.27147891,0
1.6124,-1.276770621,0
1.6126,-1.245937005,0
1.6128,-1.29506795,0
1.613,-1.249707153,0
1.6132,-1.23407621,0
1.6134,-1.288538243,0
1.6136,-1.173834727,0
1.6138,-1.167850729,0
1.614,-1.182430741,0
1.6142,-1.090042406,0
1.6144,-1.044798148,0
1.6146,-1.060533577,0
1.6148,-0.9825550769,0
1.615,-0.9017906347,0
1.6152,-0.8963216956,0
1.6154,-0.8582269579,0
1.6156,-0.8156739994,0
1.6158,-0.7917814414,0
1.616,-0.6555901134,0
1.6162,-0.6439847164,0
1.6164,-0.6145172207,0
1.6166,-0.6313464748,0
1.6168,-0.451617126,0
1.617,-0.4121887868,0
1.6172,-0.3277700901,0
1.6174,-0.2510634119,0
1.6176,-0.1919978323,0
1.6178,-0.09710461948,0
1.618,-0.005037261937,0
1.6182,0.007773936663,1
1.6184,0.1070194259,1
1.6186,0.1421110439,1
1.6188,0.2642438902,1
1.619,0.291217836,1
1.6192,0.3571051754,1
1.6194,0.4454827865,1
1.6196,0.4986485452,1
1.6198,0.5371566928,1
1.62,0.6321472786,1
1.6202,0.7097431757,1
1.6204,0.7366717389,1
1.6206,0.7719397618,1
1.6208,0.8945891694,1
1.621,0.90098877,1
1.6212,0.9120304642,1
1.6214,0.954385322,1
1.6216,1.024926271,1
1.6218,1.118292256,0
1.622,1.157871936,0
1.6222,1.170652563,0
1.6224,1.125108245,0
1.6226,1.185521372,0
1.6228,1.276742823,0
1.623,1.278664552,0
1.6232,1.273557075,0
1.6234,1.311038255,0
1.6236,1.280146086,0
1.6238,1.314212923,0
1.624,1.325352655,0
1.6242,1.277078034,0
1.6244,1.349692736,0
1.6246,1.292567326,0
1.6248,1.328920016,0
1.625,1.256165288,0
1.6252,1.342943269,0
1.6254,1.361398516,0
1.6256,1.238056751,0
1.6258,1.27179827,0
1.626,1.189538825,0
1.6262,1.282005104,0
1.6264,1.133962798,0
1.6266,1.151233153,0
1.6268,1.120911431,0
1.627,1.185101864,0
1.6272,1.050571031,0
1.6274,1.080351644,0
1.6276,1.082901566,0
1.6278,1.024983647,0
1.628,0.9679635401,0
1.6282,0.9708113001,0
1.6284,0.9116248892,0
1.6286,0.9306512402,0
1.6288,0.9006072884,0
1.629,0.860412915,0
1.6292,0.8623203869,0
1.6294,0.7828594089,0
1.6296,0.7632714082,0
1.6298,0.7607287028,0
1.63,0.7493224133,0
1.6302,0.6872173489,0
1.6304,0.7059697767,0
1.6306,0.6869514863,0
1.6308,0.6452466366,0
1.631,0.6177951988,0
1.6312,0.5867639404,0
1.6314,0.6405016282,0
1.6316,0.5429573974,0
1.6318,0.6216404581,0
1.632,0.5300061352,0
1.6322,0.4707071421,0
1.6324,0.5430464587,0
1.6326,0.5108689734,0
1.6328,0.4755533013,0
1.633,0.4775739227,0
1.6332,0.4641239337,0
1.6334,0.4904421244,0
1.6336,0.4085219862,0
1.6338,0.4058413534,0
1.634,0.4859376548,0
1.6342,0.4510172798,0
1.6344,0.4142081965,0
1.6346,0.4738067518,0
1.6348,0.3862988599,0
1.635,0.4813075396,0
1.6352,0.3621418489,0
1.6354,0.39426281,0
1.6356,0.3834588177,0
1.6358,0.4244095747,0
1.636,0.3813189346,0
1.6362,0.3669753724,0
1.6364,0.362818952,0
1.6366,0.3649987277,0
1.6368,0.3571712955,0
1.637,0.28006462,0
1.6372,0.2714560421,0
1.6374,0.2885195675,0
1.6376,0.2024988703,0
1.6378,0.184183969,0
1.638,0.2482278452,0
1.6382,0.2368316923,0
1.6384,0.1902008167,0
1.6386,0.157121661,0
1.6388,0.1356697262,0
1.639,0.1612216461,0
1.6392,0.2040538155,0
1.6394,0.1029832058,0
1.6396,0.1149413496,0
1.6398,0.07591362055,0
1.64,0.04985275758,0
1.6402,0.07206761529,0
1.6404,-0.0404126431,0
1.6406,-0.02033530714,0
1.6408,-0.005054451769,0
1.641,-0.03326889914,0
1.6412,-0.1198593996,0
1.6414,-0.007563508641,0
1.6416,0.0004546296627,0
1.6418,-0.1380934905,0
1.642,-0.09503578216,0
1.6422,-0.1314637854,0
1.6424,-0.1637954552,0
1.6426,-0.2377180783,0
1.6428,-0.1733341931,0
1.643,-0.203413077,0
1.6432,-0.2697133083,0
1.6434,-0.2088044419,0
1.6436,-0.2866206594,0
1.6438,-0.2316089602,0
1.644,-0.2831636757,0
1.6442,-0.3181378063,0
1.6444,-0.2307201492,0
1.6446,-0.267583778,0
1.6448,-0.3066400427,0
1.645,-0.3806909416,0
1.6452,-0.3697718677,0
1.6454,-0.341430346,0
1.6456,-0.3937319135,0
1.6458,-0.4070714186,0
1.646,-0.3719824651,0
1.6462,-0.3858124158,0
1.6464,-0.4567685825,0
1.6466,-0.3802545191,0
1.6468,-0.419666507,0
1.647,-0.3471055052,0
1.6472,-0.4385597857,0
1.6474,-0.4502974399,0
1.6476,-0.4822509188,0
1.6478,-0.4377143045,0
1.648,-0.485369262,0
1.6482,-0.4773985837,0
1.6484,-0.4499308922,0
1.6486,-0.4479462738,0
1.6488,-0.5048574592,0
1.649,-0.5383043836,0
1.6492,-0.546427645,0
1.6494,-0.5962316164,0
1.6496,-0.5165290625,0
1.6498,-0.5614609985,0
1.65,-0.6550656331,0
1.6502,-0.6688718323,0
1.6504,-0.6661696328,0
1.6506,-0.5973187858,0
1.6508,-0.736631717,0
1.651,-0.7067308049,0
1.6512,-0.7196380523,0
1.6514,-0.7916955258,0
1.6516,-0.7854765025,0
1.6518,-0.7380921594,0
1.652,-0.7778253797,0
1.6522,-0.9071731463,0
1.6524,-0.8605915125,0
1.6526,-0.9039132587,0
1.6528,-0.8868975492,0
1.653,-1.00652809,0
1.6532,-0.9823360458,0
1.6534,-0.9854071297,0
1.6536,-1.08369302,0
1.6538,-1.068219233,0
1.654,-1.094726935,0
1.6542,-1.101107587,0
1.6544,-1.16594725,0
1.6546,-1.061848486,0
1.6548,-1.161476568,0
1.655,-1.250437605,0
1.6552,-1.259123955,0
1.6554,-1.288767023,0
1.6556,-1.257083127,0
1.6558,-1.272564513,0
1.656,-1.257603807,0
1.6562,-1.28363764,0
1.6564,-1.329999649,0
1.6566,-1.325510677,0
1.6568,-1.286243628,0
1.657,-1.279105031,0
1.6572,-1.356115868,0
1.6574,-1.318428829,0
1.6576,-1.256119338,0
1.6578,-1.301076252,0
1.658,-1.255705995,0
1.6582,-1.275468746,0
1.6584,-1.174242497,0
1.6586,-1.206321575,0
1.6588,-1.183649125,0
1.659,-1.115293065,0
1.6592,-1.104244755,0
1.6594,-1.049249864,0
1.6596,-0.9702213883,0
1.6598,-0.9753738817,0
1.66,-0.9246853721,0
1.6602,-0.8184591406,0
1.6604,-0.832072603,0
1.6606,-0.7794095166,0
1.6608,-0.6783260095,0
1.661,-0.7040646093,0
1.6612,-0.5468716941,0
1.6614,-0.5371549373,0
1.6616,-0.4926260841,0
1.6618,-0.4182499405,0
1.662,-0.3619352393,0
1.6622,-0.2367162423,0
1.6624,-0.219194071,0
1.6626,-0.2082013443,0
1.6628,-0.08193202149,0
1.663,0.04129990009,1
1.6632,0.07525871146,1
1.6634,0.1293429047,1
1.6636,0.1818740789,1
1.6638,0.3388118442,1
1.664,0.3387213424,1
1.6642,0.4519979303,1
1.6644,0.4142953232,1
1.6646,0.5464644778,1
1.6648,0.5850867012,1
1.665,0.6696870224,1
1.6652,0.7449045843,1
1.6654,0.7780524692,1
1.6656,0.86401407,1
1.6658,0.9445541561,1
1.666,0.9523647115,1
1.6662,0.9479337557,1
1.6664,1.075579729,1
1.6666,1.048916028,0
1.6668,1.112630763,0
1.667,1.189362702,0
1.6672,1.181920218,0
1.6674,1.198463207,0
1.6676,1.220105378,0
1.6678,1.200723381,0
1.668,1.250212027,0
1.6682,1.232437975,0
1.6684,1.309962671,0
1.6686,1.282598183,0
1.6688,1.306020328,0
1.669,1.350379116,0
1.6692,1.340579842,0
1.6694,1.317223655,0
1.6696,1.332585521,0
1.6698,1.31959946,0
1.67,1.280494234,0
1.6702,1.293110483,0
1.6704,1.308041416,0
1.6706,1.225752483,0
1.6708,1.227803522,0
1.671,1.134437311,0
1.6712,1.142422643,0
1.6714,1.157362272,0
1.6716,1.112180435,0
1.6718,1.113113723,0
1.672,1.066770539,0
1.6722,1.044390511,0
1.6724,1.022569311,0
1.6726,0.9727899947,0
1.6728,0.996645896,0
1.673,0.9137301467,0
1.6732,0.9167745984,0
1.6734,0.9378665892,0
1.6736,0.8657618966,0
1.6738,0.8098805426,0
1.674,0.7877472481,0
1.6742,0.8053460009,0
1.6744,0.7847853129,0
1.6746,0.7065175345,0
1.6748,0.6862345739,0
1.675,0.7680288799,0
1.6752,0.6341436521,0
1.6754,0.7072869532,0
1.6756,0.6353756111,0
1.6758,0.583990444,0
1.676,0.5821475053,0
1.6762,0.5612149026,0
1.6764,0.5456162646,0
1.6766,0.560041604,0
1.6768,0.4638018214,0
1.677,0.5604925872,0
1.6772,0.5243676859,0
1.6774,0.4629770843,0
1.6776,0.4219811905,0
1.6778,0.5410595336,0
1.678,0.4010581092,0
1.6782,0.4675085205,0
1.6784,0.4687815841,0
1.6786,0.3903430212,0
1.6788,0.4777521502,0
1.679,0.3605126777,0
1.6792,0.3435267471,0
1.6794,0.3560086342,0
1.6796,0.3648909074,0
1.6798,0.4454039693,0
1.68,0.3329345821,0
1.6802,0.4484130247,0
1.6804,0.3713559109,0
1.6806,0.3948261474,0
1.6808,0.3656129928,0
1.681,0.3045751332,0
1.6812,0.3118776314,0
1.6814,0.3307039563,0
1.6816,0.3172600152,0
1.6818,0.367419937,0
1.682,0.2380977864,0
1.6822,0.2068874621,0
1.6824,0.1970427819,0
1.6826,0.1780569682,0
1.6828,0.2079992512,0
1.683,0.2119909346,0
1.6832,0.2599629417,0
1.6834,0.1690347357,0
1.6836,0.1220105426,0
1.6838,0.13400648,0
1.684,0.1898410985,0
1.6842,0.07024000623,0
1.6844,0.03627482188,0
1.6846,0.07115360605,0
1.6848,0.06106323616,0
1.685,0.04156025757,0
1.6852,0.0173072772,0
1.6854,0.01271917864,0
1.6856,0.02617478628,0
1.6858,0.007354618133,0
1.686,-0.04478763037,0
1.6862,-0.08985258587,0
1.6864,-0.1566436853,0
1.6866,-0.1676001465,0
1.6868,-0.2155622883,0
1.687,-0.2011343779,0
1.6872,-0.1890238217,0
1.6874,-0.178232799,0
1.6876,-0.2756641147,0
1.6878,-0.1883790972,0
1.688,-0.2653616851,0
1.6882,-0.3465499416,0
1.6884,-0.2720033771,0
1.6886,-0.3354388415,0
1.6888,-0.3454317009,0
1.689,-0.3247448103,0
1.6892,-0.3776027476,0
1.6894,-0.3413803936,0
1.6896,-0.3466088919,0
1.6898,-0.3182092823,0
1.69,-0.409716647,0
1.6902,-0.4294642489,0
1.6904,-0.2862838045,0
1.6906,-0.4222402003,0
1.6908,-0.3519283751,0
1.691,-0.4187534416,0
1.6912,-0.4359518696,0
1.6914,-0.3430869037,0
1.6916,-0.4026745035,0
1.6918,-0.4628396159,0
1.692,-0.4637797641,0
1.6922,-0.4335890994,0
1.6924,-0.4784931537,0
1.6926,-0.4606618836,0
1.6928,-0.5060155806,0
1.693,-0.5100625373,0
1.6932,-0.5055060522,0
1.6934,-0.5360522995,0
1.6936,-0.5971481554,0
1.6938,-0.5530000129,0
1.694,-0.612195562,0
1.6942,-0.6050345012,0
1.6944,-0.6249980833,0
1.6946,-0.6676574676,0
1.6948,-0.5684759708,0
1.695,-0.7256107689,0
1.6952,-0.6388160013,0
1.6954,-0.7588004395,0
1.6956,-0.7517557282,0
1.6958,-0.7208214817,0
1.696,-0.7801163813,0
1.6962,-0.7982242677,0
1.6964,-0.7563372038,0
1.6966,-0.8328171855,0
1.6968,-0.8363012875,0
1.697,-0.9055610439,0
1.6972,-0.9384003261,0
1.6974,-0.9675070222,0
1.6976,-0.9312963699,0
1.6978,-1.150199345,0
1.698,-1.035412733,0
1.6982,-1.057703317,0
1.6984,-1.171837618,0
1.6986,-1.120244258,0
1.6988,-1.163372144,0
1.699,-1.21548051,0
1.6992,-1.190768791,0
1.6994,-1.264513781,0
1.6996,-1.178940766,0
1.6998,-1.30624132,0
1.7,-1.317594071,0
1.7002,-1.300272253,0
1.7004,-1.293723064,0
1.7006,-1.275189688,0
1.7008,-1.294545815,0
1.701,-1.30668241,0
1.7012,-1.413353474,0
1.7014,-1.324677502,0
1.7016,-1.304519154,0
1.7018,-1.25430268,0
1.702,-1.321618746,0
1.7022,-1.249205627,0
1.7024,-1.262266927,0
1.7026,-1.256682636,0
1.7028,-1.20046638,0
1.703,-1.180043746,0
1.7032,-1.134497282,0
1.7034,-1.10769498,0
1.7036,-1.030925713,0
1.7038,-0.9931755991,0
1.704,-1.024038668,0
1.7042,-0.8735602635,0
1.7044,-0.8291128977,0
1.7046,-0.7968717513,0
1.7048,-0.7684007122,0
1.705,-0.6408656521,0
1.7052,-0.6727936539,0
1.7054,-0.5860319547,0
1.7056,-0.5698238396,0
1.7058,-0.4583274289,0
1.706,-0.3515549051,0
1.7062,-0.3470798952,0
1.7064,-0.2283955477,0
1.7066,-0.2281078695,0
1.7068,-0.09828393998,0
1.707,0.01869026869,0
1.7072,0.01451935766,1
1.7074,0.0921986315,1
1.7076,0.2112720272,1
1.7078,0.2786682096,1
1.708,0.305646391,1
1.7082,0.3862517217,1
1.7084,0.4459962816,1
1.7086,0.5488910825,1
1.7088,0.601631523,1
1.709,0.6497907432,1
1.7092,0.6700119389,1
1.7094,0.6978818482,1
1.7096,0.7383155223,1
1.7098,0.8841967062,1
1.71,1.040426471,1
1.7102,0.9913114352,1
1.7104,1.048441526,1
1.7106,1.051776802,1
1.7108,1.109502771,0
1.711,1.087655959,0
1.7112,1.166031136,0
1.7114,1.144060923,0
1.7116,1.241545592,0
1.7118,1.190773876,0
1.712,1.300749033,0
1.7122,1.276360234,0
1.7124,1.31706832,0
1.7126,1.316308352,0
1.7128,1.250190946,0
1.713,1.259358302,0
1.7132,1.353474935,0
1.7134,1.325849195,0
1.7136,1.337452435,0
1.7138,1.380575695,0
1.714,1.31555184,0
1.7142,1.340283768,0
1.7144,1.254667317,0
1.7146,1.218810179,0
1.7148,1.234147925,0
1.715,1.211199793,0
1.7152,1.197462041,0
1.7154,1.193925034,0
1.7156,1.172028282,0
1.7158,1.164301554,0
1.716,1.070711772,0
1.7162,1.033808531,0
1.7164,1.051361284,0
1.7166,1.038022339,0
1.7168,0.989998103,0
1.717,0.9607798061,0
1.7172,0.9970542541,0
1.7174,0.9140447313,0
1.7176,0.8246879873,0
1.7178,0.8191989894,0
1.718,0.8791664473,0
1.7182,0.8212309041,0
1.7184,0.7057139437,0
1.7186,0.7018224817,0
1.7188,0.7289148612,0
1.719,0.6774179331,0
1.7192,0.6887425789,0
1.7194,0.6056539536,0
1.7196,0.6278373693,0
1.7198,0.6222655039,0
1.72,0.6178487814,0
1.7202,0.5800243849,0
1.7204,0.5585965208,0
1.7206,0.5423601188,0
1.7208,0.5534436358,0
1.721,0.5459633048,0
1.7212,0.4790756154,0
1.7214,0.4647269075,0
1.7216,0.4887108366,0
1.7218,0.4306639857,0
1.722,0.4541298497,0
1.7222,0.5499035925,0
1.7224,0.4661392922,0
1.7226,0.419028288,0
1.7228,0.4088848083,0
1.723,0.3941399197,0
1.7232,0.3709084374,0
1.7234,0.3939302962,0
1.7236,0.4261549232,0
1.7238,0.4263155824,0
1.724,0.4119991997,0
1.7242,0.2922425653,0
1.7244,0.371785893,0
1.7246,0.3212409653,0
1.7248,0.3474855841,0
1.725,0.3274252755,0
1.7252,0.3056252332,0
1.7254,0.2578276622,0
1.7256,0.2908893257,0
1.7258,0.2807354452,0
1.726,0.2872023659,0
1.7262,0.255662495,0
1.7264,0.2022064576,0
1.7266,0.2826629751,0
1.7268,0.2718076689,0
1.727,0.1775479894,0
1.7272,0.1197500114,0
1.7274,0.2471562411,0
1.7276,0.2013620218,0
1.7278,0.14771034,0
1.728,0.03531491337,0
1.7282,0.1473948544,0
1.7284,0.1028941124,0
1.7286,0.01366523126,0
1.7288,-0.07724390658,0
1.729,0.05668604043,0
1.7292,-0.04611050806,0
1.7294,-0.03598446234,0
1.7296,-0.03391233564,0
1.7298,-0.03564453857,0
1.73,-0.1089340347,0
1.7302,-0.09278657739,0
1.7304,-0.1253691831,0
1.7306,-0.1624213503,0
1.7308,-0.1516549021,0
1.731,-0.199768184,0
1.7312,-0.2165587642,0
1.7314,-0.230565947,0
1.7316,-0.3023016453,0
1.7318,-0.2813290105,0
1.732,-0.314801989,0
1.7322,-0.2558744868,0
1.7324,-0.3583224562,0
1.7326,-0.2321377835,0
1.7328,-0.314569229,0
1.733,-0.3336100329,0
1.7332,-0.3941994481,0
1.7334,-0.3733280607,0
1.7336,-0.2970545385,0
1.7338,-0.3696129992,0
1.734,-0.4449162276,0
1.7342,-0.3550485521,0
1.7344,-0.3316210621,0
1.7346,-0.4246689759,0
1.7348,-0.4160494573,0
1.735,-0.3598920566,0
1.7352,-0.5271966778,0
1.7354,-0.3889750067,0
1.7356,-0.4731993491,0
1.7358,-0.4390894147,0
1.736,-0.4152499097,0
1.7362,-0.4415568395,0
1.7364,-0.4632620164,0
1.7366,-0.4437358764,0
1.7368,-0.5335374795,0
1.737,-0.5122542239,0
1.7372,-0.5632538427,0
1.7374,-0.5334826757,0
1.7376,-0.5818376713,0
1.7378,-0.6162140596,0
1.738,-0.6331510874,0
1.7382,-0.5756433485,0
1.7384,-0.7038977486,0
1.7386,-0.707463313,0
1.7388,-0.7499363836,0
1.739,-0.7473444531,0
1.7392,-0.7960052345,0
1.7394,-0.7990071002,0
1.7396,-0.8188459274,0
1.7398,-0.7348412599,0
1.74,-0.8202927766,0
1.7402,-0.8828139634,0
1.7404,-0.9545335447,0
1.7406,-0.9358321477,0
1.7408,-0.8787682862,0
1.741,-0.9782640806,0
1.7412,-0.9558600282,0
1.7414,-1.004726951,0
1.7416,-1.043830246,0
1.7418,-1.084253953,0
1.742,-1.106167791,0
1.7422,-1.140722622,0
1.7424,-1.179097971,0
1.7426,-1.172821152,0
1.7428,-1.155999814,0
1.743,-1.195553924,0
1.7432,-1.298945285,0
1.7434,-1.230916506,0
1.7436,-1.254574632,0
1.7438,-1.305974778,0
1.744,-1.25982847,0
1.7442,-1.278126431,0
1.7444,-1.234027891,0
1.7446,-1.398030514,0
1.7448,-1.28278824,0
1.745,-1.353864993,0
1.7452,-1.299002691,0
1.7454,-1.274678694,0
1.7456,-1.224299248,0
1.7458,-1.259967354,0
1.746,-1.281876565,0
1.7462,-1.195137279,0
1.7464,-1.181640538,0
1.7466,-1.126897575,0
1.7468,-1.249249183,0
1.747,-1.103764221,0
1.7472,-1.187183642,0
1.7474,-1.014864912,0
1.7476,-0.9819205499,0
1.7478,-0.965790356,0
1.748,-0.8646648654,0
1.7482,-0.8195231863,0
1.7484,-0.7281692599,0
1.7486,-0.6549468003,0
1.7488,-0.6466440165,0
1.749,-0.5957897021,0
1.7492,-0.5530587936,0
1.7494,-0.4053911924,0
1.7496,-0.3898265552,0
1.7498,-0.3258318338,0
1.75,-0.2208346334,0
1.7502,-0.1982039381,0
1.7504,-0.1113175135,0
1.7506,-0.02932727448,0
1.7508,0.08217107948,1
1.751,0.07344077795,1
1.7512,0.1405085083,1
1.7514,0.2343685894,1
1.7516,0.3015882948,1
1.7518,0.3673128741,1
1.752,0.4970657674,1
1.7522,0.5136568555,1
1.7524,0.6714190064,1
1.7526,0.7004627082,1
1.7528,0.7235189102,1
1.753,0.7760128128,1
1.7532,0.8641505675,1
1.7534,0.9861886086,1
1.7536,0.9578733644,1
1.7538,0.9494070891,1
1.754,1.03368,1
1.7542,1.208878462,0
1.7544,1.074050457,0
1.7546,1.134109066,0
1.7548,1.179192374,0
1.755,1.183009847,0
1.7552,1.283742904,0
1.7554,1.224527685,0
1.7556,1.26435236,0
1.7558,1.303475046,0
1.756,1.316885032,0
1.7562,1.292265818,0
1.7564,1.312453602,0
1.7566,1.304832453,0
1.7568,1.169267341,0
1.757,1.332337121,0
1.7572,1.30428904,0
1.7574,1.280184782,0
1.7576,1.310905685,0
1.7578,1.188133145,0
1.758,1.294750053,0
1.7582,1.202240799,0
1.7584,1.16705201,0
1.7586,1.142543257,0
1.7588,1.176065529,0
1.759,1.110940987,0
1.7592,1.140673527,0
1.7594,1.027805123,0
1.7596,1.106497175,0
1.7598,1.021813064,0
1.76,1.075873423,0
1.7602,0.9908937077,0
1.7604,0.9287114035,0
1.7606,0.9071174065,0
1.7608,0.813147599,0
1.761,0.851716174,0
1.7612,0.7835930015,0
1.7614,0.780723924,0
1.7616,0.8674181104,0
1.7618,0.7132083486,0
1.762,0.7543535262,0
1.7622,0.7290556387,0
1.7624,0.6729145944,0
1.7626,0.6586331353,0
1.7628,0.6153281884,0
1.763,0.6958025099,0
1.7632,0.6265945584,0
1.7634,0.6281717439,0
1.7636,0.4978034948,0
1.7638,0.5472020563,0
1.764,0.4943068751,0
1.7642,0.5696312529,0
1.7644,0.5004655129,0
1.7646,0.4685577109,0
1.7648,0.4922864689,0
1.765,0.4845053615,0
1.7652,0.4640843506,0
1.7654,0.5227292472,0
1.7656,0.4889719497,0
1.7658,0.4488399732,0
1.766,0.456700315,0
1.7662,0.4095018948,0
1.7664,0.3587589326,0
1.7666,0.4065757078,0
1.7668,0.3033288081,0
1.767,0.4284723143,0
1.7672,0.3648612967,0
1.7674,0.2963906866,0
1.7676,0.3693884996,0
1.7678,0.4630232449,0
1.768,0.3172115778,0
1.7682,0.3288337427,0
1.7684,0.3427775305,0
1.7686,0.26343516,0
1.7688,0.3613964631,0
1.769,0.2709515395,0
1.7692,0.2863247626,0
1.7694,0.2932426079,0
1.7696,0.238665207,0
1.7698,0.2571778937,0
1.77,0.1480734458,0
1.7702,0.1380045675,0
1.7704,0.1853252994,0
1.7706,0.1315038832,0
1.7708,0.1154054297,0
1.771,0.1219582612,0
1.7712,0.1274716867,0
1.7714,0.1361382616,0
1.7716,0.140879524,0
1.7718,0.1011063953,0
1.772,0.06155142299,0
1.7722,-0.0313139307,0
1.7724,-0.05355179327,0
1.7726,-0.08795762524,0
1.7728,-0.07504276717,0
1.773,-0.06791708703,0
1.7732,-0.01567272906,0
1.7734,-0.1459950896,0
1.7736,-0.1095494524,0
1.7738,-0.1760979518,0
1.774,-0.1747993756,0
1.7742,-0.2620410583,0
1.7744,-0.1083247141,0
1.7746,-0.2134672169,0
1.7748,-0.239644394,0
1.775,-0.2514520821,0
1.7752,-0.3264527052,0
1.7754,-0.2467916175,0
1.7756,-0.2796640947,0
1.7758,-0.2701287549,0
1.776,-0.2529086365,0
1.7762,-0.2972881391,0
1.7764,-0.3598771636,0
1.7766,-0.3622932206,0
1.7768,-0.4184165127,0
1.777,-0.2725853071,0
1.7772,-0.4344256236,0
1.7774,-0.3360692345,0
1.7776,-0.4308717373,0
1.7778,-0.3917153765,0
1.778,-0.4113856714,0
1.7782,-0.4588342895,0
1.7784,-0.3892986794,0
1.7786,-0.4050074223,0
1.7788,-0.4386614568,0
1.779,-0.4174478973,0
1.7792,-0.3907236532,0
1.7794,-0.5192250024,0
1.7796,-0.5038859203,0
1.7798,-0.5503803175,0
1.78,-0.5385689241,0
1.7802,-0.5325776268,0
1.7804,-0.5458099179,0
1.7806,-0.5463869279,0
1.7808,-0.498286253,0
1.781,-0.5460390024,0
1.7812,-0.6156234565,0
1.7814,-0.5962400923,0
1.7816,-0.6618615297,0
1.7818,-0.6196375872,0
1.782,-0.6991461957,0
1.7822,-0.7104260619,0
1.7824,-0.7857733449,0
1.7826,-0.7745923065,0
1.7828,-0.6983342827,0
1.783,-0.9097862287,0
1.7832,-0.8376978271,0
1.7834,-0.8877080222,0
1.7836,-0.9118831189,0
1.7838,-0.8669840785,0
1.784,-0.9783605269,0
1.7842,-1.039125813,0
1.7844,-1.013392523,0
1.7846,-1.038758798,0
1.7848,-1.034786148,0
1.785,-1.031364753,0
1.7852,-1.085474798,0
1.7854,-1.105816399,0
1.7856,-1.191725057,0
1.7858,-1.223574387,0
1.786,-1.198459098,0
1.7862,-1.207900134,0
1.7864,-1.214498231,0
1.7866,-1.243153986,0
1.7868,-1.300943333,0
1.787,-1.31853043,0
1.7872,-1.249781129,0
1.7874,-1.269464497,0
1.7876,-1.385184599,0
1.7878,-1.288773753,0
1.788,-1.289895051,0
1.7882,-1.335043754,0
1.7884,-1.344222779,0
1.7886,-1.246754671,0
1.7888,-1.247725524,0
1.789,-1.302416957,0
1.7892,-1.227283536,0
1.7894,-1.150090289,0
1.7896,-1.187125041,0
1.7898,-1.068298557,0
1.79,-1.156533573,0
1.7902,-1.007904134,0
1.7904,-1.027548177,0
1.7906,-1.011399316,0
1.7908,-0.9360837583,0
1.791,-0.8360278567,0
1.7912,-0.869116798,0
1.7914,-0.713022743,0
1.7916,-0.6705811636,0
1.7918,-0.7325453854,0
1.792,-0.5600028036,0
1.7922,-0.4558386556,0
1.7924,-0.4667717352,0
1.7926,-0.4755701142,0
1.7928,-0.2627574224,0
1.793,-0.1812271411,0
1.7932,-0.08855045317,0
1.7934,-0.1176172733,0
1.7936,-0.04829804111,0
1.7938,0.04566528623,1
1.794,0.1944381015,1
1.7942,0.175740568,1
1.7944,0.2901624077,1
1.7946,0.2901686426,1
1.7948,0.4895078553,1
1.795,0.4964165912,1
1.7952,0.5688712627,1
1.7954,0.7686889761,1
1.7956,0.7344347488,1
1.7958,0.7761318867,1
1.796,0.8106056431,1
1.7962,0.8576333301,1
1.7964,0.8554415211,1
1.7966,1.004103932,1
1.7968,1.004505402,1
1.797,1.048775758,1
1.7972,1.031424843,0
1.7974,1.185147839,0
1.7976,1.172858328,0
1.7978,1.203445342,0
1.798,1.202187065,0
1.7982,1.268398052,0
1.7984,1.30104141,0
1.7986,1.304559637,0
1.7988,1.247990004,0
1.799,1.228455844,0
1.7992,1.301816017,0
1.7994,1.329535761,0
1.7996,1.204947554,0
1.7998,1.266191908,0
1.8,1.276364344,0
1.8002,1.290754657,0
1.8004,1.323803478,0
1.8006,1.246156564,0
1.8008,1.2849301,0
1.801,1.216050414,0
1.8012,1.249345235,0
1.8014,1.160657575,0
1.8016,1.163830261,0
1.8018,1.176119999,0
1.802,1.113700172,0
1.8022,0.9878607174,0
1.8024,1.046441232,0
1.8026,1.050638866,0
1.8028,1.00461182,0
1.803,0.9292675226,0
1.8032,0.9241400701,0
1.8034,0.9466166443,0
1.8036,0.9252564983,0
1.8038,0.8797069511,0
1.804,0.8035847074,0
1.8042,0.7668265946,0
1.8044,0.8674829818,0
1.8046,0.7069604666,0
1.8048,0.7778171823,0
1.805,0.7100958198,0
1.8052,0.7054890037,0
1.8054,0.6753477654,0
1.8056,0.6280333789,0
1.8058,0.6457200987,0
1.806,0.5610747242,0
1.8062,0.5675414372,0
1.8064,0.5736502471,0
1.8066,0.4422824086,0
1.8068,0.591067238,0
1.807,0.5141452857,0
1.8072,0.4963446208,0
1.8074,0.4520244248,0
1.8076,0.4759120222,0
1.8078,0.4145147263,0
1.808,0.4192822768,0
1.8082,0.4239224272,0
1.8084,0.4440014959,0
1.8086,0.4326939687,0
1.8088,0.397981161,0
1.809,0.3968497891,0
1.8092,0.4341651198,0
1.8094,0.3707946757,0
1.8096,0.455481311,0
1.8098,0.4113195542,0
1.81,0.3491895306,0
1.8102,0.311210597,0
1.8104,0.3620327396,0
1.8106,0.3904251719,0
1.8108,0.3423784796,0
1.811,0.3300249097,0
1.8112,0.2532935837,0
1.8114,0.3355119071,0
1.8116,0.2439973853,0
1.8118,0.3397289564,0
1.812,0.2635874232,0
1.8122,0.3139394547,0
1.8124,0.2589712376,0
1.8126,0.1341981276,0
1.8128,0.1943449733,0
1.813,0.2050560329,0
1.8132,0.2209916853,0
1.8134,0.1382485817,0
1.8136,0.1456603319,0
1.8138,0.03608098487,0
1.814,0.09336938775,0
1.8142,0.05669406245,0
1.8144,0.06999076484,0
1.8146,0.02049247643,0
1.8148,-0.006054665185,0
1.815,-0.02254695165,0
1.8152,-0.01182456956,0
1.8154,0.0003408840713,0
1.8156,-0.0413722525,0
1.8158,-0.05295281848,0
1.816,-0.1592757878,0
1.8162,-0.1959253177,0
1.8164,-0.2014999614,0
1.8166,-0.2190310429,0
1.8168,-0.1710707052,0
1.817,-0.2155058602,0
1.8172,-0.2386895218,0
1.8174,-0.1494302479,0
1.8176,-0.269337222,0
1.8178,-0.2358899472,0
1.818,-0.2842662768,0
1.8182,-0.3447193332,0
1.8184,-0.3817154654,0
1.8186,-0.3491287098,0
1.8188,-0.3186043599,0
1.819,-0.324695334,0
1.8192,-0.3043771744,0
1.8194,-0.3442940257,0
1.8196,-0.2986993652,0
1.8198,-0.4131854439,0
1.82,-0.4214173219,0
1.8202,-0.3684708198,0
1.8204,-0.4153087066,0
1.8206,-0.3731497889,0
1.8208,-0.3594044241,0
1.821,-0.4182113242,0
1.8212,-0.4562867879,0
1.8214,-0.5533335812,0
1.8216,-0.4710236133,0
1.8218,-0.4581318888,0
1.822,-0.5358238189,0
1.8222,-0.473772108,0
1.8224,-0.4928311039,0
1.8226,-0.508040162,0
1.8228,-0.4905908647,0
1.823,-0.4799295258,0
1.8232,-0.6009834996,0
1.8234,-0.5812768128,0
1.8236,-0.5789477242,0
1.8238,-0.5459162594,0
1.824,-0.6264817483,0
1.8242,-0.6239312211,0
1.8244,-0.6669762147,0
1.8246,-0.6853914342,0
1.8248,-0.7077647996,0
1.825,-0.6954726683,0
1.8252,-0.7458149013,0
1.8254,-0.7561358649,0
1.8256,-0.816178099,0
1.8258,-0.8607426725,0
1.826,-0.8799183098,0
1.8262,-0.8653175067,0
1.8264,-0.9305640326,0
1.8266,-1.02685298,0
1.8268,-0.9738997435,0
1.827,-1.069639601,0
1.8272,-1.142351167,0
1.8274,-1.082836557,0
1.8276,-1.036071663,0
1.8278,-1.097371375,0
1.828,-1.132531222,0
1.8282,-1.215348889,0
1.8284,-1.248948466,0
1.8286,-1.26780518,0
1.8288,-1.260443233,0
1.829,-1.291631748,0
1.8292,-1.272068138,0
1.8294,-1.278751785,0
1.8296,-1.335035533,0
1.8298,-1.283585814,0
1.83,-1.398998883,0
1.8302,-1.334795311,0
1.8304,-1.33132847,0
1.8306,-1.334610571,0
1.8308,-1.304256215,0
1.831,-1.293195073,0
1.8312,-1.257875755,0
1.8314,-1.233312809,0
1.8316,-1.298197635,0
1.8318,-1.163975143,0
1.832,-1.153438211,0
1.8322,-1.087243792,0
1.8324,-1.04229242,0
1.8326,-0.9893540865,0
1.8328,-0.9642801243,0
1.833,-0.9708732063,0
1.8332,-0.8601067469,0
1.8334,-0.865719359,0
1.8336,-0.8256615671,0
1.8338,-0.7484603204,0
1.834,-0.6163022121,0
1.8342,-0.5835754707,0
1.8344,-0.5545107068,0
1.8346,-0.4926076113,0
1.8348,-0.4600404195,0
1.835,-0.3156888953,0
1.8352,-0.4292630393,0
1.8354,-0.2036713459,0
1.8356,-0.1481963919,0
1.8358,-0.08518495748,0
1.836,0.05003669753,1
1.8362,0.07721162833,1
1.8364,0.2251564377,1
1.8366,0.1856950568,1
1.8368,0.3969740031,1
1.837,0.3577918893,1
1.8372,0.4816682304,1
1.8374,0.4980388908,1
1.8376,0.564107051,1
1.8378,0.654578337,1
1.838,0.7460556794,1
1.8382,0.7547375879,1
1.8384,0.8041862677,1
1.8386,0.8664207887,1
1.8388,0.8859701408,1
1.839,0.9365179131,1
1.8392,1.041264155,1
1.8394,1.110185821,0
1.8396,1.147435328,0
1.8398,1.147413214,0
1.84,1.189486497,0
1.8402,1.106538705,0
1.8404,1.19998692,0
1.8406,1.236698407,0
1.8408,1.289591568,0
1.841,1.304150467,0
1.8412,1.292444688,0
1.8414,1.305447089,0
1.8416,1.397189167,0
1.8418,1.273468411,0
1.842,1.30906538,0
1.8422,1.28213052,0
1.8424,1.265517097,0
1.8426,1.268225538,0
1.8428,1.274027875,0
1.843,1.221881557,0
1.8432,1.310696747,0
1.8434,1.207566961,0
1.8436,1.1860423,0
1.8438,1.233575472,0
1.844,1.208212572,0
1.8442,1.17306241,0
1.8444,1.139837029,0
1.8446,0.9894259363,0
1.8448,1.015363554,0
1.845,0.9968066467,0
1.8452,0.948424305,0
1.8454,1.01076518,0
1.8456,0.9600297883,0
1.8458,0.8564203595,0
1.846,0.8066943982,0
1.8462,0.7701664427,0
1.8464,0.7558084443,0
1.8466,0.7864307729,0
1.8468,0.7794011785,0
1.847,0.7058745484,0
1.8472,0.7662935346,0
1.8474,0.6726043559,0
1.8476,0.6757991461,0
1.8478,0.5913521939,0
1.848,0.6059296226,0
1.8482,0.54638172,0
1.8484,0.5821738318,0
1.8486,0.5972809011,0
1.8488,0.5404296628,0
1.849,0.5280690241,0
1.8492,0.5679595333,0
1.8494,0.4893697966,0
1.8496,0.5401530489,0
1.8498,0.4966747986,0
1.85,0.4463642791,0
1.8502,0.4273293029,0
1.8504,0.4617145292,0
1.8506,0.4823642171,0
1.8508,0.4271848306,0
1.851,0.3740494512,0
1.8512,0.3968325974,0
1.8514,0.4484892233,0
1.8516,0.4150510768,0
1.8518,0.384163105,0
1.852,0.3819915124,0
1.8522,0.4571161627,0
1.8524,0.2586495779,0
1.8526,0.3045550883,0
1.8528,0.3907674457,0
1.853,0.3625397504,0
1.8532,0.3413509651,0
1.8534,0.2790092814,0
1.8536,0.3370655524,0
1.8538,0.25401277,0
1.854,0.2484623007,0
1.8542,0.2204004508,0
1.8544,0.2645362075,0
1.8546,0.1752670298,0
1.8548,0.2312775104,0
1.855,0.1682386595,0
1.8552,0.2000683328,0
1.8554,0.1357905981,0
1.8556,0.2019376413,0
1.8558,0.1031303293,0
1.856,0.09051747011,0
1.8562,0.05275103733,0
1.8564,0.03061114049,0
1.8566,0.03056211169,0
1.8568,0.01846354471,0
1.857,-0.07411531186,0
1.8572,-0.05959933285,0
1.8574,-0.0468731008,0
1.8576,-0.1032635311,0
1.8578,-0.09414407781,0
1.858,-0.07866833492,0
1.8582,-0.09564909392,0
1.8584,-0.1013169522,0
1.8586,-0.1472104906,0
1.8588,-0.1318288221,0
1.859,-0.2719444299,0
1.8592,-0.2488543978,0
1.8594,-0.2791552958,0
1.8596,-0.2794779676,0
1.8598,-0.2404561571,0
1.86,-0.2882342026,0
1.8602,-0.3776266752,0
1.8604,-0.2346737193,0
1.8606,-0.2871421775,0
1.8608,-0.3321034566,0
1.861,-0.3656297785,0
1.8612,-0.3950008593,0
1.8614,-0.4118170866,0
1.8616,-0.4239102838,0
1.8618,-0.3570309075,0
1.862,-0.4569233208,0
1.8622,-0.3771857923,0
1.8624,-0.3598295933,0
1.8626,-0.4218771537,0
1.8628,-0.3782641864,0
1.863,-0.4071666017,0
1.8632,-0.4441751176,0
1.8634,-0.4544025838,0
1.8636,-0.3927673065,0
1.8638,-0.3990864683,0
1.864,-0.5341641845,0
1.8642,-0.4888478799,0
1.8644,-0.5708756288,0
1.8646,-0.5348841888,0
1.8648,-0.4813977704,0
1.865,-0.538955328,0
1.8652,-0.5920257652,0
1.8654,-0.5482263037,0
1.8656,-0.5686911288,0
1.8658,-0.590898976,0
1.866,-0.5967081545,0
1.8662,-0.6462880798,0
1.8664,-0.6690266671,0
1.8666,-0.6819382777,0
1.8668,-0.7004717757,0
1.867,-0.6523429599,0
1.8672,-0.8224681828,0
1.8674,-0.8444387334,0
1.8676,-0.8717631292,0
1.8678,-0.9371110905,0
1.868,-0.932186369,0
1.8682,-0.9695259722,0
1.8684,-0.9203649615,0
1.8686,-0.9418006902,0
1.8688,-1.067232809,0
1.869,-1.044376148,0
1.8692,-1.122953914,0
1.8694,-1.126135362,0
1.8696,-1.115140406,0
1.8698,-1.160832599,0
1.87,-1.184461882,0
1.8702,-1.141135719,0
1.8704,-1.201393282,0
1.8706,-1.270878562,0
1.8708,-1.291818659,0
1.871,-1.334968696,0
1.8712,-1.293231665,0
1.8714,-1.244223467,0
1.8716,-1.262870647,0
1.8718,-1.32286328,0
1.872,-1.359032985,0
1.8722,-1.335703602,0
1.8724,-1.369506568,0
1.8726,-1.405546561,0
1.8728,-1.395166058,0
1.873,-1.271950567,0
1.8732,-1.291460382,0
1.8734,-1.301875392,0
1.8736,-1.181883316,0
1.8738,-1.153797237,0
1.874,-1.094931988,0
1.8742,-1.112693055,0
1.8744,-1.102719812,0
1.8746,-1.001801593,0
1.8748,-1.029363841,0
1.875,-0.9499210987,0
1.8752,-0.8346903452,0
1.8754,-0.8713897165,0
1.8756,-0.7628422373,0
1.8758,-0.7202695343,0
1.876,-0.6919153441,0
1.8762,-0.5039122413,0
1.8764,-0.5554835395,0
1.8766,-0.4643689481,0
1.8768,-0.3683233283,0
1.877,-0.246955178,0
1.8772,-0.1998545656,0
1.8774,-0.1723788783,0
1.8776,-0.1002374597,0
1.8778,0.0394611081,1
1.878,0.08243211179,1
1.8782,0.1541185492,1
1.8784,0.2370568723,1
1.8786,0.3217733094,1
1.8788,0.372347175,1
1.879,0.5050717668,1
1.8792,0.606936291,1
1.8794,0.5564803925,1
1.8796,0.6421311546,1
1.8798,0.7527643458,1
1.88,0.7974373112,1
1.8802,0.8203542876,1
1.8804,0.8584954381,1
1.8806,0.9201263793,1
1.8808,1.023196958,1
1.881,1.076700841,1
1.8812,1.04516566,0
1.8814,1.132581522,0
1.8816,1.110153914,0
1.8818,1.236456144,0
1.882,1.20021382,0
1.8822,1.216377181,0
1.8824,1.218297722,0
1.8826,1.298182886,0
1.8828,1.327338956,0
1.883,1.242040875,0
1.8832,1.349292391,0
1.8834,1.273665322,0
1.8836,1.289369335,0
1.8838,1.271118657,0
1.884,1.33507826,0
1.8842,1.363445185,0
1.8844,1.245054219,0
1.8846,1.300045606,0
1.8848,1.231819928,0
1.885,1.293137541,0
1.8852,1.213365381,0
1.8854,1.158217763,0
1.8856,1.220127472,0
1.8858,1.138450494,0
1.886,1.120306899,0
1.8862,1.114748938,0
1.8864,1.032078325,0
1.8866,1.03448499,0
1.8868,1.008284566,0
1.887,0.9765667006,0
1.8872,0.8601702522,0
1.8874,0.9006190382,0
1.8876,0.9075164291,0
1.8878,0.8776496514,0
1.888,0.7980111994,0
1.8882,0.7926932238,0
1.8884,0.7382781242,0
1.8886,0.7121600198,0
1.8888,0.6611852195,0
1.889,0.6928163867,0
1.8892,0.6949545057,0
1.8894,0.6504374411,0
1.8896,0.6530969594,0
1.8898,0.6102838028,0
1.89,0.5985248376,0
1.8902,0.5714625286,0
1.8904,0.5602142068,0
1.8906,0.4925292442,0
1.8908,0.5124273531,0
1.891,0.4668591356,0
1.8912,0.4497456497,0
1.8914,0.5621876234,0
1.8916,0.4414179716,0
1.8918,0.4209808242,0
1.892,0.3012469753,0
1.8922,0.4392658511,0
1.8924,0.4352240352,0
1.8926,0.3413158978,0
1.8928,0.4087999705,0
1.893,0.4302166346,0
1.8932,0.3559327314,0
1.8934,0.4292780778,0
1.8936,0.3786451039,0
1.8938,0.3934898001,0
1.894,0.3311009378,0
1.8942,0.3586286625,0
1.8944,0.3662164353,0
1.8946,0.3648840425,0
1.8948,0.2977431404,0
1.895,0.2884034801,0
1.8952,0.3437359789,0
1.8954,0.2594869491,0
1.8956,0.2461131321,0
1.8958,0.2515232202,0
1.896,0.1960796215,0
1.8962,0.2647645956,0
1.8964,0.1422797297,0
1.8966,0.1565031241,0
1.8968,0.1875851161,0
1.897,0.1464324391,0
1.8972,0.08622685728,0
1.8974,0.1355241141,0
1.8976,0.1056022686,0
1.8978,0.072789669,0
1.898,0.01101143786,0
1.8982,0.03905164582,0
1.8984,-0.07563381495,0
1.8986,0.01745437029,0
1.8988,-0.01191759267,0
1.899,-0.1320508647,0
1.8992,-0.1406918651,0
1.8994,-0.139748099,0
1.8996,-0.1255861705,0
1.8998,-0.07846166078,0
1.9,-0.1722794085,0
1.9002,-0.129758619,0
1.9004,-0.1789006968,0
1.9006,-0.2191769422,0
1.9008,-0.2729728433,0
1.901,-0.2100154276,0
1.9012,-0.2430904481,0
1.9014,-0.3348545484,0
1.9016,-0.320945693,0
1.9018,-0.2572144314,0
1.902,-0.3512490225,0
1.9022,-0.2925936262,0
1.9024,-0.327786986,0
1.9026,-0.3364004068,0
1.9028,-0.3761372819,0
1.903,-0.3702184102,0
1.9032,-0.3306284464,0
1.9034,-0.3627844873,0
1.9036,-0.5144543046,0
1.9038,-0.4429809497,0
1.904,-0.371671307,0
1.9042,-0.4786762046,0
1.9044,-0.4529083176,0
1.9046,-0.4752506576,0
1.9048,-0.4019499786,0
1.905,-0.5027641637,0
1.9052,-0.4475228973,0
1.9054,-0.4597914563,0
1.9056,-0.4224139127,0
1.9058,-0.4819306888,0
1.906,-0.5110004986,0
1.9062,-0.5171483207,0
1.9064,-0.5471978069,0
1.9066,-0.5657919836,0
1.9068,-0.5423566978,0
1.907,-0.6754803489,0
1.9072,-0.6619344522,0
1.9074,-0.6196127157,0
1.9076,-0.595014809,0
1.9078,-0.6762959644,0
1.908,-0.7187510109,0
1.9082,-0.740612829,0
1.9084,-0.8102407421,0
1.9086,-0.7680057919,0
1.9088,-0.7643178072,0
1.909,-0.8055784037,0
1.9092,-0.8431575524,0
1.9094,-0.8446966395,0
1.9096,-0.9290951142,0
1.9098,-0.9289445085,0
1.91,-0.9766979395,0
1.9102,-1.049723438,0
1.9104,-1.051568861,0
1.9106,-1.071421714,0
1.9108,-1.036972567,0
1.911,-1.112841657,0
1.9112,-1.144137787,0
1.9114,-1.119001809,0
1.9116,-1.25898403,0
1.9118,-1.283525607,0
1.912,-1.241133078,0
1.9122,-1.238091996,0
1.9124,-1.261332435,0
1.9126,-1.265003719,0
1.9128,-1.281812918,0
1.913,-1.398680653,0
1.9132,-1.312108053,0
1.9134,-1.350499863,0
1.9136,-1.273603468,0
1.9138,-1.270802982,0
1.914,-1.335896864,0
1.9142,-1.297274656,0
1.9144,-1.307285846,0
1.9146,-1.175988106,0
1.9148,-1.204285943,0
1.915,-1.13336329,0
1.9152,-1.11947122,0
1.9154,-1.13012726,0
1.9156,-1.079130554,0
1.9158,-1.095388349,0
1.916,-1.002831228,0
1.9162,-0.9623358139,0
1.9164,-0.9349722412,0
1.9166,-0.9112323154,0
1.9168,-0.7673383999,0
1.917,-0.7626688928,0
1.9172,-0.7952377541,0
1.9174,-0.6104680484,0
1.9176,-0.483799116,0
1.9178,-0.4140518273,0
1.918,-0.369784799,0
1.9182,-0.3347742822,0
1.9184,-0.2366253906,0
1.9186,-0.1437164774,0
1.9188,-0.1209149961,0
1.919,-0.044640183,0
1.9192,0.03848507974,1
1.9194,0.1364294164,1
1.9196,0.211911548,1
1.9198,0.2619142238,1
1.92,0.3823633673,1
1.9202,0.4470949332,1
1.9204,0.5451430441,1
1.9206,0.5252380797,1
1.9208,0.7032072594,1
1.921,0.621602549,1
1.9212,0.7778006272,1
1.9214,0.855204137,1
1.9216,0.9287468049,1
1.9218,0.9676296719,1
1.922,1.073744451,1
1.9222,1.02827175,1
1.9224,1.019236464,0
1.9226,1.020473739,0
1.9228,1.138501374,0
1.923,1.17575703,0
1.9232,1.156751581,0
1.9234,1.272846481,0
1.9236,1.300228218,0
1.9238,1.28231922,0
1.924,1.294479919,0
1.9242,1.246516678,0
1.9244,1.323548343,0
1.9246,1.353172033,0
1.9248,1.29032725,0
1.925,1.290104236,0
1.9252,1.252091195,0
1.9254,1.307800488,0
1.9256,1.23562746,0
1.9258,1.269875115,0
1.926,1.195194308,0
1.9262,1.202617869,0
1.9264,1.213600955,0
1.9266,1.16343612,0
1.9268,1.151889063,0
1.927,1.106047379,0
1.9272,1.041031963,0
1.9274,1.102764643,0
1.9276,0.9633669841,0
1.9278,0.9940757281,0
1.928,1.00575803,0
1.9282,0.937192768,0
1.9284,0.933238483,0
1.9286,0.845449762,0
1.9288,0.8824861485,0
1.929,0.8839539265,0
1.9292,0.8126560233,0
1.9294,0.7239946743,0
1.9296,0.7200596115,0
1.9298,0.7892320603,0
1.93,0.7285849736,0
1.9302,0.661265625,0
1.9304,0.6337977901,0
1.9306,0.6401693158,0
1.9308,0.6135754836,0
1.931,0.6254270638,0
1.9312,0.5896469523,0
1.9314,0.5803608778,0
1.9316,0.6084384985,0
1.9318,0.5126963302,0
1.932,0.4588340601,0
1.9322,0.479712811,0
1.9324,0.534771489,0
1.9326,0.4797307771,0
1.9328,0.4537459184,0
1.933,0.4454575831,0
1.9332,0.3688862033,0
1.9334,0.4371299785,0
1.9336,0.3841108697,0
1.9338,0.4856025888,0
1.934,0.3739181487,0
1.9342,0.3635557159,0
1.9344,0.371428482,0
1.9346,0.4136004449,0
1.9348,0.3313235195,0
1.935,0.3718311151,0
1.9352,0.3168311669,0
1.9354,0.4438442989,0
1.9356,0.371372136,0
1.9358,0.3195132153,0
1.936,0.3002018368,0
1.9362,0.3135275424,0
1.9364,0.2266735058,0
1.9366,0.2793921623,0
1.9368,0.3181294652,0
1.937,0.1802732335,0
1.9372,0.17097671,0
1.9374,0.1534045137,0
1.9376,0.1978971364,0
1.9378,0.1460106774,0
1.938,0.1561595489,0
1.9382,0.1831085605,0
1.9384,0.1260676765,0
1.9386,0.07501365567,0
1.9388,0.115016305,0
1.939,-0.006654507077,0
1.9392,0.004375477158,0
1.9394,0.03789862822,0
1.9396,-0.01862235278,0
1.9398,0.04238084901,0
1.94,-0.1230085344,0
1.9402,-0.1230858743,0
1.9404,-0.1019705961,0
1.9406,-0.1196785713,0
1.9408,-0.1037840198,0
1.941,-0.1447256752,0
1.9412,-0.1510927936,0
1.9414,-0.1732669173,0
1.9416,-0.2616562847,0
1.9418,-0.245482362,0
1.942,-0.2702376236,0
1.9422,-0.1815786411,0
1.9424,-0.2755978436,0
1.9426,-0.2521093484,0
1.9428,-0.3152255715,0
1.943,-0.3102595962,0
1.9432,-0.3095574111,0
1.9434,-0.3735043707,0
1.9436,-0.3797008096,0
1.9438,-0.3474678014,0
1.944,-0.3556136528,0
1.9442,-0.3392580996,0
1.9444,-0.4137542772,0
1.9446,-0.367697449,0
1.9448,-0.3688423107,0
1.945,-0.4339022066,0
1.9452,-0.457826378,0
1.9454,-0.4647394463,0
1.9456,-0.4297177444,0
1.9458,-0.5370128749,0
1.946,-0.4077200241,0
1.9462,-0.5600117884,0
1.9464,-0.5206884463,0
1.9466,-0.5164267185,0
1.9468,-0.5126829091,0
1.947,-0.5539962417,0
1.9472,-0.5965828209,0
1.9474,-0.5713310675,0
1.9476,-0.5050491001,0
1.9478,-0.596056599,0
1.948,-0.5682217935,0
1.9482,-0.6679052534,0
1.9484,-0.6283688007,0
1.9486,-0.6049935278,0
1.9488,-0.6855154505,0
1.949,-0.7605484536,0
1.9492,-0.69868859,0
1.9494,-0.7188449409,0
1.9496,-0.7540952841,0
1.9498,-0.838890591,0
1.95,-0.8600521041,0
1.9502,-0.8990510111,0
1.9504,-0.9344830971,0
1.9506,-1.039739051,0
1.9508,-0.9496506665,0
1.951,-1.008466408,0
1.9512,-1.099925335,0
1.9514,-1.037828128,0
1.9516,-1.158699813,0
1.9518,-1.101768714,0
1.952,-1.118209762,0
1.9522,-1.115161123,0
1.9524,-1.257695592,0
1.9526,-1.225577531,0
1.9528,-1.221401714,0
1.953,-1.293225362,0
1.9532,-1.241715317,0
1.9534,-1.308356441,0
1.9536,-1.251459689,0
1.9538,-1.298555442,0
1.954,-1.268696173,0
1.9542,-1.288444174,0
1.9544,-1.333795364,0
1.9546,-1.292754542,0
1.9548,-1.274454798,0
1.955,-1.266160868,0
1.9552,-1.225007055,0
1.9554,-1.224808232,0
1.9556,-1.180665975,0
1.9558,-1.220409653,0
1.956,-1.106937742,0
1.9562,-1.105237194,0
1.9564,-1.102161957,0
1.9566,-1.039488313,0
1.9568,-1.034558842,0
1.957,-0.9741005665,0
1.9572,-0.8577586558,0
1.9574,-0.7956535164,0
1.9576,-0.7865384589,0
1.9578,-0.7933030734,0
1.958,-0.6889055084,0
1.9582,-0.5530912691,0
1.9584,-0.4950070846,0
1.9586,-0.4219269012,0
1.9588,-0.412141793,0
1.959,-0.3047887435,0
1.9592,-0.2030455965,0
1.9594,-0.1188230807,0
1.9596,-0.0787478861,0
1.9598,0.007650834326,1
1.96,0.1074414551,1
1.9602,0.1408552269,1
1.9604,0.2078097296,1
1.9606,0.3492385714,1
1.9608,0.4006577837,1
1.961,0.4191919997,1
1.9612,0.5887436909,1
1.9614,0.6721123141,1
1.9616,0.6991822361,1
1.9618,0.7317164112,1
1.962,0.8082903181,1
1.9622,0.8791643296,1
1.9624,0.8969939335,1
1.9626,0.9836019598,1
1.9628,0.983481495,1
1.963,1.058219061,0
1.9632,1.049384569,0
1.9634,1.118544705,0
1.9636,1.160053983,0
1.9638,1.121279108,0
1.964,1.232601844,0
1.9642,1.265468439,0
1.9644,1.299187954,0
1.9646,1.308097079,0
1.9648,1.297919062,0
1.965,1.256200452,0
1.9652,1.356236942,0
1.9654,1.297091236,0
1.9656,1.232000985,0
1.9658,1.260962927,0
1.966,1.280983597,0
1.9662,1.290643387,0
1.9664,1.266808744,0
1.9666,1.300888107,0
1.9668,1.16502641,0
1.967,1.195023891,0
1.9672,1.1254936,0
1.9674,1.111138306,0
1.9676,1.170172206,0
1.9678,1.103691726,0
1.968,1.147079992,0
1.9682,1.095263495,0
1.9684,1.051739311,0
1.9686,1.014735511,0
1.9688,0.9248990534,0
1.969,0.9026629008,0
1.9692,0.8847457783,0
1.9694,0.8395315423,0
1.9696,0.8320128623,0
1.9698,0.8802552138,0
1.97,0.7955343283,0
1.9702,0.7412121281,0
1.9704,0.7082817718,0
1.9706,0.7085615889,0
1.9708,0.7324693079,0
1.971,0.6610801614,0
1.9712,0.6196576864,0
1.9714,0.6713793476,0
1.9716,0.5810838267,0
1.9718,0.5391434044,0
1.972,0.5349489263,0
1.9722,0.5227648123,0
1.9724,0.4929484308,0
1.9726,0.5212306431,0
1.9728,0.5671520988,0
1.973,0.4824362983,0
1.9732,0.409564374,0
1.9734,0.4836015354,0
1.9736,0.4824763586,0
1.9738,0.4173748233,0
1.974,0.4030001617,0
1.9742,0.4600577749,0
1.9744,0.5049171338,0
1.9746,0.3930155805,0
1.9748,0.4836650116,0
1.975,0.458759034,0
1.9752,0.4022376326,0
1.9754,0.3615149087,0
1.9756,0.2919937868,0
1.9758,0.3665016332,0
1.976,0.3057542825,0
1.9762,0.3828380742,0
1.9764,0.3073892182,0
1.9766,0.3516131795,0
1.9768,0.2705800663,0
1.977,0.3073218321,0
1.9772,0.2503419155,0
1.9774,0.285410731,0
1.9776,0.18470979,0
1.9778,0.1926400826,0
1.978,0.1677729003,0
1.9782,0.177161902,0
1.9784,0.2524281929,0
1.9786,0.1535499478,0
1.9788,0.108222371,0
1.979,0.06752838389,0
1.9792,0.1745819285,0
1.9794,0.1443039452,0
1.9796,0.0376431231,0
1.9798,-0.03093079785,0
1.98,-0.08447914963,0
1.9802,0.0116386902,0
1.9804,0.0061245533,0
1.9806,-0.1077794301,0
1.9808,-0.09357331371,0
1.981,-0.09778714055,0
1.9812,-0.1079596476,0
1.9814,-0.1963969252,0
1.9816,-0.1955371079,0
1.9818,-0.2195013731,0
1.982,-0.2672369329,0
1.9822,-0.212653095,0
1.9824,-0.2691465117,0
1.9826,-0.2017723317,0
1.9828,-0.2595185935,0
1.983,-0.3073144372,0
1.9832,-0.3107305793,0
1.9834,-0.3354358761,0
1.9836,-0.2246043742,0
1.9838,-0.3504513543,0
1.984,-0.387816053,0
1.9842,-0.3765383809,0
1.9844,-0.3942670157,0
1.9846,-0.4158861449,0
1.9848,-0.3658768186,0
1.985,-0.3880065869,0
1.9852,-0.400644161,0
1.9854,-0.3792151742,0
1.9856,-0.3844001735,0
1.9858,-0.4514352359,0
1.986,-0.3976322254,0
1.9862,-0.4372372002,0
1.9864,-0.4675985227,0
1.9866,-0.4567142171,0
1.9868,-0.483464253,0
1.987,-0.5449957593,0
1.9872,-0.5176198756,0
1.9874,-0.5920758456,0
1.9876,-0.5169690795,0
1.9878,-0.5989797775,0
1.988,-0.5663281552,0
1.9882,-0.5823489808,0
1.9884,-0.6466721828,0
1.9886,-0.5866742049,0
1.9888,-0.6717472375,0
1.989,-0.6638832175,0
1.9892,-0.7282597754,0
1.9894,-0.6860206949,0
1.9896,-0.684676665,0
1.9898,-0.7547995068,0
1.99,-0.7789184244,0
1.9902,-0.858428725,0
1.9904,-0.8466277815,0
1.9906,-0.9030344659,0
1.9908,-0.8602927765,0
1.991,-0.9751414094,0
1.9912,-0.9570360899,0
1.9914,-1.001516856,0
1.9916,-0.9821681657,0
1.9918,-1.043071479,0
1.992,-1.176304431,0
1.9922,-1.072745701,0
1.9924,-1.191558316,0
1.9926,-1.145988084,0
1.9928,-1.269920188,0
1.993,-1.223168904,0
1.9932,-1.221139849,0
1.9934,-1.362307013,0
1.9936,-1.338008532,0
1.9938,-1.196798898,0
1.994,-1.309728913,0
1.9942,-1.231159245,0
1.9944,-1.300907438,0
1.9946,-1.333207382,0
1.9948,-1.32311932,0
1.995,-1.312098657,0
1.9952,-1.292876126,0
1.9954,-1.249647606,0
1.9956,-1.25423378,0
1.9958,-1.179631784,0
1.996,-1.205496003,0
1.9962,-1.208816869,0
1.9964,-1.121914738,0
1.9966,-1.116091629,0
1.9968,-1.018460723,0
1.997,-1.005737019,0
1.9972,-0.9882892058,0
1.9974,-0.8961924634,0
1.9976,-0.8846664095,0
1.9978,-0.7984910947,0
1.998,-0.7808466895,0
1.9982,-0.5818421838,0
1.9984,-0.6139997137,0
1.9986,-0.5752694851,0
1.9988,-0.550709401,0
1.999,-0.3292387057,0
1.9992,-0.2467871492,0
1.9994,-0.222157205,0
1.9996,-0.1875085816,0
1.9998,-0.07106643378,0
2,-0.02326702305,0
2.0002,0.04291778124,1
2.0004,0.1761831267,1
2.0006,0.2613837489,1
2.0008,0.2775354752,1
2.001,0.4259519192,1
2.0012,0.4401792191,1
2.0014,0.4088442994,1
2.0016,0.5483387085,1
2.0018,0.6970727535,1
2.002,0.7424366712,1
2.0022,0.8341211467,1
2.0024,0.8785125623,1
2.0026,0.9690953358,1
2.0028,0.9257966379,1
2.003,1.050411558,1
2.0032,1.142462113,1
2.0034,1.087506695,0
2.0036,1.091116525,0
2.0038,1.172269126,0
2.004,1.225084466,0
2.0042,1.260140771,0
2.0044,1.27760704,0
2.0046,1.396962391,0
2.0048,1.253917151,0
2.005,1.268948688,0
2.0052,1.33459314,0
2.0054,1.287359374,0
2.0056,1.290828807,0
2.0058,1.309800942,0
2.006,1.363412867,0
2.0062,1.264345215,0
2.0064,1.220310069,0
2.0066,1.276029487,0
2.0068,1.261998174,0
2.007,1.285356498,0
2.0072,1.200573879,0
2.0074,1.173141328,0
2.0076,1.139552475,0
2.0078,1.122103935,0
2.008,1.060889411,0
2.0082,1.066251262,0
2.0084,0.9880484029,0
2.0086,1.032382817,0
2.0088,0.9740735238,0
2.009,0.9587414515,0
2.0092,0.8895567836,0
2.0094,0.8849971405,0
2.0096,0.8329101722,0
2.0098,0.8990593402,0
2.01,0.8203024215,0
2.0102,0.7602512708,0
2.0104,0.7643914739,0
2.0106,0.74380216,0
2.0108,0.6977842158,0
2.011,0.6185978795,0
2.0112,0.7194183137,0
2.0114,0.6221353947,0
2.0116,0.5881460096,0
2.0118,0.5673518496,0
2.012,0.5988422269,0
2.0122,0.5370668974,0
2.0124,0.5567160374,0
2.0126,0.5308683856,0
2.0128,0.5270619125,0
2.013,0.5351923428,0
2.0132,0.459669286,0
2.0134,0.404102331,0
2.0136,0.4421077102,0
2.0138,0.45814467,0
2.014,0.4599575186,0
2.0142,0.4501821208,0
2.0144,0.383067594,0
2.0146,0.3972342763,0
2.0148,0.3933866645,0
2.015,0.3326377262,0
2.0152,0.319187542,0
2.0154,0.431260249,0
2.0156,0.319248545,0
2.0158,0.3534058743,0
2.016,0.3193772219,0
2.0162,0.3318833567,0
2.0164,0.3171458681,0
2.0166,0.2816385275,0
2.0168,0.2434435871,0
2.017,0.2733611026,0
2.0172,0.3749636395,0
2.0174,0.2781680113,0
2.0176,0.2119409528,0
2.0178,0.2499308636,0
2.018,0.2525965958,0
2.0182,0.1474053775,0
2.0184,0.1610906996,0
2.0186,0.1655519893,0
2.0188,0.1131476947,0
2.019,0.08478602983,0
2.0192,0.1073914093,0
2.0194,0.05310729101,0
2.0196,0.02449595918,0
2.0198,0.0009091778737,0
2.02,0.007493327257,0
2.0202,0.005845524835,0
2.0204,-0.06975716507,0
2.0206,-0.02251121272,0
2.0208,-0.2006931404,0
2.021,-0.1127729129,0
2.0212,-0.1090871283,0
2.0214,-0.08201299568,0
2.0216,-0.1182533595,0
2.0218,-0.2662541016,0
2.022,-0.2188047108,0
2.0222,-0.2270004453,0
2.0224,-0.3012132749,0
2.0226,-0.3163600371,0
2.0228,-0.3122923074,0
2.023,-0.3190468441,0
2.0232,-0.290697854,0
2.0234,-0.3146973724,0
2.0236,-0.3976246647,0
2.0238,-0.377955337,0
2.024,-0.4250138052,0
2.0242,-0.313195356,0
2.0244,-0.3958134973,0
2.0246,-0.3989141107,0
2.0248,-0.3932732191,0
2.025,-0.4244474122,0
2.0252,-0.3608897023,0
2.0254,-0.4038962218,0
2.0256,-0.3979692928,0
2.0258,-0.4491729613,0
2.026,-0.4252641888,0
2.0262,-0.4861762621,0
2.0264,-0.4413463514,0
2.0266,-0.4727314608,0
2.0268,-0.4529180572,0
2.027,-0.527438014,0
2.0272,-0.5109277776,0
2.0274,-0.6279422033,0
2.0276,-0.6041928695,0
2.0278,-0.5608182057,0
2.028,-0.619236908,0
2.0282,-0.6044195468,0
2.0284,-0.5440892854,0
2.0286,-0.6727186064,0
2.0288,-0.62481956,0
2.029,-0.7175013537,0
2.0292,-0.7129239099,0
2.0294,-0.7191375527,0
2.0296,-0.7759032797,0
2.0298,-0.8136265552,0
2.03,-0.783051262,0
2.0302,-0.7970650186,0
2.0304,-0.9314329429,0
2.0306,-0.931679288,0
2.0308,-0.9243013893,0
2.031,-0.9122293861,0
2.0312,-0.9177596791,0
2.0314,-1.039826825,0
2.0316,-1.017908863,0
2.0318,-1.03966353,0
2.032,-1.143608669,0
2.0322,-1.147551384,0
2.0324,-1.193373602,0
2.0326,-1.16896002,0
2.0328,-1.228040486,0
2.033,-1.218012968,0
2.0332,-1.289200837,0
2.0334,-1.318395433,0
2.0336,-1.279846363,0
2.0338,-1.30262963,0
2.034,-1.240592636,0
2.0342,-1.284430849,0
2.0344,-1.253417764,0
2.0346,-1.272478607,0
2.0348,-1.262614904,0
2.035,-1.375158889,0
2.0352,-1.306398013,0
2.0354,-1.288268582,0
2.0356,-1.237707452,0
2.0358,-1.198305236,0
2.036,-1.145199724,0
2.0362,-1.13496221,0
2.0364,-1.195645073,0
2.0366,-0.9952379538,0
2.0368,-1.015943319,0
2.037,-0.9524711537,0
2.0372,-0.9253612007,0
2.0374,-0.8160819679,0
2.0376,-0.7660935718,0
2.0378,-0.7789605933,0
2.038,-0.6765376044,0
2.0382,-0.5685264148,0
2.0384,-0.4966106663,0
2.0386,-0.4003130258,0
2.0388,-0.3861563295,0
2.039,-0.2868725316,0
2.0392,-0.2244901328,0
2.0394,-0.1350183729,0
2.0396,-0.08026586937,0
2.0398,0.05768468253,1
2.04,0.0558167577,1
2.0402,0.1819889688,1
2.0404,0.2128793369,1
2.0406,0.3537430317,1
2.0408,0.4122912559,1
2.041,0.5835880486,1
2.0412,0.5319051394,1
2.0414,0.7074114867,1
2.0416,0.6775327397,1
2.0418,0.7881050336,1
2.042,0.8449843366,1
2.0422,0.8319016848,1
2.0424,0.9400163515,1
2.0426,1.028271823,1
2.0428,0.9880061523,1
2.043,1.132672724,0
2.0432,1.06182514,0
2.0434,1.176100195,0
2.0436,1.157304384,0
2.0438,1.187447623,0
2.044,1.274646963,0
2.0442,1.30112497,0
2.0444,1.307184968,0
2.0446,1.281136179,0
2.0448,1.32240514,0
2.045,1.301949668,0
2.0452,1.347687605,0
2.0454,1.234591374,0
2.0456,1.311179242,0
2.0458,1.342207477,0
2.046,1.267227629,0
2.0462,1.249059543,0
2.0464,1.211082219,0
2.0466,1.234544638,0
2.0468,1.196523019,0
2.047,1.217859734,0
2.0472,1.11571655,0
2.0474,1.146714543,0
2.0476,1.081233836,0
2.0478,1.018758783,0
2.048,1.004144585,0
2.0482,0.944211907,0
2.0484,0.8916383286,0
2.0486,0.9251017381,0
2.0488,1.008169594,0
2.049,0.861045494,0
2.0492,0.8734397833,0
2.0494,0.8147973382,0
2.0496,0.7541697236,0
2.0498,0.7877543935,0
2.05,0.6829299222,0
2.0502,0.763691243,0
2.0504,0.6565725509,0
2.0506,0.7392293697,0
2.0508,0.6836769928,0
2.051,0.6369508231,0
2.0512,0.6016676655,0
2.0514,0.5751999221,0
2.0516,0.5607552065,0
2.0518,0.5645727139,0
2.052,0.5593395043,0
2.0522,0.5297329968,0
2.0524,0.4929645141,0
2.0526,0.5067339176,0
2.0528,0.457021796,0
2.053,0.5160257549,0
2.0532,0.4350544793,0
2.0534,0.4846348701,0
2.0536,0.4187073761,0
2.0538,0.4535908182,0
2.054,0.4276516129,0
2.0542,0.4279877564,0
2.0544,0.4481671127,0
2.0546,0.3856746512,0
2.0548,0.3580103127,0
2.055,0.3762715517,0
2.0552,0.4145818442,0
2.0554,0.4437032034,0
2.0556,0.329064392,0
2.0558,0.2570794679,0
2.056,0.2887687737,0
2.0562,0.3508570673,0
2.0564,0.3235499248,0
2.0566,0.3433551039,0
2.0568,0.3039422142,0
2.057,0.3273703972,0
2.0572,0.27951716,0
2.0574,0.2436291354,0
2.0576,0.2806275351,0
2.0578,0.1982239327,0
2.058,0.1710801803,0
2.0582,0.1861108016,0
2.0584,0.06943374105,0
2.0586,0.07599177136,0
2.0588,0.05431829471,0
2.059,0.06890701601,0
2.0592,0.04188930956,0
2.0594,-0.05161286458,0
2.0596,0.03812109719,0
2.0598,-0.01065379998,0
2.06,-0.1566398681,0
2.0602,-0.05855916274,0
2.0604,-0.1408786277,0
2.0606,-0.17279488,0
2.0608,-0.1838283227,0
2.061,-0.08426624369,0
2.0612,-0.2124308223,0
2.0614,-0.1722279209,0
2.0616,-0.2091694914,0
2.0618,-0.1399168763,0
2.062,-0.2405752054,0
2.0622,-0.2930634862,0
2.0624,-0.2464144043,0
2.0626,-0.2351293114,0
2.0628,-0.3058846397,0
2.063,-0.284559958,0
2.0632,-0.3745343914,0
2.0634,-0.4004799284,0
2.0636,-0.3168352516,0
2.0638,-0.3707704462,0
2.064,-0.3569286068,0
2.0642,-0.4113524976,0
2.0644,-0.4354971413,0
2.0646,-0.4251450985,0
2.0648,-0.4353921861,0
2.065,-0.4379845085,0
2.0652,-0.4518656181,0
2.0654,-0.4735263769,0
2.0656,-0.4356159046,0
2.0658,-0.5014712601,0
2.066,-0.5778799924,0
2.0662,-0.4835631086,0
2.0664,-0.4480009507,0
2.0666,-0.4751891843,0
2.0668,-0.4967175025,0
2.067,-0.5615392265,0
2.0672,-0.6007304082,0
2.0674,-0.6377640572,0
2.0676,-0.5966044223,0
2.0678,-0.621043633,0
2.068,-0.5981423546,0
2.0682,-0.6000724855,0
2.0684,-0.7335533043,0
2.0686,-0.7213879715,0
2.0688,-0.7635336225,0
2.069,-0.7456131603,0
2.0692,-0.7704828959,0
2.0694,-0.8242668325,0
2.0696,-0.8188923491,0
2.0698,-0.9065422918,0
2.07,-0.8503846724,0
2.0702,-0.9016284539,0
2.0704,-0.921021817,0
2.0706,-0.9536355482,0
2.0708,-1.031337968,0
2.071,-1.152872542,0
2.0712,-1.002233381,0
2.0714,-1.17282658,0
2.0716,-1.170205058,0
2.0718,-1.112458998,0
2.072,-1.19240755,0
2.0722,-1.215282929,0
2.0724,-1.193832346,0
2.0726,-1.336830708,0
2.0728,-1.244188427,0
2.073,-1.356991265,0
2.0732,-1.31372036,0
2.0734,-1.247820886,0
2.0736,-1.292553178,0
2.0738,-1.294794799,0
2.074,-1.353375053,0
2.0742,-1.288367928,0
2.0744,-1.313989927,0
2.0746,-1.296677051,0
2.0748,-1.204174387,0
2.075,-1.230748596,0
2.0752,-1.181957848,0
2.0754,-1.184001695,0
2.0756,-1.09224506,0
2.0758,-1.155989432,0
2.076,-1.096438176,0
2.0762,-1.008253656,0
2.0764,-1.011511894,0
2.0766,-0.8831880043,0
2.0768,-0.8147362211,0
2.077,-0.7785701588,0
2.0772,-0.6927444672,0
2.0774,-0.6347310407,0
2.0776,-0.4713375879,0
2.0778,-0.4699424902,0
2.078,-0.4824835521,0
2.0782,-0.3127900216,0
2.0784,-0.3250725152,0
2.0786,-0.132286484,0
2.0788,-0.04115939303,0
2.079,-0.08764128828,0
2.0792,0.05108180981,1
2.0794,0.1100280299,1
2.0796,0.1954493493,1
2.0798,0.2621321886,1
2.08,0.3943235609,1
2.0802,0.4576208897,1
2.0804,0.4910051406,1
2.0806,0.4957606365,1
2.0808,0.6571018883,1
2.081,0.6997248236,1
2.0812,0.8756160639,1
2.0814,0.8499923331,1
2.0816,0.9316817897,1
2.0818,0.9359698943,1
2.082,0.9221108637,1
2.0822,1.055344434,1
2.0824,1.034603702,0
2.0826,1.192120855,0
2.0828,1.196866832,0
2.083,1.281111985,0
2.0832,1.218218854,0
2.0834,1.250868186,0
2.0836,1.347575457,0
2.0838,1.310566362,0
2.084,1.306752386,0
2.0842,1.314886011,0
2.0844,1.289004555,0
2.0846,1.269409089,0
2.0848,1.30001502,0
2.085,1.271609877,0
2.0852,1.236244339,0
2.0854,1.242651631,0
2.0856,1.228569398,0
2.0858,1.175183452,0
2.086,1.207059568,0
2.0862,1.218825651,0
2.0864,1.124003401,0
2.0866,1.145823293,0
2.0868,1.086982053,0
2.087,1.045498278,0
2.0872,1.050731206,0
2.0874,0.9523275952,0
2.0876,0.99974542,0
2.0878,0.9332125479,0
2.088,0.9025239662,0
2.0882,0.8931248135,0
2.0884,0.9274181312,0
2.0886,0.8224286648,0
2.0888,0.823169742,0
2.089,0.7491543289,0
2.0892,0.701280367,0
2.0894,0.7080565287,0
2.0896,0.722251601,0
2.0898,0.6835612928,0
2.09,0.6359744899,0
2.0902,0.6791220124,0
2.0904,0.6033546651,0
2.0906,0.6464603823,0
2.0908,0.5348176785,0
2.091,0.5465620243,0
2.0912,0.5195579224,0
2.0914,0.5170344068,0
2.0916,0.5192377282,0
2.0918,0.5052385465,0
2.092,0.4478944615,0
2.0922,0.4122490813,0
2.0924,0.4306401225,0
2.0926,0.4249422206,0
2.0928,0.4321515026,0
2.093,0.4367958085,0
2.0932,0.4061083201,0
2.0934,0.4452027982,0
2.0936,0.3842376909,0
2.0938,0.3291380771,0
2.094,0.4350673851,0
2.0942,0.4099990552,0
2.0944,0.3498153562,0
2.0946,0.3890883768,0
2.0948,0.2289528486,0
2.095,0.3109870774,0
2.0952,0.2438652183,0
2.0954,0.3045834154,0
2.0956,0.2786092687,0
2.0958,0.2689543842,0
2.096,0.2538945258,0
2.0962,0.2192738593,0
2.0964,0.213538067,0
2.0966,0.166120733,0
2.0968,0.1893929178,0
2.097,0.1668941585,0
2.0972,0.09846790064,0
2.0974,0.1957025129,0
2.0976,0.05179247766,0
2.0978,0.0592057233,0
2.098,0.006719293113,0
2.0982,-0.0540222199,0
2.0984,0.003236402479,0
2.0986,0.03874446876,0
2.0988,0.01538837728,0
2.099,-0.06798445713,0
2.0992,-0.02566777265,0
2.0994,-0.08359268189,0
2.0996,-0.1307101864,0
2.0998,-0.1985904753,0
2.1,-0.1096430078,0
2.1002,-0.1156466394,0
2.1004,-0.1745970082,0
2.1006,-0.2378790577,0
2.1008,-0.2128810652,0
2.101,-0.2412106418,0
2.1012,-0.2816908138,0
2.1014,-0.2901400986,0
2.1016,-0.3197588495,0
2.1018,-0.278543009,0
2.102,-0.3604742558,0
2.1022,-0.4180908184,0
2.1024,-0.3294681207,0
2.1026,-0.355397324,0
2.1028,-0.3355491917,0
2.103,-0.3992755477,0
2.1032,-0.379892172,0
2.1034,-0.3528053434,0
2.1036,-0.4279596951,0
2.1038,-0.4600953947,0
2.104,-0.4530639601,0
2.1042,-0.3891497832,0
2.1044,-0.4782423693,0
2.1046,-0.4549636109,0
2.1048,-0.4682223813,0
2.105,-0.4523193815,0
2.1052,-0.4849265479,0
2.1054,-0.4734216375,0
2.1056,-0.5497495904,0
2.1058,-0.459298611,0
2.106,-0.3857855974,0
2.1062,-0.5503438413,0
2.1064,-0.5853144818,0
2.1066,-0.6554495383,0
2.1068,-0.5733664942,0
2.107,-0.6774740212,0
2.1072,-0.6228956603,0
2.1074,-0.6212075483,0
2.1076,-0.6662235801,0
2.1078,-0.6715923929,0
2.108,-0.8150847988,0
2.1082,-0.8609558925,0
2.1084,-0.7657709493,0
2.1086,-0.8471428945,0
2.1088,-0.869651148,0
2.109,-0.9483308506,0
2.1092,-0.9817925964,0
2.1094,-1.01921972,0
2.1096,-1.078978381,0
2.1098,-1.010309783,0
2.11,-1.031742732,0
2.1102,-1.081973939,0
2.1104,-1.095498787,0
2.1106,-1.173382002,0
2.1108,-1.26129087,0
2.111,-1.241922368,0
2.1112,-1.182493247,0
2.1114,-1.210258613,0
2.1116,-1.287649328,0
2.1118,-1.28123412,0
2.112,-1.254256286,0
2.1122,-1.300277002,0
2.1124,-1.342378973,0
2.1126,-1.336577268,0
2.1128,-1.295501519,0
2.113,-1.326569181,0
2.1132,-1.267633033,0
2.1134,-1.290828142,0
2.1136,-1.246169623,0
2.1138,-1.261921844,0
2.114,-1.206235744,0
2.1142,-1.164205628,0
2.1144,-1.123634528,0
2.1146,-1.078281066,0
2.1148,-0.9773438181,0
2.115,-0.9991480196,0
2.1152,-0.9754416739,0
2.1154,-0.90327062,0
2.1156,-0.9247646807,0
2.1158,-0.8091516749,0
2.116,-0.7572885543,0
2.1162,-0.6207554511,0
2.1164,-0.5831841554,0
2.1166,-0.4622485444,0
2.1168,-0.4291067768,0
2.117,-0.3905434714,0
2.1172,-0.279215897,0
2.1174,-0.2389617413,0
2.1176,-0.1119627175,0
2.1178,-0.02472754803,0
2.118,0.02710077762,1
2.1182,0.0936265161,1
2.1184,0.1559290101,1
2.1186,0.2985087982,1
2.1188,0.311819506,1
2.119,0.4791007155,1
2.1192,0.5537291995,1
2.1194,0.5859758663,1
2.1196,0.6753968209,1
2.1198,0.7723708514,1
2.12,0.8074312529,1
2.1202,0.8454994714,1
2.1204,0.8874350075,1
2.1206,0.9645804764,1
2.1208,1.022702738,1
2.121,1.063242728,0
2.1212,1.126914794,0
2.1214,1.070271121,0
2.1216,1.131987271,0
2.1218,1.163643622,0
2.122,1.2408582,0
2.1222,1.230560495,0
2.1224,1.255265091,0
2.1226,1.345775401,0
2.1228,1.383522263,0
2.123,1.310863265,0
2.1232,1.280138278,0
2.1234,1.271999786,0
2.1236,1.307481408,0
2.1238,1.223979525,0
2.124,1.296773788,0
2.1242,1.226525384,0
2.1244,1.314370032,0
2.1246,1.206024741,0
2.1248,1.200711985,0
2.125,1.144446063,0
2.1252,1.19539061,0
2.1254,1.075458042,0
2.1256,1.104240041,0
2.1258,1.057742138,0
2.126,1.040227974,0
2.1262,1.007527725,0
2.1264,0.9768373223,0
2.1266,0.9636992737,0
2.1268,0.9207301762,0
2.127,0.8868994948,0
2.1272,0.8285768385,0
2.1274,0.7819036358,0
2.1276,0.7565884495,0
2.1278,0.7323241178,0
2.128,0.6620635565,0
2.1282,0.6998865503,0
2.1284,0.6658801252,0
2.1286,0.6478874767,0
2.1288,0.653171991,0
2.129,0.6450346418,0
2.1292,0.5703549985,0
2.1294,0.5533578216,0
2.1296,0.5327359007,0
2.1298,0.5873830625,0
2.13,0.5155252575,0
2.1302,0.4627276282,0
2.1304,0.4708931439,0
2.1306,0.5297519424,0
2.1308,0.493698479,0
2.131,0.4655246664,0
2.1312,0.4621824771,0
2.1314,0.3903769968,0
2.1316,0.4064222915,0
2.1318,0.4874251722,0
2.132,0.3826905425,0
2.1322,0.4033128175,0
2.1324,0.4283707796,0
2.1326,0.3525217842,0
2.1328,0.3943142329,0
2.133,0.2792424931,0
2.1332,0.3381514159,0
2.1334,0.3049985128,0
2.1336,0.289664532,0
2.1338,0.2852242908,0
2.134,0.2866787061,0
2.1342,0.1913266409,0
2.1344,0.3078324776,0
2.1346,0.2240495563,0
2.1348,0.3083544707,0
2.135,0.2391097524,0
2.1352,0.2196584951,0
2.1354,0.2389714182,0
2.1356,0.1584034243,0
2.1358,0.1864661302,0
2.136,0.07799440936,0
2.1362,0.1386109538,0
2.1364,0.04893192844,0
2.1366,0.08077450339,0
2.1368,0.07710770551,0
2.137,0.03902986469,0
2.1372,-0.03009809567,0
2.1374,0.00647106311,0
2.1376,-0.08672928511,0
2.1378,-0.05634199594,0
2.138,-0.09578517068,0
2.1382,-0.08227176211,0
2.1384,-0.0944721844,0
2.1386,-0.1599467394,0
2.1388,-0.2131264251,0
2.139,-0.2311603551,0
2.1392,-0.2360701428,0
2.1394,-0.2513065302,0
2.1396,-0.2639715629,0
2.1398,-0.27631747,0
2.14,-0.3142446511,0
2.1402,-0.3387623992,0
2.1404,-0.3964112949,0
2.1406,-0.3488997944,0
2.1408,-0.2841613071,0
2.141,-0.4026478159,0
2.1412,-0.3706606082,0
2.1414,-0.4025649291,0
2.1416,-0.4433889558,0
2.1418,-0.3926773981,0
2.142,-0.4103720298,0
2.1422,-0.392968277,0
2.1424,-0.3540078176,0
2.1426,-0.4810830898,0
2.1428,-0.3026925864,0
2.143,-0.4213549918,0
2.1432,-0.4411382418,0
2.1434,-0.4368215339,0
2.1436,-0.4699659917,0
2.1438,-0.4421597728,0
2.144,-0.5402840366,0
2.1442,-0.5775759968,0
2.1444,-0.5780961577,0
2.1446,-0.5507460944,0
2.1448,-0.5600508431,0
2.145,-0.6037540928,0
2.1452,-0.5497780486,0
2.1454,-0.5929124892,0
2.1456,-0.6198636561,0
2.1458,-0.6432120517,0
2.146,-0.6801757043,0
2.1462,-0.6463163154,0
2.1464,-0.7909836833,0
2.1466,-0.7186109485,0
2.1468,-0.7621602871,0
2.147,-0.9078143136,0
2.1472,-0.8775609572,0
2.1474,-0.8954668645,0
2.1476,-0.8769361242,0
2.1478,-0.9576675557,0
2.148,-0.9894067665,0
2.1482,-1.04092683,0
2.1484,-1.061350469,0
2.1486,-1.034389671,0
2.1488,-1.128631604,0
2.149,-1.180319611,0
2.1492,-1.183088234,0
2.1494,-1.204954977,0
2.1496,-1.284319709,0
2.1498,-1.269353676,0
2.15,-1.258136522,0
2.1502,-1.262021921,0
2.1504,-1.293789782,0
2.1506,-1.264536524,0
2.1508,-1.344404677,0
2.151,-1.300108446,0
2.1512,-1.303922129,0
2.1514,-1.400831492,0
2.1516,-1.263513044,0
2.1518,-1.272935177,0
2.152,-1.260696553,0
2.1522,-1.221021034,0
2.1524,-1.273525401,0
2.1526,-1.257929995,0
2.1528,-1.220577806,0
2.153,-1.155483821,0
2.1532,-1.032784152,0
2.1534,-1.004332449,0
2.1536,-0.9842736134,0
2.1538,-0.9518430775,0
2.154,-0.8425000675,0
2.1542,-0.8751354891,0
2.1544,-0.7001312029,0
2.1546,-0.6981351329,0
2.1548,-0.5867660825,0
2.155,-0.5370802132,0
2.1552,-0.5028454467,0
2.1554,-0.3552994532,0
2.1556,-0.2135942638,0
2.1558,-0.2136601811,0
2.156,-0.1443416028,0
2.1562,-0.08845220942,0
2.1564,0.02111163925,1
2.1566,0.1470874619,1
2.1568,0.1211779999,1
2.157,0.2861680487,1
2.1572,0.3004155877,1
2.1574,0.4520759451,1
2.1576,0.5510259696,1
2.1578,0.5658885037,1
2.158,0.5939117897,1
2.1582,0.7035795431,1
2.1584,0.8199745353,1
2.1586,0.8275848918,1
2.1588,0.8883947563,1
2.159,0.942516852,1
2.1592,1.055269718,1
2.1594,1.070070723,0
2.1596,1.113744792,0
2.1598,1.091266972,0
2.16,1.243151788,0
2.1602,1.252809859,0
2.1604,1.188692132,0
2.1606,1.18713613,0
2.1608,1.277830395,0
2.161,1.280391218,0
2.1612,1.329006837,0
2.1614,1.302794431,0
2.1616,1.369187038,0
2.1618,1.354230428,0
2.162,1.299980959,0
2.1622,1.28681612,0
2.1624,1.332664905,0
2.1626,1.269110021,0
2.1628,1.247428816,0
2.163,1.244292911,0
2.1632,1.222976576,0
2.1634,1.234581979,0
2.1636,1.083250272,0
2.1638,1.095216384,0
2.164,1.059063725,0
2.1642,1.138938993,0
2.1644,1.05556385,0
2.1646,1.001311973,0
2.1648,1.008372284,0
2.165,0.8430490875,0
2.1652,0.8923904472,0
2.1654,0.856147218,0
2.1656,0.7666972114,0
2.1658,0.8044197918,0
2.166,0.7411877719,0
2.1662,0.7205644022,0
2.1664,0.7560549198,0
2.1666,0.7403075433,0
2.1668,0.678984683,0
2.167,0.6673628477,0
2.1672,0.5967195271,0
2.1674,0.6378615022,0
2.1676,0.6051061106,0
2.1678,0.53821752,0
2.168,0.4970357696,0
2.1682,0.5644749319,0
2.1684,0.4982963569,0
2.1686,0.4978399715,0
2.1688,0.5279777717,0
2.169,0.4751515248,0
2.1692,0.5388966724,0
2.1694,0.450569242,0
2.1696,0.3370716016,0
2.1698,0.4759285797,0
2.17,0.4169580586,0
2.1702,0.3515623967,0
2.1704,0.4103286364,0
2.1706,0.3890991747,0
2.1708,0.376709848,0
2.171,0.4572594265,0
2.1712,0.3086160011,0
2.1714,0.3380824101,0
2.1716,0.3039515668,0
2.1718,0.2849904952,0
2.172,0.3325173426,0
2.1722,0.3371863603,0
2.1724,0.3290951915,0
2.1726,0.2849790639,0
2.1728,0.1960203097,0
2.173,0.2517591357,0
2.1732,0.2380795031,0
2.1734,0.1595551198,0
2.1736,0.1932468461,0
2.1738,0.2349811043,0
2.174,0.1980345575,0
2.1742,0.1252176297,0
2.1744,0.0988494254,0
2.1746,0.08629355167,0
2.1748,0.05157719607,0
2.175,0.07656133338,0
2.1752,-0.03508673279,0
2.1754,-0.008195222097,0
2.1756,-0.02011260975,0
2.1758,-0.08664437095,0
2.176,-0.02789372516,0
2.1762,-0.07690909112,0
2.1764,-0.07165160643,0
2.1766,-0.1194348434,0
2.1768,-0.1907075151,0
2.177,-0.2091226139,0
2.1772,-0.1535339514,0
2.1774,-0.2401709041,0
2.1776,-0.1871042794,0
2.1778,-0.2287673067,0
2.178,-0.2807340729,0
2.1782,-0.2818440027,0
2.1784,-0.2664843477,0
2.1786,-0.3123864397,0
2.1788,-0.3464135826,0
2.179,-0.2935789587,0
2.1792,-0.3378909481,0
2.1794,-0.3291271615,0
2.1796,-0.3803611983,0
2.1798,-0.370970599,0
2.18,-0.4174223745,0
2.1802,-0.4355648566,0
2.1804,-0.435335676,0
2.1806,-0.4696715062,0
2.1808,-0.4131976272,0
2.181,-0.4326540635,0
2.1812,-0.3966048424,0
2.1814,-0.4305711345,0
2.1816,-0.5148707263,0
2.1818,-0.4741911469,0
2.182,-0.4718352774,0
2.1822,-0.6104278115,0
2.1824,-0.5359203963,0
2.1826,-0.5416739268,0
2.1828,-0.5670455714,0
2.183,-0.5115780773,0
2.1832,-0.6045820723,0
2.1834,-0.5702165771,0
2.1836,-0.6696985134,0
2.1838,-0.6486739432,0
2.184,-0.6854227015,0
2.1842,-0.6541813333,0
2.1844,-0.7522800666,0
2.1846,-0.8132082923,0
2.1848,-0.7153361884,0
2.185,-0.8860814163,0
2.1852,-0.8374900374,0
2.1854,-0.9058701466,0
2.1856,-0.9137791715,0
2.1858,-0.9239004874,0
2.186,-1.064783884,0
2.1862,-0.9778808956,0
2.1864,-1.046938352,0
2.1866,-1.034307349,0
2.1868,-1.111601921,0
2.187,-1.073969367,0
2.1872,-1.145891683,0
2.1874,-1.214603635,0
2.1876,-1.191777224,0
2.1878,-1.214148834,0
2.188,-1.258917591,0
2.1882,-1.311115874,0
2.1884,-1.326842772,0
2.1886,-1.328438443,0
2.1888,-1.332057363,0
2.189,-1.334544155,0
2.1892,-1.349788285,0
2.1894,-1.32858272,0
2.1896,-1.33219272,0
2.1898,-1.232100239,0
2.19,-1.310445727,0
2.1902,-1.257163908,0
2.1904,-1.27761346,0
2.1906,-1.147158613,0
2.1908,-1.17170893,0
2.191,-1.088894755,0
2.1912,-1.13312679,0
2.1914,-1.052690756,0
2.1916,-1.039532847,0
2.1918,-0.878354415,0
2.192,-0.7891394898,0
2.1922,-0.8231533076,0
2.1924,-0.7248051526,0
2.1926,-0.6848416703,0
2.1928,-0.5492225196,0
2.193,-0.5507232701,0
2.1932,-0.4471057268,0
2.1934,-0.4171557942,0
2.1936,-0.3134544914,0
2.1938,-0.2273257521,0
2.194,-0.1021242551,0
2.1942,-0.04209071305,0
2.1944,0.006337124741,1
2.1946,0.1302208881,1
2.1948,0.2058290756,1
2.195,0.2420594125,1
2.1952,0.3394016454,1
2.1954,0.4598805338,1
2.1956,0.4945879085,1
2.1958,0.5603051779,1
2.196,0.7092052186,1
2.1962,0.7260322,1
2.1964,0.7908917216,1
2.1966,0.9251912295,1
2.1968,0.891937046,1
2.197,0.9822334178,1
2.1972,0.9724630915,1
2.1974,1.100705825,0
2.1976,1.068070837,0
2.1978,1.093165376,0
2.198,1.19194237,0
2.1982,1.224174961,0
2.1984,1.317559876,0
2.1986,1.277170831,0
2.1988,1.267687411,0
2.199,1.282211962,0
2.1992,1.285554815,0
2.1994,1.330221374,0
2.1996,1.28657021,0
2.1998,1.281567941,0
2.2,1.28427652,0
2.2002,1.322721182,0
2.2004,1.257541468,0
2.2006,1.267432774,0
2.2008,1.161095834,0
2.201,1.224995787,0
2.2012,1.221439688,0
2.2014,1.124622544,0
2.2016,1.075187554,0
2.2018,1.165324301,0
2.202,1.105901137,0
2.2022,0.9892356142,0
2.2024,1.008531169,0
2.2026,0.9909530998,0
2.2028,0.997396499,0
2.203,0.9646065934,0
2.2032,0.9230354375,0
2.2034,0.9149292781,0
2.2036,0.8154191949,0
2.2038,0.8001415788,0
2.204,0.747097253,0
2.2042,0.768318137,0
2.2044,0.8032006521,0
2.2046,0.6958382606,0
2.2048,0.6399324255,0
2.205,0.5714443377,0
2.2052,0.6619634542,0
2.2054,0.6352656682,0
2.2056,0.6319138276,0
2.2058,0.490812961,0
2.206,0.5590041141,0
2.2062,0.4600493765,0
2.2064,0.4210619642,0
2.2066,0.4760166844,0
2.2068,0.4603637925,0
2.207,0.446844299,0
2.2072,0.4507067789,0
2.2074,0.4494439092,0
2.2076,0.4983582848,0
2.2078,0.3948138323,0
2.208,0.3726226566,0
2.2082,0.3601216435,0
2.2084,0.3939331647,0
2.2086,0.3161604991,0
2.2088,0.409913254,0
2.209,0.3276901072,0
2.2092,0.3301753525,0
2.2094,0.308024738,0
2.2096,0.3373018117,0
2.2098,0.2840133507,0
2.21,0.2999495946,0
2.2102,0.3228251876,0
2.2104,0.3275942445,0
2.2106,0.3162659984,0
2.2108,0.2265805842,0
2.211,0.2458878306,0
2.2112,0.1648854619,0
2.2114,0.2101009777,0
2.2116,0.1742959199,0
2.2118,0.1416205231,0
2.212,0.1711458309,0
2.2122,0.1593612815,0
2.2124,0.03104917975,0
2.2126,0.07926058342,0
2.2128,0.02682533989,0
2.213,0.03815767527,0
2.2132,-0.01989952303,0
2.2134,-0.01906907236,0
2.2136,0.01543925555,0
2.2138,-0.03981116604,0
2.214,-0.1501495931,0
2.2142,-0.05148748382,0
2.2144,-0.2152029942,0
2.2146,-0.2017105843,0
2.2148,-0.2077201998,0
2.215,-0.2019855281,0
2.2152,-0.2002394721,0
2.2154,-0.2289976602,0
2.2156,-0.2530210708,0
2.2158,-0.2743969808,0
2.216,-0.3044268262,0
2.2162,-0.2851639709,0
2.2164,-0.3487813037,0
2.2166,-0.2623567465,0
2.2168,-0.3944781615,0
2.217,-0.3780493653,0
2.2172,-0.2971865521,0
2.2174,-0.3622121605,0
2.2176,-0.4248627933,0
2.2178,-0.364708017,0
2.218,-0.3728239273,0
2.2182,-0.4105437296,0
2.2184,-0.422920003,0
2.2186,-0.3722766924,0
2.2188,-0.4806965504,0
2.219,-0.4387324063,0
2.2192,-0.46076249,0
2.2194,-0.5486355971,0
2.2196,-0.4875577277,0
2.2198,-0.5368425997,0
2.22,-0.4934792081,0
2.2202,-0.4983790603,0
2.2204,-0.4755737724,0
2.2206,-0.5930782287,0
2.2208,-0.5255938177,0
2.221,-0.6730461006,0
2.2212,-0.6701258462,0
2.2214,-0.5779918723,0
2.2216,-0.6833400265,0
2.2218,-0.6782865477,0
2.222,-0.7426006277,0
2.2222,-0.8179291028,0
2.2224,-0.7375765174,0
2.2226,-0.8284424898,0
2.2228,-0.7956506293,0
2.223,-0.8709318665,0
2.2232,-0.8653117892,0
2.2234,-0.8324334318,0
2.2236,-0.95271211,0
2.2238,-0.9808877096,0
2.224,-1.084119478,0
2.2242,-1.033977748,0
2.2244,-1.14825035,0
2.2246,-1.155216828,0
2.2248,-1.175650415,0
2.225,-1.175108063,0
2.2252,-1.254276294,0
2.2254,-1.201037737,0
2.2256,-1.303290447,0
2.2258,-1.200010298,0
2.226,-1.27361997,0
2.2262,-1.298594218,0
2.2264,-1.300208935,0
2.2266,-1.318557051,0
2.2268,-1.303887355,0
2.227,-1.358781121,0
2.2272,-1.290376142,0
2.2274,-1.244061327,0
2.2276,-1.382077393,0
2.2278,-1.331721513,0
2.228,-1.161183074,0
2.2282,-1.184251452,0
2.2284,-1.213016548,0
2.2286,-1.170692844,0
2.2288,-1.125894236,0
2.229,-1.087836059,0
2.2292,-0.9670745998,0
2.2294,-0.9637885113,0
2.2296,-0.9290719362,0
2.2298,-0.8837599037,0
2.23,-0.7621393848,0
2.2302,-0.6738423705,0
2.2304,-0.5456972974,0
2.2306,-0.6197078815,0
2.2308,-0.4586214979,0
2.231,-0.4480674577,0
2.2312,-0.2536263833,0
2.2314,-0.2997388943,0
2.2316,-0.1312165198,0
2.2318,-0.02424673091,0
2.232,0.01339832911,1
2.2322,0.07976437051,1
2.2324,0.2092687351,1
2.2326,0.3273507934,1
2.2328,0.3901033543,1
2.233,0.4569098035,1
2.2332,0.5986353342,1
2.2334,0.6018788758,1
2.2336,0.6762695558,1
2.2338,0.70099541,1
2.234,0.794862932,1
2.2342,0.8938478018,1
2.2344,0.8930074701,1
2.2346,0.9696408912,1
2.2348,1.047676307,1
2.235,1.060445276,0
2.2352,1.04440595,0
2.2354,1.167135278,0
2.2356,1.229780429,0
2.2358,1.214227854,0
2.236,1.265951609,0
2.2362,1.209087238,0
2.2364,1.322531721,0
2.2366,1.278392633,0
2.2368,1.305125781,0
2.237,1.272428352,0
2.2372,1.373132438,0
2.2374,1.313120571,0
2.2376,1.383721645,0
2.2378,1.264656525,0
2.238,1.286882446,0
2.2382,1.268967543,0
2.2384,1.162369724,0
2.2386,1.188094277,0
2.2388,1.166596416,0
2.239,1.221960534,0
2.2392,1.141105841,0
2.2394,1.063788062,0
2.2396,1.083236845,0
2.2398,0.9612258644,0
2.24,1.012050947,0
2.2402,0.9744424425,0
2.2404,0.9938019127,0
2.2406,0.9032664909,0
2.2408,0.8050514867,0
2.241,0.8659255015,0
2.2412,0.8989370327,0
2.2414,0.7541534648,0
2.2416,0.7546639803,0
2.2418,0.6925881198,0
2.242,0.7008867132,0
2.2422,0.6082185911,0
2.2424,0.6944098505,0
2.2426,0.716481524,0
2.2428,0.5624229202,0
2.243,0.5952555928,0
2.2432,0.5412407868,0
2.2434,0.5495321212,0
2.2436,0.573552595,0
2.2438,0.5449158701,0
2.244,0.5640698604,0
2.2442,0.5048708695,0
2.2444,0.4868598495,0
2.2446,0.5791755128,0
2.2448,0.5009551414,0
2.245,0.4595944357,0
2.2452,0.4170350274,0
2.2454,0.4459927066,0
2.2456,0.463045792,0
2.2458,0.434906351,0
2.246,0.3966874115,0
2.2462,0.3886269201,0
2.2464,0.3798477338,0
2.2466,0.3317575324,0
2.2468,0.3154029876,0
2.247,0.2821564189,0
2.2472,0.3083609681,0
2.2474,0.3732407671,0
2.2476,0.3072573355,0
2.2478,0.2420287546,0
2.248,0.2384491604,0
2.2482,0.1789435694,0
2.2484,0.2439923442,0
2.2486,0.2573469948,0
2.2488,0.1597100386,0
2.249,0.1427486965,0
2.2492,0.1489770227,0
2.2494,0.1541066148,0
2.2496,0.1286509466,0
2.2498,0.09057860748,0
2.25,0.09306551851,0
2.2502,0.03509119774,0
2.2504,0.03120697844,0
2.2506,0.05727419447,0
2.2508,-0.04312425674,0
2.251,-0.063643288,0
2.2512,-0.03306656202,0
2.2514,-0.1086487567,0
2.2516,-0.117597289,0
2.2518,-0.2011220084,0
2.252,-0.1863105285,0
2.2522,-0.1817917259,0
2.2524,-0.1893270137,0
2.2526,-0.1926201835,0
2.2528,-0.2061136371,0
2.253,-0.238888858,0
2.2532,-0.2674071232,0
2.2534,-0.2653623706,0
2.2536,-0.2796911985,0
2.2538,-0.2599248338,0
2.254,-0.3343136713,0
2.2542,-0.3371093043,0
2.2544,-0.2914521598,0
2.2546,-0.3311462112,0
2.2548,-0.4203243594,0
2.255,-0.3962941419,0
2.2552,-0.3982126213,0
2.2554,-0.4014522834,0
2.2556,-0.4612841843,0
2.2558,-0.4905612885,0
2.256,-0.4017620599,0
2.2562,-0.4451042368,0
2.2564,-0.4462938432,0
2.2566,-0.4917656663,0
2.2568,-0.4367604126,0
2.257,-0.5170823297,0
2.2572,-0.4231832653,0
2.2574,-0.5225730162,0
2.2576,-0.4579476027,0
2.2578,-0.536679652,0
2.258,-0.5575828169,0
2.2582,-0.5352050531,0
2.2584,-0.6106623453,0
2.2586,-0.6155494274,0
2.2588,-0.6190970892,0
2.259,-0.7384498904,0
2.2592,-0.6941794087,0
2.2594,-0.7414268012,0
2.2596,-0.726039565,0
2.2598,-0.8087199502,0
2.26,-0.7883164637,0
2.2602,-0.8732305494,0
2.2604,-0.9193028635,0
2.2606,-0.9315551666,0
2.2608,-0.8844008359,0
2.261,-1.030606803,0
2.2612,-1.047056238,0
2.2614,-1.0255699,0
2.2616,-1.131841548,0
2.2618,-1.079034801,0
2.262,-1.161372458,0
2.2622,-1.188473356,0
2.2624,-1.25611694,0
2.2626,-1.234495031,0
2.2628,-1.198651972,0
2.263,-1.274210349,0
2.2632,-1.264807079,0
2.2634,-1.270383256,0
2.2636,-1.266640946,0
2.2638,-1.333672815,0
2.264,-1.283429088,0
2.2642,-1.252027322,0
2.2644,-1.297960669,0
2.2646,-1.326168607,0
2.2648,-1.280535531,0
2.265,-1.311627387,0
2.2652,-1.218556303,0
2.2654,-1.263910444,0
2.2656,-1.19461471,0
2.2658,-1.110289848,0
2.266,-1.146062443,0
2.2662,-1.065665753,0
2.2664,-0.9694952943,0
2.2666,-0.9996662418,0
2.2668,-0.9092491238,0
2.267,-0.8357010746,0
2.2672,-0.8184004901,0
2.2674,-0.678739208,0
2.2676,-0.5857510485,0
2.2678,-0.5154943834,0
2.268,-0.5013900425,0
2.2682,-0.3461182113,0
2.2684,-0.28037756,0
2.2686,-0.231948286,0
2.2688,-0.1198928462,0
2.269,-0.07122780593,0
2.2692,0.03372395133,1
2.2694,0.1542603366,1
2.2696,0.2101405211,1
2.2698,0.3272720863,1
2.27,0.3472113881,1
2.2702,0.4385231402,1
2.2704,0.4861618708,1
2.2706,0.6017877221,1
2.2708,0.6855428946,1
2.271,0.6456108156,1
2.2712,0.7539963297,1
2.2714,0.8792900128,1
2.2716,0.9209393103,1
2.2718,0.9184329508,1
2.272,1.022392288,1
2.2722,1.143828661,0
2.2724,1.140763274,0
2.2726,1.110847017,0
2.2728,1.19284302,0
2.273,1.155238368,0
2.2732,1.245213609,0
2.2734,1.256543585,0
2.2736,1.319375441,0
2.2738,1.279136964,0
2.274,1.270615609,0
2.2742,1.309193841,0
2.2744,1.386933728,0
2.2746,1.27378146,0
2.2748,1.317709678,0
2.275,1.246503665,0
2.2752,1.227213762,0
2.2754,1.255215113,0
2.2756,1.208124742,0
2.2758,1.228692685,0
2.276,1.197502808,0
2.2762,1.172243884,0
2.2764,1.116591935,0
2.2766,1.121519058,0
2.2768,1.055158432,0
2.277,1.045229968,0
2.2772,0.9240848364,0
2.2774,0.9569734649,0
2.2776,0.9301081834,0
2.2778,0.910514477,0
2.278,0.858241332,0
2.2782,0.8542860812,0
2.2784,0.7740748083,0
2.2786,0.7284203483,0
2.2788,0.7433862412,0
2.279,0.6994299606,0
2.2792,0.6851802239,0
2.2794,0.5896444197,0
2.2796,0.579653916,0
2.2798,0.666386502,0
2.28,0.6185031601,0
2.2802,0.5861222187,0
2.2804,0.6112671633,0
2.2806,0.5372446178,0
2.2808,0.5654825474,0
2.281,0.48874014,0
2.2812,0.5778596632,0
2.2814,0.3882094552,0
2.2816,0.4661680066,0
2.2818,0.3631601445,0
2.282,0.4553567963,0
2.2822,0.4697296329,0
2.2824,0.4439968128,0
2.2826,0.4248991714,0
2.2828,0.4104660875,0
2.283,0.3840194241,0
2.2832,0.3674763061,0
2.2834,0.3862157306,0
2.2836,0.3756676015,0
2.2838,0.4156687378,0
2.284,0.3588848777,0
2.2842,0.3557943466,0
2.2844,0.3330596185,0
2.2846,0.2828819054,0
2.2848,0.257190557,0
2.285,0.3214306932,0
2.2852,0.2134762373,0
2.2854,0.2559362792,0
2.2856,0.2537157198,0
2.2858,0.1746543083,0
2.286,0.2538008161,0
2.2862,0.1817813453,0
2.2864,0.1367918552,0
2.2866,0.1029574908,0
2.2868,0.1527511201,0
2.287,0.01642898032,0
2.2872,0.06568384841,0
2.2874,0.01122382597,0
2.2876,0.05992696529,0
2.2878,-0.01693359369,0
2.288,-0.06497350653,0
2.2882,-0.0253001996,0
2.2884,-0.1101008886,0
2.2886,-0.06531007205,0
2.2888,-0.1098243467,0
2.289,-0.1485198046,0
2.2892,-0.1439381718,0
2.2894,-0.2172446245,0
2.2896,-0.1958763232,0
2.2898,-0.2595715588,0
2.29,-0.2463155456,0
2.2902,-0.3245930353,0
2.2904,-0.2409643663,0
2.2906,-0.3830779818,0
2.2908,-0.3662324545,0
2.291,-0.3171612073,0
2.2912,-0.3396003848,0
2.2914,-0.3231329808,0
2.2916,-0.4282267279,0
2.2918,-0.3995414504,0
2.292,-0.3764033243,0
2.2922,-0.4100230051,0
2.2924,-0.4079826934,0
2.2926,-0.39999356,0
2.2928,-0.4262171203,0
2.293,-0.475486065,0
2.2932,-0.5155800259,0
2.2934,-0.4806785458,0
2.2936,-0.5132304209,0
2.2938,-0.5498748033,0
2.294,-0.4732725215,0
2.2942,-0.470094808,0
2.2944,-0.5283170342,0
2.2946,-0.4835346852,0
2.2948,-0.502920243,0
2.295,-0.5541852068,0
2.2952,-0.6665426633,0
2.2954,-0.6241524642,0
2.2956,-0.5803722742,0
2.2958,-0.6815001053,0
2.296,-0.6524772716,0
2.2962,-0.6884085712,0
2.2964,-0.7663878929,0
2.2966,-0.7926423939,0
2.2968,-0.7913278519,0
2.297,-0.8874179384,0
2.2972,-0.8586616418,0
2.2974,-0.8953082765,0
2.2976,-0.9563748036,0
2.2978,-0.9850637319,0
2.298,-1.049533276,0
2.2982,-1.100329838,0
2.2984,-1.10595555,0
2.2986,-1.003265642,0
2.2988,-1.125695312,0
2.299,-1.153101178,0
2.2992,-1.199401253,0
2.2994,-1.192543585,0
2.2996,-1.174383031,0
2.2998,-1.272196966,0
2.3,-1.284192351,0
2.3002,-1.262852412,0
2.3004,-1.284427908,0
2.3006,-1.279624705,0
2.3008,-1.393148618,0
2.301,-1.338449358,0
2.3012,-1.227073678,0
2.3014,-1.325686639,0
2.3016,-1.261632682,0
2.3018,-1.217328237,0
2.302,-1.216249224,0
2.3022,-1.191515577,0
2.3024,-1.213487669,0
2.3026,-1.242315575,0
2.3028,-1.120612759,0
2.303,-1.0413883,0
2.3032,-1.014359623,0
2.3034,-0.9514400027,0
2.3036,-0.9283304825,0
2.3038,-0.869120134,0
2.304,-0.7891705408,0
2.3042,-0.6885513037,0
2.3044,-0.5313200316,0
2.3046,-0.5582761303,0
2.3048,-0.4968800165,0
2.305,-0.3971649858,0
2.3052,-0.2947805707,0
2.3054,-0.2211987016,0
2.3056,-0.1517504078,0
2.3058,-0.09429815156,0
2.306,0.006475061192,1
2.3062,0.1402241543,1
2.3064,0.2285386393,1
2.3066,0.23142721,1
2.3068,0.391107713,1
2.307,0.3970537049,1
2.3072,0.6036532803,1
2.3074,0.6134099622,1
2.3076,0.7065583853,1
2.3078,0.7383591147,1
2.308,0.813885145,1
2.3082,0.931833049,1
2.3084,0.8496424631,1
2.3086,0.9734958455,1
2.3088,1.094448679,1
2.309,1.070484506,0
2.3092,1.135727827,0
2.3094,1.13341269,0
2.3096,1.258734481,0
2.3098,1.158971351,0
2.31,1.159537511,0
2.3102,1.282705144,0
2.3104,1.306588563,0
2.3106,1.277341164,0
2.3108,1.232717219,0
2.311,1.318457361,0
2.3112,1.304737783,0
2.3114,1.298258793,0
2.3116,1.260851056,0
2.3118,1.24916538,0
2.312,1.303722196,0
2.3122,1.277764488,0
2.3124,1.220802096,0
2.3126,1.200706329,0
2.3128,1.196813461,0
2.313,1.208171147,0
2.3132,1.028082507,0
2.3134,1.122233405,0
2.3136,1.039471161,0
2.3138,0.9752274351,0
2.314,0.9681495033,0
2.3142,0.9590480272,0
2.3144,0.9000081606,0
2.3146,0.8811520741,0
2.3148,0.8464686585,0
2.315,0.7802440475,0
2.3152,0.7912221617,0
2.3154,0.753035962,0
2.3156,0.7285592159,0
2.3158,0.7201252275,0
2.316,0.6919485884,0
2.3162,0.6454331713,0
2.3164,0.637174735,0
2.3166,0.6297591631,0
2.3168,0.5930101559,0
2.317,0.6139012643,0
2.3172,0.5171216546,0
2.3174,0.4918501271,0
2.3176,0.4370145427,0
2.3178,0.5258596792,0
2.318,0.4733429795,0
2.3182,0.4593764032,0
2.3184,0.520688533,0
2.3186,0.4867757929,0
2.3188,0.427718645,0
2.319,0.4208546646,0
2.3192,0.4296397941,0
2.3194,0.4580225267,0
2.3196,0.399605803,0
2.3198,0.39813353,0
2.32,0.3119134361,0
2.3202,0.3907086945,0
2.3204,0.352441898,0
2.3206,0.3057144267,0
2.3208,0.2748502866,0
2.321,0.349530386,0
2.3212,0.249279491,0
2.3214,0.3844992139,0
2.3216,0.1922113043,0
2.3218,0.2411738932,0
2.322,0.181816575,0
2.3222,0.2064506844,0
2.3224,0.2657104653,0
2.3226,0.1494094217,0
2.3228,0.09545637315,0
2.323,0.1598762105,0
2.3232,0.1487937028,0
2.3234,0.1042661011,0
2.3236,0.001577690354,0
2.3238,0.06867608245,0
2.324,-0.01714837832,0
2.3242,-0.002101688578,0
2.3244,0.04729902034,0
2.3246,-0.09143386844,0
2.3248,-0.02329771699,0
2.325,-0.07538599647,0
2.3252,-0.179216632,0
2.3254,-0.06011630105,0
2.3256,-0.2033724748,0
2.3258,-0.1869374475,0
2.326,-0.2201302604,0
2.3262,-0.1857112763,0
2.3264,-0.2683904029,0
2.3266,-0.3043009175,0
2.3268,-0.227709642,0
2.327,-0.3092644578,0
2.3272,-0.2945200724,0
2.3274,-0.3044503747,0
2.3276,-0.294767473,0
2.3278,-0.356853632,0
2.328,-0.3737141877,0
2.3282,-0.3737621768,0
2.3284,-0.3893748889,0
2.3286,-0.3682611652,0
2.3288,-0.407682447,0
2.329,-0.4509518778,0
2.3292,-0.4520498862,0
2.3294,-0.4268941892,0
2.3296,-0.4339448741,0
2.3298,-0.4699522094,0
2.33,-0.4726901578,0
2.3302,-0.4656531368,0
2.3304,-0.4731329193,0
2.3306,-0.5188290806,0
2.3308,-0.5364983009,0
2.331,-0.4793408217,0
2.3312,-0.5837461404,0
2.3314,-0.5622167213,0
2.3316,-0.5657930727,0
2.3318,-0.6229564956,0
2.332,-0.5928431084,0
2.3322,-0.686098894,0
2.3324,-0.6233937508,0
2.3326,-0.6650995958,0
2.3328,-0.7255507948,0
2.333,-0.7324110267,0
2.3332,-0.79672494,0
2.3334,-0.7824512416,0
2.3336,-0.8021634314,0
2.3338,-0.9032713818,0
2.334,-0.8932109402,0
2.3342,-0.9483339143,0
2.3344,-0.926073005,0
2.3346,-1.03836553,0
2.3348,-1.004314942,0
2.335,-1.067755791,0
2.3352,-1.097687789,0
2.3354,-1.1566871,0
2.3356,-1.134525475,0
2.3358,-1.133048975,0
2.336,-1.244708306,0
2.3362,-1.198747081,0
2.3364,-1.179124256,0
2.3366,-1.361142637,0
2.3368,-1.239175311,0
2.337,-1.29056734,0
2.3372,-1.326900822,0
2.3374,-1.361438718,0
2.3376,-1.32346833,0
2.3378,-1.304764628,0
2.338,-1.257967695,0
2.3382,-1.333343661,0
2.3384,-1.221438321,0
2.3386,-1.263335882,0
2.3388,-1.153027066,0
2.339,-1.172750479,0
2.3392,-1.170814355,0
2.3394,-1.088836259,0
2.3396,-1.064337941,0
2.3398,-0.9434258399,0
2.34,-0.9404536156,0
2.3402,-0.8930548246,0
2.3404,-0.796580732,0
2.3406,-0.6634098924,0
2.3408,-0.6745609514,0
2.341,-0.6050038638,0
2.3412,-0.5618909175,0
2.3414,-0.3924162272,0
2.3416,-0.3900179816,0
2.3418,-0.2886171488,0
2.342,-0.1963405999,0
2.3422,-0.08146817093,0
2.3424,0.02840883871,0
2.3426,0.03124959226,1
2.3428,0.1354304276,1
2.343,0.2731990794,1
2.3432,0.3589694489,1
2.3434,0.4374768085,1
2.3436,0.5534256196,1
2.3438,0.6513516192,1
2.344,0.6418181613,1
2.3442,0.6742577045,1
2.3444,0.7504153584,1
2.3446,0.8393545111,1
2.3448,0.941665369,1
2.345,0.930802077,1
2.3452,1.021551575,1
2.3454,1.08875692,1
2.3456,1.146864123,0
2.3458,1.230762386,0
2.346,1.276577186,0
2.3462,1.132752165,0
2.3464,1.222226175,0
2.3466,1.316609385,0
2.3468,1.346850826,0
2.347,1.30141413,0
2.3472,1.31852176,0
2.3474,1.320895966,0
2.3476,1.292944059,0
2.3478,1.339880799,0
2.348,1.242783001,0
2.3482,1.237889617,0
2.3484,1.311896606,0
2.3486,1.246678806,0
2.3488,1.173858138,0
2.349,1.120650469,0
2.3492,1.239864448,0
2.3494,1.160589132,0
2.3496,1.060646436,0
2.3498,1.04221473,0
2.35,1.033530306,0
2.3502,1.045808579,0
2.3504,1.000710509,0
2.3506,0.8763354522,0
2.3508,0.971784318,0
2.351,0.9100706835,0
2.3512,0.8308140596,0
2.3514,0.7479675295,0
2.3516,0.7695587978,0
2.3518,0.7785542089,0
2.352,0.6817002778,0
2.3522,0.725680893,0
2.3524,0.6870602414,0
2.3526,0.6231075441,0
2.3528,0.6387361324,0
2.353,0.6475099254,0
2.3532,0.5878367248,0
2.3534,0.5251640858,0
2.3536,0.5299957921,0
2.3538,0.4984103158,0
2.354,0.5024919288,0
2.3542,0.5514201208,0
2.3544,0.443473561,0
2.3546,0.5587807693,0
2.3548,0.4090442724,0
2.355,0.5677403282,0
2.3552,0.4903554147,0
2.3554,0.4277695524,0
2.3556,0.3889912069,0
2.3558,0.4255575865,0
2.356,0.30578444,0
2.3562,0.3464339672,0
2.3564,0.4484768736,0
2.3566,0.3607171627,0
2.3568,0.3594308309,0
2.357,0.2462053054,0
2.3572,0.3117366989,0
2.3574,0.250928441,0
2.3576,0.2708235294,0
2.3578,0.2554450443,0
2.358,0.2294022644,0
2.3582,0.3164252219,0
2.3584,0.2009917128,0
2.3586,0.222349541,0
2.3588,0.2334426762,0
2.359,0.2291994799,0
2.3592,0.17197651,0
2.3594,0.06934767251,0
2.3596,0.155824623,0
2.3598,0.09001813158,0
2.36,0.1034057806,0
2.3602,0.06123654186,0
2.3604,0.03323918936,0
2.3606,-0.01040868927,0
2.3608,-0.04197073054,0
2.361,-0.1237137666,0
2.3612,-0.1361733414,0
2.3614,-0.101173222,0
2.3616,-0.1243561975,0
2.3618,-0.1425839723,0
2.362,-0.157654136,0
2.3622,-0.2000247841,0
2.3624,-0.2442958708,0
2.3626,-0.2766015808,0
2.3628,-0.2487007628,0
2.363,-0.2932868523,0
2.3632,-0.3231493539,0
2.3634,-0.3169835986,0
2.3636,-0.3094244386,0
2.3638,-0.3735166169,0
2.364,-0.3187523791,0
2.3642,-0.279380966,0
2.3644,-0.3747881235,0
2.3646,-0.3354134999,0
2.3648,-0.3634785202,0
2.365,-0.4268239638,0
2.3652,-0.3223667051,0
2.3654,-0.4185535351,0
2.3656,-0.4253540634,0
2.3658,-0.4351674722,0
2.366,-0.4376888931,0
2.3662,-0.4387917276,0
2.3664,-0.4479073222,0
2.3666,-0.4821788489,0
2.3668,-0.5078049991,0
2.367,-0.453162649,0
2.3672,-0.5191291407,0
2.3674,-0.5893335276,0
2.3676,-0.5620945407,0
2.3678,-0.556515334,0
2.368,-0.5814928324,0
2.3682,-0.6363778829,0
2.3684,-0.6502773016,0
2.3686,-0.7135326248,0
2.3688,-0.683456885,0
2.369,-0.6967408787,0
2.3692,-0.6748400105,0
2.3694,-0.8122740986,0
2.3696,-0.8020370501,0
2.3698,-0.8417908215,0
2.37,-0.9628963126,0
2.3702,-0.8583926851,0
2.3704,-0.8999205777,0
2.3706,-0.9595869634,0
2.3708,-0.9979355366,0
2.371,-1.053750274,0
2.3712,-1.0646933,0
2.3714,-1.101647268,0
2.3716,-1.130234772,0
2.3718,-1.20646106,0
2.372,-1.274925002,0
2.3722,-1.290864386,0
2.3724,-1.206080015,0
2.3726,-1.188285407,0
2.3728,-1.23471515,0
2.373,-1.293410845,0
2.3732,-1.351828265,0
2.3734,-1.301672618,0
2.3736,-1.337995708,0
2.3738,-1.293775793,0
2.374,-1.295479843,0
2.3742,-1.337826306,0
2.3744,-1.240123981,0
2.3746,-1.224750745,0
2.3748,-1.185595084,0
2.375,-1.188125953,0
2.3752,-1.17494022,0
2.3754,-1.069126467,0
2.3756,-1.067418651,0
2.3758,-0.9881095166,0
2.376,-0.9667454253,0
2.3762,-0.9480545689,0
2.3764,-0.8582923078,0
2.3766,-0.8269263925,0
2.3768,-0.7407681677,0
2.377,-0.647195474,0
2.3772,-0.5775423895,0
2.3774,-0.3827694655,0
2.3776,-0.42806607,0
2.3778,-0.3231408518,0
2.378,-0.2054420841,0
2.3782,-0.0533952166,0
2.3784,-0.04527796321,0
2.3786,0.06263926646,1
2.3788,0.1176321266,1
2.379,0.1769839533,1
2.3792,0.2737330152,1
2.3794,0.4194007025,1
2.3796,0.4611752003,1
2.3798,0.5466921755,1
2.38,0.6217943286,1
2.3802,0.7476631663,1
2.3804,0.8319847592,1
2.3806,0.8381331965,1
2.3808,0.8801978382,1
2.381,0.9442478032,1
2.3812,0.9565962813,1
2.3814,1.054115706,0
2.3816,1.135343641,0
2.3818,1.175496094,0
2.382,1.166566175,0
2.3822,1.22051319,0
2.3824,1.231735083,0
2.3826,1.271204865,0
2.3828,1.326427716,0
2.383,1.309206869,0
2.3832,1.27690154,0
2.3834,1.293357789,0
2.3836,1.28065776,0
2.3838,1.307389655,0
2.384,1.280195895,0
2.3842,1.227496058,0
2.3844,1.240567091,0
2.3846,1.27251434,0
2.3848,1.177874431,0
2.385,1.15731572,0
2.3852,1.182220719,0
2.3854,1.222948714,0
2.3856,1.123854312,0
2.3858,1.046427118,0
2.386,1.034284363,0
2.3862,1.032663515,0
2.3864,1.038810028,0
2.3866,1.005756473,0
2.3868,0.8708964579,0
2.387,0.8581483463,0
2.3872,0.8353975514,0
2.3874,0.8126513046,0
2.3876,0.8058009273,0
2.3878,0.7643075572,0
2.388,0.7170694613,0
2.3882,0.7532662944,0
2.3884,0.6704678375,0
2.3886,0.5843843847,0
2.3888,0.618952183,0
2.389,0.5779226951,0
2.3892,0.5684406861,0
2.3894,0.6303020996,0
2.3896,0.5588990435,0
2.3898,0.4709434944,0
2.39,0.5132101301,0
2.3902,0.5118471317,0
2.3904,0.4631406711,0
2.3906,0.5026218912,0
2.3908,0.437693728,0
2.391,0.4734024689,0
2.3912,0.412891706,0
2.3914,0.3938108661,0
2.3916,0.4498870385,0
2.3918,0.3472627448,0
2.392,0.4772746487,0
2.3922,0.3804025902,0
2.3924,0.2944845884,0
2.3926,0.3160411727,0
2.3928,0.3174146103,0
2.393,0.2526606484,0
2.3932,0.3881021591,0
2.3934,0.4192128752,0
2.3936,0.27100521,0
2.3938,0.3025594636,0
2.394,0.3466486326,0
2.3942,0.2306263873,0
2.3944,0.2564237332,0
2.3946,0.2492634933,0
2.3948,0.1251362861,0
2.395,0.1807297019,0
2.3952,0.1909450833,0
2.3954,0.1286555203,0
2.3956,0.1082753134,0
2.3958,0.1257038949,0
2.396,0.1059777371,0
2.3962,0.02553408806,0
2.3964,-0.07310899324,0
2.3966,-0.03403297417,0
2.3968,-0.04757182276,0
2.397,-0.06864909122,0
2.3972,-0.08644452906,0
2.3974,-0.1449417653,0
2.3976,-0.1387392915,0
2.3978,-0.2200198845,0
2.398,-0.09345222032,0
2.3982,-0.2182108748,0
2.3984,-0.2425305551,0
2.3986,-0.188789991,0
2.3988,-0.2675714238,0
2.399,-0.2705355218,0
2.3992,-0.2066952327,0
2.3994,-0.3456367542,0
2.3996,-0.3223834552,0
2.3998,-0.323656852,0
2.4,-0.3139276282,0
2.4002,-0.3914089007,0
2.4004,-0.3922566783,0
2.4006,-0.4514574251,0
2.4008,-0.3591673577,0
2.401,-0.4183680726,0
2.4012,-0.4350845645,0
2.4014,-0.4116033862,0
2.4016,-0.3889949039,0
2.4018,-0.4736391212,0
2.402,-0.5306858628,0
2.4022,-0.5047054249,0
2.4024,-0.4564649204,0
2.4026,-0.4817561891,0
2.4028,-0.5368910612,0
2.403,-0.5065067157,0
2.4032,-0.5511006526,0
2.4034,-0.5522991157,0
2.4036,-0.6056849469,0
2.4038,-0.6476437168,0
2.404,-0.6064838351,0
2.4042,-0.6194915802,0
2.4044,-0.662944503,0
2.4046,-0.7536954314,0
2.4048,-0.6913552972,0
2.405,-0.7059946383,0
2.4052,-0.8001579162,0
2.4054,-0.8131634211,0
2.4056,-0.8443049424,0
2.4058,-0.8873099078,0
2.406,-0.9079462108,0
2.4062,-0.9035568015,0
2.4064,-0.9535243298,0
2.4066,-1.081346572,0
2.4068,-1.056036336,0
2.407,-1.084748056,0
2.4072,-1.153271808,0
2.4074,-1.240037298,0
2.4076,-1.135045352,0
2.4078,-1.180707488,0
2.408,-1.204695148,0
2.4082,-1.255557379,0
2.4084,-1.213979996,0
2.4086,-1.21287081,0
2.4088,-1.245398758,0
2.409,-1.274794872,0
2.4092,-1.243526151,0
2.4094,-1.301404108,0
2.4096,-1.282773257,0
2.4098,-1.348120505,0
2.41,-1.301374508,0
2.4102,-1.229134549,0
2.4104,-1.211917002,0
2.4106,-1.194976963,0
2.4108,-1.191514067,0
2.411,-1.219732556,0
2.4112,-1.131347498,0
2.4114,-1.030332742,0
2.4116,-1.077071817,0
2.4118,-0.9435463621,0
2.412,-0.9268830564,0
2.4122,-0.8535578784,0
2.4124,-0.8096256427,0
2.4126,-0.6389608229,0
2.4128,-0.6094951034,0
2.413,-0.5386531175,0
2.4132,-0.3582359369,0
2.4134,-0.4012546341,0
2.4136,-0.27857422,0
2.4138,-0.1731007608,0
2.414,-0.1054449674,0
2.4142,-0.02025242201,0
2.4144,0.005514655743,1
2.4146,0.1227925465,1
2.4148,0.2071790417,1
2.415,0.2790810663,1
2.4152,0.420023278,1
2.4154,0.4309966635,1
2.4156,0.6093449067,1
2.4158,0.6847298262,1
2.416,0.7132843795,1
2.4162,0.7949555463,1
2.4164,0.8746587269,1
2.4166,0.8776896257,1
2.4168,0.9726503889,1
2.417,1.07991798,1
2.4172,1.077908214,0
2.4174,1.18612788,0
2.4176,1.195400213,0
2.4178,1.191552973,0
2.418,1.220104061,0
2.4182,1.294347845,0
2.4184,1.272492918,0
2.4186,1.327864717,0
2.4188,1.214482826,0
2.419,1.29020045,0
2.4192,1.246263446,0
2.4194,1.322138173,0
2.4196,1.294766529,0
2.4198,1.33522303,0
2.42,1.23652367,0
2.4202,1.309298138,0
2.4204,1.275234929,0
2.4206,1.181457844,0
2.4208,1.240288,0
2.421,1.19634993,0
2.4212,1.085684638,0
2.4214,1.106711853,0
2.4216,1.064614798,0
2.4218,1.041661451,0
2.422,0.9899711963,0
2.4222,1.001672959,0
2.4224,0.9164079849,0
2.4226,0.9046728156,0
2.4228,0.8462729792,0
2.423,0.8005289855,0
2.4232,0.7167255089,0
2.4234,0.7756125995,0
2.4236,0.7256889877,0
2.4238,0.7106974151,0
2.424,0.6747233063,0
2.4242,0.6213645581,0
2.4244,0.5833397503,0
2.4246,0.6000648162,0
2.4248,0.5182012147,0
2.425,0.5278681577,0
2.4252,0.5446816393,0
2.4254,0.5172401006,0
2.4256,0.5101597247,0
2.4258,0.4437905564,0
2.426,0.4608396451,0
2.4262,0.4257639081,0
2.4264,0.4983508441,0
2.4266,0.4451359304,0
2.4268,0.4330303865,0
2.427,0.452382964,0
2.4272,0.4654886087,0
2.4274,0.3607268482,0
2.4276,0.4099902092,0
2.4278,0.3485700605,0
2.428,0.3420946503,0
2.4282,0.3468750819,0
2.4284,0.3241578766,0
2.4286,0.37098735,0
2.4288,0.3358147978,0
2.429,0.2678597153,0
2.4292,0.2731812657,0
2.4294,0.260406809,0
2.4296,0.310023111,0
2.4298,0.2982676343,0
2.43,0.320752584,0
2.4302,0.1436375232,0
2.4304,0.1788299237,0
2.4306,0.2466011734,0
2.4308,0.1502303944,0
2.431,0.1386580758,0
2.4312,0.1042244475,0
2.4314,0.06547366679,0
2.4316,0.1313574593,0
2.4318,-0.01961834475,0
2.432,0.08278728093,0
2.4322,-0.02846499978,0
2.4324,0.03126248565,0
2.4326,-0.09921767879,0
2.4328,-0.1008419016,0
2.433,-0.1731007349,0
2.4332,-0.1475677572,0
2.4334,-0.144548388,0
2.4336,-0.1777533219,0
2.4338,-0.1985681534,0
2.434,-0.2442762862,0
2.4342,-0.2216445055,0
2.4344,-0.2362601401,0
2.4346,-0.1780231126,0
2.4348,-0.3243110908,0
2.435,-0.270402681,0
2.4352,-0.262975309,0
2.4354,-0.2749318399,0
2.4356,-0.3403216233,0
2.4358,-0.3587685864,0
2.436,-0.3583324781,0
2.4362,-0.3534997287,0
2.4364,-0.4075343154,0
2.4366,-0.396737774,0
2.4368,-0.376082276,0
2.437,-0.3836144054,0
2.4372,-0.4283972507,0
2.4374,-0.4813324178,0
2.4376,-0.4303801308,0
2.4378,-0.4782242662,0
2.438,-0.5136707998,0
2.4382,-0.4777578013,0
2.4384,-0.5305626914,0
2.4386,-0.5578426154,0
2.4388,-0.5477697789,0
2.439,-0.6344406453,0
2.4392,-0.5835975377,0
2.4394,-0.5843999199,0
2.4396,-0.6363032192,0
2.4398,-0.66047503,0
2.44,-0.6850805346,0
2.4402,-0.6589903364,0
2.4404,-0.6392019993,0
2.4406,-0.7990675886,0
2.4408,-0.8481886443,0
2.441,-0.7839098684,0
2.4412,-0.9097293219,0
2.4414,-0.9271180874,0
2.4416,-0.9034022967,0
2.4418,-0.9656748399,0
2.442,-1.030234425,0
2.4422,-0.9983391899,0
2.4424,-1.123373478,0
2.4426,-1.038090259,0
2.4428,-1.162346558,0
2.443,-1.149887159,0
2.4432,-1.199168182,0
2.4434,-1.159447492,0
2.4436,-1.27390914,0
2.4438,-1.288992649,0
2.444,-1.247646048,0
2.4442,-1.228564109,0
2.4444,-1.302851658,0
2.4446,-1.296706672,0
2.4448,-1.272210781,0
2.445,-1.309577452,0
2.4452,-1.273908563,0
2.4454,-1.352570342,0
2.4456,-1.307978669,0
2.4458,-1.227336704,0
2.446,-1.222108927,0
2.4462,-1.233935633,0
2.4464,-1.184128678,0
2.4466,-1.074516709,0
2.4468,-1.129774252,0
2.447,-1.052563621,0
2.4472,-0.9143303703,0
2.4474,-0.8801335783,0
2.4476,-0.8599213842,0
2.4478,-0.7828430805,0
2.448,-0.6840067052,0
2.4482,-0.6881290525,0
2.4484,-0.4870218069,0
2.4486,-0.5076183136,0
2.4488,-0.3904534618,0
2.449,-0.2720668286,0
2.4492,-0.2252506759,0
2.4494,-0.06214449866,0
2.4496,-0.0365346135,0
2.4498,0.0580672312,1
2.45,0.21438932,1
2.4502,0.2074455903,1
2.4504,0.3013931979,1
2.4506,0.4488001187,1
2.4508,0.4505723476,1
2.451,0.5691747802,1
2.4512,0.6735897417,1
2.4514,0.733152055,1
2.4516,0.8265394324,1
2.4518,0.8615790998,1
2.452,0.9465019007,1
2.4522,0.9390522728,1
2.4524,0.982208676,1
2.4526,1.172784032,0
2.4528,1.127432341,0
2.453,1.240249528,0
2.4532,1.157275657,0
2.4534,1.230666158,0
2.4536,1.282664231,0
2.4538,1.367891715,0
2.454,1.354872781,0
2.4542,1.275880329,0
2.4544,1.366155183,0
2.4546,1.339796141,0
2.4548,1.32330501,0
2.455,1.374597983,0
2.4552,1.291236948,0
2.4554,1.266217344,0
2.4556,1.166944134,0
2.4558,1.252707388,0
2.456,1.1444649,0
2.4562,1.214218498,0
2.4564,1.080089724,0
2.4566,1.092632317,0
2.4568,1.152000322,0
2.457,1.042809384,0
2.4572,0.9956135085,0
2.4574,1.013798372,0
2.4576,0.8804940701,0
2.4578,0.948349996,0
2.458,0.889371681,0
2.4582,0.8750228561,0
2.4584,0.7819244329,0
2.4586,0.7631826306,0
2.4588,0.680539616,0
2.459,0.7940807574,0
2.4592,0.6886142385,0
2.4594,0.6081008973,0
2.4596,0.6210612526,0
2.4598,0.5541983908,0
2.46,0.5300464053,0
2.4602,0.5564420953,0
2.4604,0.537152122,0
2.4606,0.5071773345,0
2.4608,0.5782282093,0
2.461,0.4714206574,0
2.4612,0.511019776,0
2.4614,0.4444273207,0
2.4616,0.467805572,0
2.4618,0.3744045372,0
2.462,0.4150623745,0
2.4622,0.3780645941,0
2.4624,0.4708932702,0
2.4626,0.4009213078,0
2.4628,0.3649710275,0
2.463,0.4341400172,0
2.4632,0.4480439018,0
2.4634,0.3670185429,0
2.4636,0.3400142444,0
2.4638,0.3650356726,0
2.464,0.3480830971,0
2.4642,0.2779345922,0
2.4644,0.266172615,0
2.4646,0.4132662727,0
2.4648,0.2485292943,0
2.465,0.2775699217,0
2.4652,0.2255320856,0
2.4654,0.1605649752,0
2.4656,0.2087346718,0
2.4658,0.1538483747,0
2.466,0.129163319,0
2.4662,0.1869784966,0
2.4664,0.1093727823,0
2.4666,0.08548784446,0
2.4668,-0.03616120269,0
2.467,0.04435092819,0
2.4672,0.005651186491,0
2.4674,-0.0479244022,0
2.4676,-0.06099401804,0
2.4678,-0.04783076613,0
2.468,-0.1304070049,0
2.4682,-0.1195299514,0
2.4684,-0.2162213046,0
2.4686,-0.1931783408,0
2.4688,-0.2113631622,0
2.469,-0.210048148,0
2.4692,-0.1245473227,0
2.4694,-0.1156951913,0
2.4696,-0.3177272356,0
2.4698,-0.222249858,0
2.47,-0.255721045,0
2.4702,-0.2561913117,0
2.4704,-0.2822153149,0
2.4706,-0.3407643271,0
2.4708,-0.3299953009,0
2.471,-0.322671608,0
2.4712,-0.4154514346,0
2.4714,-0.3874548386,0
2.4716,-0.3808768372,0
2.4718,-0.3330418842,0
2.472,-0.3794414565,0
2.4722,-0.4649995738,0
2.4724,-0.4170877364,0
2.4726,-0.4487601133,0
2.4728,-0.4671476679,0
2.473,-0.4695078986,0
2.4732,-0.4971374704,0
2.4734,-0.468278314,0
2.4736,-0.4870111162,0
2.4738,-0.5223020223,0
2.474,-0.5219927188,0
2.4742,-0.6003829795,0
2.4744,-0.5603511255,0
2.4746,-0.5822374759,0
2.4748,-0.635627639,0
2.475,-0.6398970065,0
2.4752,-0.7080159985,0
2.4754,-0.6957464478,0
2.4756,-0.7669192279,0
2.4758,-0.6894128852,0
2.476,-0.8187376323,0
2.4762,-0.8042842027,0
2.4764,-0.8684360619,0
2.4766,-0.8586994649,0
2.4768,-0.9544602432,0
2.477,-0.9631343864,0
2.4772,-1.016585444,0
2.4774,-1.037450391,0
2.4776,-1.056004935,0
2.4778,-1.007925349,0
2.478,-1.071836988,0
2.4782,-1.200612642,0
2.4784,-1.182745993,0
2.4786,-1.171893697,0
2.4788,-1.186449967,0
2.479,-1.228517593,0
2.4792,-1.2692813,0
2.4794,-1.282421206,0
2.4796,-1.269858268,0
2.4798,-1.320382545,0
2.48,-1.27690208,0
2.4802,-1.27430391,0
2.4804,-1.297645643,0
2.4806,-1.33881798,0
2.4808,-1.251713357,0
2.481,-1.260497816,0
2.4812,-1.20161993,0
2.4814,-1.19113879,0
2.4816,-1.135315637,0
2.4818,-1.108546181,0
2.482,-1.006625523,0
2.4822,-1.03078138,0
2.4824,-0.8827112279,0
2.4826,-0.8639381056,0
2.4828,-0.8204083898,0
2.483,-0.6902369163,0
2.4832,-0.5638472853,0
2.4834,-0.6219660747,0
2.4836,-0.5255452596,0
2.4838,-0.411103297,0
2.484,-0.3077640004,0
2.4842,-0.2321453984,0
2.4844,-0.1269820837,0
2.4846,-0.08162091018,0
2.4848,0.07507480162,1
2.485,0.1202954888,1
2.4852,0.2982747244,1
2.4854,0.2683447113,1
2.4856,0.3781911782,1
2.4858,0.4727419594,1
2.486,0.5317882292,1
2.4862,0.6638362099,1
2.4864,0.6537695091,1
2.4866,0.7499897006,1
2.4868,0.9262604867,1
2.487,0.9033115362,1
2.4872,0.9664916041,1
2.4874,1.081561414,1
2.4876,1.050460792,0
2.4878,1.054648123,0
2.488,1.147334953,0
2.4882,1.153970519,0
2.4884,1.299097994,0
2.4886,1.27285549,0
2.4888,1.258719504,0
2.489,1.331759212,0
2.4892,1.341075878,0
2.4894,1.255988077,0
2.4896,1.326543926,0
2.4898,1.273379749,0
2.49,1.338080506,0
2.4902,1.338928187,0
2.4904,1.309965449,0
2.4906,1.265051195,0
2.4908,1.22673356,0
2.491,1.266344292,0
2.4912,1.161358938,0
2.4914,1.241910359,0
2.4916,1.106945394,0
2.4918,1.083275772,0
2.492,0.9918213566,0
2.4922,1.060922292,0
2.4924,0.9690603919,0
2.4926,0.9436037319,0
2.4928,0.9013308086,0
2.493,0.9046560027,0
2.4932,0.8065043572,0
2.4934,0.7668658362,0
2.4936,0.7762066688,0
2.4938,0.7533607617,0
2.494,0.7100674105,0
2.4942,0.6684213776,0
2.4944,0.7592196757,0
2.4946,0.6098988427,0
2.4948,0.60933818,0
2.495,0.6049098081,0
2.4952,0.6239762601,0
2.4954,0.5649135654,0
2.4956,0.4227611116,0
2.4958,0.5766236949,0
2.496,0.4933389392,0
2.4962,0.4813940785,0
2.4964,0.458678554,0
2.4966,0.4478918702,0
2.4968,0.4902656593,0
2.497,0.4602427505,0
2.4972,0.4450157557,0
2.4974,0.4119323781,0
2.4976,0.4355181881,0
2.4978,0.4274154245,0
2.498,0.3823368494,0
2.4982,0.3396019163,0
2.4984,0.4361691017,0
2.4986,0.3956598843,0
2.4988,0.3018040143,0
2.499,0.3420967345,0
2.4992,0.3430973019,0
2.4994,0.3444422823,0
2.4996,0.3206181198,0
2.4998,0.2604269154,0
2.5,0.2682947808,0
2.5002,0.3129527366,0
2.5004,0.2185241282,0
2.5006,0.2270122184,0
2.5008,0.2145808229,0
2.501,0.1658523739,0
2.5012,0.1010725728,0
2.5014,0.0619758356,0
2.5016,0.08956724786,0
2.5018,0.05716397513,0
2.502,0.02033998336,0
2.5022,-0.06421732337,0
2.5024,-0.0726711998,0
2.5026,-0.0514822579,0
2.5028,-0.01360290781,0
2.503,-0.1269844636,0
2.5032,-0.1365762971,0
2.5034,-0.1844637914,0
2.5036,-0.09964576591,0
2.5038,-0.1542082277,0
2.504,-0.261405414,0
2.5042,-0.2453858057,0
2.5044,-0.2883124115,0
2.5046,-0.2694729124,0
2.5048,-0.2950161473,0
2.505,-0.2377603027,0
2.5052,-0.3621750271,0
2.5054,-0.3573320319,0
2.5056,-0.3561068666,0
2.5058,-0.3704221768,0
2.506,-0.3622421651,0
2.5062,-0.3808040169,0
2.5064,-0.3633881794,0
2.5066,-0.4715555045,0
2.5068,-0.4188160659,0
2.507,-0.4256033398,0
2.5072,-0.3504239952,0
2.5074,-0.4309244909,0
2.5076,-0.5047285131,0
2.5078,-0.4627635184,0
2.508,-0.5147383641,0
2.5082,-0.4782433563,0
2.5084,-0.547475474,0
2.5086,-0.4959222786,0
2.5088,-0.5477372518,0
2.509,-0.6031461823,0
2.5092,-0.5926583391,0
2.5094,-0.5311870341,0
2.5096,-0.6798840023,0
2.5098,-0.6573238186,0
2.51,-0.6482291986,0
2.5102,-0.6639818161,0
2.5104,-0.7566320541,0
2.5106,-0.7357701678,0
2.5108,-0.7487846979,0
2.511,-0.8401969035,0
2.5112,-0.8207008167,0
2.5114,-0.9439768879,0
2.5116,-0.8879175434,0
2.5118,-0.9441660684,0
2.512,-1.039565707,0
2.5122,-1.097443365,0
2.5124,-1.011764019,0
2.5126,-1.126110378,0
2.5128,-1.071035859,0
2.513,-1.134899289,0
2.5132,-1.175399345,0
2.5134,-1.2041175,0
2.5136,-1.218019938,0
2.5138,-1.260932378,0
2.514,-1.322871706,0
2.5142,-1.284968778,0
2.5144,-1.290808175,0
2.5146,-1.313013065,0
2.5148,-1.349718188,0
2.515,-1.34464358,0
2.5152,-1.319344541,0
2.5154,-1.28898159,0
2.5156,-1.297824144,0
2.5158,-1.191908835,0
2.516,-1.230891681,0
2.5162,-1.166633318,0
2.5164,-1.178627406,0
2.5166,-1.084748586,0
2.5168,-1.034257399,0
2.517,-0.9863646859,0
2.5172,-0.9754957779,0
2.5174,-0.8431891782,0
2.5176,-0.8222261997,0
2.5178,-0.7019765345,0
2.518,-0.670918374,0
2.5182,-0.5837804528,0
2.5184,-0.4578553103,0
2.5186,-0.4065601113,0
2.5188,-0.3187880262,0
2.519,-0.2722983508,0
2.5192,-0.1210799795,0
2.5194,-0.03576989631,0
2.5196,0.07290714001,1
2.5198,0.1557604995,1
2.52,0.2421115977,1
2.5202,0.3392714592,1
2.5204,0.3990257728,1
2.5206,0.451605516,1
2.5208,0.5426658313,1
2.521,0.6296808753,1
2.5212,0.698083542,1
2.5214,0.7554950685,1
2.5216,0.8837556093,1
2.5218,0.8428501895,1
2.522,1.017977095,1
2.5222,1.02204954,1
2.5224,1.108856222,0
2.5226,1.12369387,0
2.5228,1.160564412,0
2.523,1.124688222,0
2.5232,1.195826216,0
2.5234,1.253083818,0
2.5236,1.272373806,0
2.5238,1.310259992,0
2.524,1.294210588,0
2.5242,1.346055121,0
2.5244,1.365962567,0
2.5246,1.275907745,0
2.5248,1.233568797,0
2.525,1.254728002,0
2.5252,1.288380056,0
2.5254,1.28808169,0
2.5256,1.211241767,0
2.5258,1.214989689,0
2.526,1.153956058,0
2.5262,1.036086193,0
2.5264,1.055419631,0
2.5266,1.053908948,0
2.5268,1.093692908,0
2.527,0.9563692221,0
2.5272,0.9490882122,0
2.5274,0.9245494656,0
2.5276,0.8805900612,0
2.5278,0.8589166487,0
2.528,0.8955815242,0
2.5282,0.7364831983,0
2.5284,0.7903270881,0
2.5286,0.7420659333,0
2.5288,0.6969285746,0
2.529,0.6471982227,0
2.5292,0.6225566194,0
2.5294,0.6834389502,0
2.5296,0.6536768645,0
2.5298,0.5569220598,0
2.53,0.5315552966,0
2.5302,0.5421760787,0
2.5304,0.53883883,0
2.5306,0.5262961396,0
2.5308,0.4713578331,0
2.531,0.4248880922,0
2.5312,0.4038749182,0
2.5314,0.4309287355,0
2.5316,0.4920159317,0
2.5318,0.4053802113,0
2.532,0.4327276832,0
2.5322,0.391513447,0
2.5324,0.4018277377,0
2.5326,0.433053537,0
2.5328,0.4068345721,0
2.533,0.3665936068,0
2.5332,0.3693374375,0
2.5334,0.3045068992,0
2.5336,0.2712736271,0
2.5338,0.323374042,0
2.534,0.2658324937,0
2.5342,0.279858483,0
2.5344,0.2511580374,0
2.5346,0.2451767616,0
2.5348,0.2971124537,0
2.535,0.2325976988,0
2.5352,0.2697115884,0
2.5354,0.1748731158,0
2.5356,0.1436833288,0
2.5358,0.116115936,0
2.536,0.1881793234,0
2.5362,0.1023321932,0
2.5364,0.1110267761,0
2.5366,0.07903075483,0
2.5368,0.01505542478,0
2.537,-0.03452098634,0
2.5372,-0.08706655967,0
2.5374,-0.08331435005,0
2.5376,-0.05855670931,0
2.5378,-0.09111859592,0
2.538,-0.1718748216,0
2.5382,-0.1998608491,0
2.5384,-0.1855971156,0
2.5386,-0.1911930126,0
2.5388,-0.1859008063,0
2.539,-0.1626926314,0
2.5392,-0.3227789733,0
2.5394,-0.3364114618,0
2.5396,-0.3470302418,0
2.5398,-0.3019793085,0
2.54,-0.2973363377,0
2.5402,-0.3378853471,0
2.5404,-0.3550844097,0
2.5406,-0.3990057488,0
2.5408,-0.3958141923,0
2.541,-0.4124146148,0
2.5412,-0.3840954853,0
2.5414,-0.4526516808,0
2.5416,-0.4098955078,0
2.5418,-0.4298086649,0
2.542,-0.485893111,0
2.5422,-0.4688806691,0
2.5424,-0.416427879,0
2.5426,-0.4321704157,0
2.5428,-0.4702931416,0
2.543,-0.4854659547,0
2.5432,-0.6065200838,0
2.5434,-0.5711873234,0
2.5436,-0.5054710314,0
2.5438,-0.5829979415,0
2.544,-0.5655849146,0
2.5442,-0.5709745823,0
2.5444,-0.7491998816,0
2.5446,-0.6730033082,0
2.5448,-0.6726230356,0
2.545,-0.74748139,0
2.5452,-0.7220585464,0
2.5454,-0.8071540823,0
2.5456,-0.83707124,0
2.5458,-0.8588215721,0
2.546,-0.8693551794,0
2.5462,-0.9529816079,0
2.5464,-0.9561876082,0
2.5466,-1.005715764,0
2.5468,-1.051351027,0
2.547,-1.113467486,0
2.5472,-1.128008917,0
2.5474,-1.145818487,0
2.5476,-1.238913461,0
2.5478,-1.254906873,0
2.548,-1.231735232,0
2.5482,-1.241768026,0
2.5484,-1.238603587,0
2.5486,-1.317674898,0
2.5488,-1.315823085,0
2.549,-1.282578778,0
2.5492,-1.292050774,0
2.5494,-1.325234357,0
2.5496,-1.231491939,0
2.5498,-1.347730992,0
2.55,-1.281934878,0
2.5502,-1.245730104,0
2.5504,-1.256775239,0
2.5506,-1.167408122,0
2.5508,-1.100229914,0
2.551,-1.091476483,0
2.5512,-1.06362307,0
2.5514,-0.9862356916,0
2.5516,-0.9690225346,0
2.5518,-0.8749036278,0
2.552,-0.7958048954,0
2.5522,-0.7133827587,0
2.5524,-0.7512356128,0
2.5526,-0.6293883585,0
2.5528,-0.500289126,0
2.553,-0.4063565479,0
2.5532,-0.3445662867,0
2.5534,-0.27901247,0
2.5536,-0.1733224757,0
2.5538,-0.1147494114,0
2.554,-0.02813233435,1
2.5542,0.1261880459,1
2.5544,0.1714369317,1
2.5546,0.2475143057,1
2.5548,0.4547363821,1
2.555,0.4499616193,1
2.5552,0.5117020522,1
2.5554,0.6276985058,1
2.5556,0.8269317602,1
2.5558,0.7749085012,1
2.556,0.8904158457,1
2.5562,0.9857464005,1
2.5564,1.010442863,1
2.5566,1.005782002,1
2.5568,1.076701549,0
2.557,1.177698015,0
2.5572,1.233480117,0
2.5574,1.106948154,0
2.5576,1.282606437,0
2.5578,1.253635617,0
2.558,1.297783278,0
2.5582,1.335073336,0
2.5584,1.288327284,0
2.5586,1.330401541,0
2.5588,1.406591837,0
2.559,1.377809936,0
2.5592,1.243720633,0
2.5594,1.30527847,0
2.5596,1.201416528,0
2.5598,1.193389737,0
2.56,1.251048145,0
2.5602,1.155369985,0
2.5604,1.146022753,0
2.5606,1.143072474,0
2.5608,1.129024077,0
2.561,1.019562099,0
2.5612,0.9990547886,0
2.5614,0.995815601,0
2.5616,0.909688151,0
2.5618,0.9575573992,0
2.562,0.9262751824,0
2.5622,0.9073017239,0
2.5624,0.7905691085,0
2.5626,0.811242815,0
2.5628,0.7014183242,0
2.563,0.7248616904,0
2.5632,0.6618192197,0
2.5634,0.6816301393,0
2.5636,0.6306633686,0
2.5638,0.5540572759,0
2.564,0.6381162139,0
2.5642,0.5029878783,0
2.5644,0.6124879575,0
2.5646,0.578641665,0
2.5648,0.5568251828,0
2.565,0.5121714293,0
2.5652,0.5157336047,0
2.5654,0.4486046448,0
2.5656,0.4291209278,0
2.5658,0.3570561941,0
2.566,0.4596100004,0
2.5662,0.376201655,0
2.5664,0.3964274157,0
2.5666,0.3752088523,0
2.5668,0.4314332833,0
2.567,0.397827556,0
2.5672,0.2964196027,0
2.5674,0.3798194498,0
2.5676,0.3806093662,0
2.5678,0.3134933947,0
2.568,0.2790131648,0
2.5682,0.324243542,0
2.5684,0.2529952955,0
2.5686,0.2792961227,0
2.5688,0.2788834871,0
2.569,0.2947998007,0
2.5692,0.1391817649,0
2.5694,0.1858326753,0
2.5696,0.1187170399,0
2.5698,0.1520612598,0
2.57,0.08811239458,0
2.5702,0.04829051009,0
2.5704,0.05974924117,0
2.5706,0.07990781245,0
2.5708,-0.002106050049,0
2.571,-0.01000593078,0
2.5712,-0.03078948488,0
2.5714,0.0456471895,0
2.5716,-0.02438976176,0
2.5718,-0.1637665706,0
2.572,-0.1334655737,0
2.5722,-0.1189960257,0
2.5724,-0.1241055079,0
2.5726,-0.1260517472,0
2.5728,-0.161908583,0
2.573,-0.2566408778,0
2.5732,-0.2627917746,0
2.5734,-0.202748401,0
2.5736,-0.3200097783,0
2.5738,-0.3527862874,0
2.574,-0.3156963302,0
2.5742,-0.3581983348,0
2.5744,-0.3636497158,0
2.5746,-0.3716982482,0
2.5748,-0.3470145396,0
2.575,-0.322472203,0
2.5752,-0.4170078787,0
2.5754,-0.4163384901,0
2.5756,-0.4316272879,0
2.5758,-0.4470842654,0
2.576,-0.4098575,0
2.5762,-0.4759940231,0
2.5764,-0.3872700658,0
2.5766,-0.5170408463,0
2.5768,-0.4429020705,0
2.577,-0.4087123545,0
2.5772,-0.4741030289,0
2.5774,-0.5388942121,0
2.5776,-0.5738174041,0
2.5778,-0.6118661785,0
2.578,-0.5949472448,0
2.5782,-0.6053516609,0
2.5784,-0.6534038483,0
2.5786,-0.6081789515,0
2.5788,-0.6961432016,0
2.579,-0.7076739907,0
2.5792,-0.7537540621,0
2.5794,-0.7540389736,0
2.5796,-0.7951144804,0
2.5798,-0.8897689323,0
2.58,-0.9229239213,0
2.5802,-0.8766428001,0
2.5804,-0.9177061092,0
2.5806,-0.9836900322,0
2.5808,-1.083096496,0
2.581,-1.024065619,0
2.5812,-1.050684902,0
2.5814,-1.030867602,0
2.5816,-1.152580685,0
2.5818,-1.180447058,0
2.582,-1.152579735,0
2.5822,-1.251744518,0
2.5824,-1.21901752,0
2.5826,-1.28514264,0
2.5828,-1.268498858,0
2.583,-1.260859345,0
2.5832,-1.337927059,0
2.5834,-1.297379351,0
2.5836,-1.283919407,0
2.5838,-1.328704866,0
2.584,-1.265962257,0
2.5842,-1.249116322,0
2.5844,-1.269365862,0
2.5846,-1.26389263,0
2.5848,-1.165148835,0
2.585,-1.165320834,0
2.5852,-1.102368826,0
2.5854,-0.9833785521,0
2.5856,-1.021226843,0
2.5858,-0.8910780244,0
2.586,-0.8431501705,0
2.5862,-0.798010104,0
2.5864,-0.7856839347,0
2.5866,-0.6718170428,0
2.5868,-0.57873153,0
2.587,-0.4984108219,0
2.5872,-0.4224672993,0
2.5874,-0.3857734243,0
2.5876,-0.3384528662,0
2.5878,-0.1715622916,0
2.588,-0.1305499771,0
2.5882,-0.005973939162,1
2.5884,0.1105573171,1
2.5886,0.2402749804,1
2.5888,0.2976336417,1
2.589,0.3696110593,1
2.5892,0.4824507611,1
2.5894,0.4885348285,1
2.5896,0.6542061698,1
2.5898,0.6975330461,1
2.59,0.8000755523,1
2.5902,0.8709843458,1
2.5904,0.920030481,1
2.5906,1.066125842,1
2.5908,1.030290625,1
2.591,1.107663791,0
2.5912,1.172920745,0
2.5914,1.192702777,0
2.5916,1.314631141,0
2.5918,1.22730887,0
2.592,1.261156771,0
2.5922,1.278261559,0
2.5924,1.334064595,0
2.5926,1.272973285,0
2.5928,1.291231538,0
2.593,1.288145499,0
2.5932,1.324994841,0
2.5934,1.307470072,0
2.5936,1.283408851,0
2.5938,1.280907615,0
2.594,1.262003159,0
2.5942,1.193348628,0
2.5944,1.178295623,0
2.5946,1.169707458,0
2.5948,1.189034801,0
2.595,1.05224974,0
2.5952,1.055418279,0
2.5954,0.988627903,0
2.5956,0.9790558946,0
2.5958,0.9564954318,0
2.596,0.900339005,0
2.5962,0.9631588677,0
2.5964,0.8549265164,0
2.5966,0.7108424632,0
2.5968,0.7558064201,0
2.597,0.7035081599,0
2.5972,0.8062203786,0
2.5974,0.6573914703,0
2.5976,0.6660537209,0
2.5978,0.6016650539,0
2.598,0.5975882776,0
2.5982,0.5663248018,0
2.5984,0.5441905385,0
2.5986,0.5041078002,0
2.5988,0.5729970522,0
2.599,0.5253605615,0
2.5992,0.4984531596,0
2.5994,0.5192512677,0
2.5996,0.4924503992,0
2.5998,0.4475662273,0
2.6,0.4564526229,0
2.6002,0.4480106515,0
2.6004,0.3762498688,0
2.6006,0.3599103652,0
2.6008,0.3959312369,0
2.601,0.3497621964,0
2.6012,0.4162402709,0
2.6014,0.3903434078,0
2.6016,0.3236472555,0
2.6018,0.36416624,0
2.602,0.3103059946,0
2.6022,0.3612086004,0
2.6024,0.2711307747,0
2.6026,0.237671545,0
2.6028,0.3421747084,0
2.603,0.1741343539,0
2.6032,0.2301578706,0
2.6034,0.1605224621,0
2.6036,0.2008105481,0
2.6038,0.1540470045,0
2.604,0.1732826947,0
2.6042,0.146276049,0
2.6044,0.02824598306,0
2.6046,0.03582255757,0
2.6048,-0.0151516315,0
2.605,-0.07888932969,0
2.6052,-0.04319666888,0
2.6054,-0.07869625055,0
2.6056,-0.1242959716,0
2.6058,-0.03924053705,0
2.606,-0.06630015809,0
2.6062,-0.1578530936,0
2.6064,-0.1415002864,0
2.6066,-0.1163736279,0
2.6068,-0.2118074354,0
2.607,-0.2513271122,0
2.6072,-0.2396055104,0
2.6074,-0.2692950875,0
2.6076,-0.2451059715,0
2.6078,-0.3000555885,0
2.608,-0.3588205575,0
2.6082,-0.3570310938,0
2.6084,-0.3555704869,0
2.6086,-0.4018766743,0
2.6088,-0.3875069245,0
2.609,-0.4675684542,0
2.6092,-0.3761414451,0
2.6094,-0.3726800048,0
2.6096,-0.3926394807,0
2.6098,-0.4893995518,0
2.61,-0.4691098252,0
2.6102,-0.4362029701,0
2.6104,-0.5694578161,0
2.6106,-0.4679126742,0
2.6108,-0.4572438491,0
2.611,-0.4694390489,0
2.6112,-0.5565837987,0
2.6114,-0.4845077431,0
2.6116,-0.4864097929,0
2.6118,-0.5550084126,0
2.612,-0.5497542271,0
2.6122,-0.564414313,0
2.6124,-0.5922972898,0
2.6126,-0.7073740635,0
2.6128,-0.6360681672,0
2.613,-0.7290728025,0
2.6132,-0.7627902389,0
2.6134,-0.8210799205,0
2.6136,-0.8325540345,0
2.6138,-0.8806500278,0
2.614,-0.8882983849,0
2.6142,-0.8841371361,0
2.6144,-0.9767240262,0
2.6146,-1.038929168,0
2.6148,-0.9983804224,0
2.615,-0.9708375005,0
2.6152,-1.116065435,0
2.6154,-1.183992646,0
2.6156,-1.177340688,0
2.6158,-1.16254891,0
2.616,-1.211730003,0
2.6162,-1.270630466,0
2.6164,-1.274214093,0
2.6166,-1.287100568,0
2.6168,-1.251071321,0
2.617,-1.345321812,0
2.6172,-1.265219736,0
2.6174,-1.333837564,0
2.6176,-1.274718895,0
2.6178,-1.273652905,0
2.618,-1.302224337,0
2.6182,-1.262977346,0
2.6184,-1.246662606,0
2.6186,-1.20187092,0
2.6188,-1.169618353,0
2.619,-1.101509345,0
2.6192,-1.143708067,0
2.6194,-1.053987497,0
2.6196,-0.905554458,0
2.6198,-0.9437680748,0
2.62,-0.8464014046,0
2.6202,-0.8429507021,0
2.6204,-0.6055097777,0
2.6206,-0.5710517412,0
2.6208,-0.4863746911,0
2.621,-0.412578133,0
2.6212,-0.2963720856,0
2.6214,-0.2299328346,0
2.6216,-0.2291404809,0
2.6218,-0.1211536312,0
2.622,-0.04862470317,1
2.6222,0.067356524,1
2.6224,0.2267644373,1
2.6226,0.273697091,1
2.6228,0.3779277933,1
2.623,0.4644890957,1
2.6232,0.6033736946,1
2.6234,0.6539853574,1
2.6236,0.7907076331,1
2.6238,0.8323210664,1
2.624,0.8308270067,1
2.6242,0.8852619539,1
2.6244,0.9647671057,1
2.6246,1.052673088,0
2.6248,1.070183912,0
2.625,1.090298504,0
2.6252,1.212030533,0
2.6254,1.20827581,0
2.6256,1.31705063,0
2.6258,1.255643356,0
2.626,1.350663353,0
2.6262,1.274768352,0
2.6264,1.231668547,0
2.6266,1.284141928,0
2.6268,1.395361281,0
2.627,1.340971658,0
2.6272,1.319498595,0
2.6274,1.27899384,0
2.6276,1.224037008,0
2.6278,1.300537964,0
2.628,1.207103343,0
2.6282,1.185327712,0
2.6284,1.12818631,0
2.6286,1.112079584,0
2.6288,1.088565323,0
2.629,1.072382987,0
2.6292,1.040470186,0
2.6294,0.9804541108,0
2.6296,0.9597125881,0
2.6298,0.8452515043,0
2.63,0.868700374,0
2.6302,0.8028685757,0
2.6304,0.785863065,0
2.6306,0.8317027561,0
2.6308,0.7194241751,0
2.631,0.673351079,0
2.6312,0.6972174944,0
2.6314,0.6032248133,0
2.6316,0.565063387,0
2.6318,0.6147728306,0
2.632,0.5799038096,0
2.6322,0.5249671098,0
2.6324,0.4967013865,0
2.6326,0.4728196027,0
2.6328,0.4777843547,0
2.633,0.5916184032,0
2.6332,0.4465636534,0
2.6334,0.4253631169,0
2.6336,0.4553694636,0
2.6338,0.4890409708,0
2.634,0.3413007718,0
2.6342,0.3797975252,0
2.6344,0.4290965576,0
2.6346,0.373996779,0
2.6348,0.4029265661,0
2.635,0.3554487823,0
2.6352,0.3617220133,0
2.6354,0.3124811843,0
2.6356,0.3237217423,0
2.6358,0.3291340473,0
2.636,0.3040011179,0
2.6362,0.3628947485,0
2.6364,0.2801197248,0
2.6366,0.2240193027,0
2.6368,0.1969489067,0
2.637,0.1618257259,0
2.6372,0.1984552285,0
2.6374,0.1899355435,0
2.6376,0.1752736106,0
2.6378,0.04075462151,0
2.638,0.03128733751,0
2.6382,0.110078932,0
2.6384,0.1580949955,0
2.6386,0.06355537284,0
2.6388,0.03115085865,0
2.639,-0.04843927773,0
2.6392,-0.07404878211,0
2.6394,-0.06440599302,0
2.6396,-0.1380418079,0
2.6398,-0.1878922918,0
2.64,-0.1446471271,0
2.6402,-0.2244457015,0
2.6404,-0.2438773223,0
2.6406,-0.3178282185,0
2.6408,-0.2209051789,0
2.641,-0.2418346278,0
2.6412,-0.2779843826,0
2.6414,-0.3339502463,0
2.6416,-0.3432450686,0
2.6418,-0.3403227399,0
2.642,-0.3373576285,0
2.6422,-0.3725513609,0
2.6424,-0.3909961088,0
2.6426,-0.3958477108,0
2.6428,-0.4316686227,0
2.643,-0.4454767218,0
2.6432,-0.4054664906,0
2.6434,-0.4478267442,0
2.6436,-0.4305811477,0
2.6438,-0.4176968579,0
2.644,-0.488131388,0
2.6442,-0.4550940243,0
2.6444,-0.4666824766,0
2.6446,-0.4964463978,0
2.6448,-0.4343791798,0
2.645,-0.5374677056,0
2.6452,-0.4725213707,0
2.6454,-0.5190563018,0
2.6456,-0.5794931634,0
2.6458,-0.5684013462,0
2.646,-0.6305366168,0
2.6462,-0.584701603,0
2.6464,-0.6566595855,0
2.6466,-0.6345104085,0
2.6468,-0.7678234097,0
2.647,-0.7974999829,0
2.6472,-0.6991086972,0
2.6474,-0.8325061454,0
2.6476,-0.8918325678,0
2.6478,-0.9532254139,0
2.648,-0.9317637386,0
2.6482,-0.9461209497,0
2.6484,-0.9737735253,0
2.6486,-1.047682703,0
2.6488,-1.123085193,0
2.649,-1.110118056,0
2.6492,-1.16876995,0
2.6494,-1.250532798,0
2.6496,-1.188148653,0
2.6498,-1.270207966,0
2.65,-1.285637163,0
2.6502,-1.253541263,0
2.6504,-1.298951145,0
2.6506,-1.330509305,0
2.6508,-1.367456015,0
2.651,-1.236190088,0
2.6512,-1.369310956,0
2.6514,-1.279218621,0
2.6516,-1.283319133,0
2.6518,-1.305876397,0
2.652,-1.245490755,0
2.6522,-1.211018008,0
2.6524,-1.150780699,0
2.6526,-1.116723245,0
2.6528,-1.025085954,0
2.653,-0.9977054185,0
2.6532,-1.005350301,0
2.6534,-0.8506804393,0
2.6536,-0.8247781554,0
2.6538,-0.8279411239,0
2.654,-0.6249059929,0
2.6542,-0.6348890655,0
2.6544,-0.5316691623,0
2.6546,-0.4203629809,0
2.6548,-0.3120440922,0
2.655,-0.2430223393,0
2.6552,-0.09193309614,0
2.6554,-0.1045387009,0
2.6556,0.01169323752,1
2.6558,0.1118796525,1
2.656,0.2875925404,1
2.6562,0.3706906504,1
2.6564,0.3470377405,1
2.6566,0.526812287,1
2.6568,0.5640162176,1
2.657,0.5480551436,1
2.6572,0.7650701531,1
2.6574,0.7336786974,1
2.6576,0.7945928549,1
2.6578,0.9704314333,1
2.658,1.028389959,1
2.6582,1.044221631,0
2.6584,1.062914998,0
2.6586,1.152350179,0
2.6588,1.157086281,0
2.659,1.21398028,0
2.6592,1.231034328,0
2.6594,1.267466466,0
2.6596,1.243445535,0
2.6598,1.271458251,0
2.66,1.328541504,0
2.6602,1.245649159,0
2.6604,1.324432481,0
2.6606,1.299769994,0
2.6608,1.24162615,0
2.661,1.220652658,0
2.6612,1.205874117,0
2.6614,1.203242668,0
2.6616,1.161526553,0
2.6618,1.198941015,0
2.662,1.09630075,0
2.6622,1.111770074,0
2.6624,1.042136216,0
2.6626,1.050628068,0
2.6628,1.020114575,0
2.663,0.9150180664,0
2.6632,0.8998575421,0
2.6634,0.8888728782,0
2.6636,0.884319664,0
2.6638,0.8174342588,0
2.664,0.8062399069,0
2.6642,0.7355616611,0
2.6644,0.7055467564,0
2.6646,0.6371989194,0
2.6648,0.5801985198,0
2.665,0.5939228767,0
2.6652,0.6308933546,0
2.6654,0.6010584582,0
2.6656,0.5452462477,0
2.6658,0.5842394733,0
2.666,0.5451376953,0
2.6662,0.4436796531,0
2.6664,0.5255040195,0
2.6666,0.4787465337,0
2.6668,0.4512186502,0
2.667,0.4274204322,0
2.6672,0.4537740803,0
2.6674,0.4592518351,0
2.6676,0.3958645722,0
2.6678,0.4241752202,0
2.668,0.3422608457,0
2.6682,0.3711332777,0
2.6684,0.4099491448,0
2.6686,0.4051854471,0
2.6688,0.3341681514,0
2.669,0.3764491678,0
2.6692,0.3133308132,0
2.6694,0.3128307116,0
2.6696,0.2705482985,0
2.6698,0.4237922938,0
2.67,0.2554434074,0
2.6702,0.2329746561,0
2.6704,0.2010626718,0
2.6706,0.2484710356,0
2.6708,0.2586358216,0
2.671,0.1195864754,0
2.6712,0.1383264079,0
2.6714,0.08807009932,0
2.6716,0.09195985138,0
2.6718,0.03795039932,0
2.672,0.1015418715,0
2.6722,-0.01402738511,0
2.6724,0.01550155805,0
2.6726,-0.007464916162,0
2.6728,-0.09195872282,0
2.673,-0.04636918321,0
2.6732,-0.1266209295,0
2.6734,-0.1709980064,0
2.6736,-0.2110601253,0
2.6738,-0.1828073932,0
2.674,-0.2009037855,0
2.6742,-0.2854237641,0
2.6744,-0.2623622394,0
2.6746,-0.3349435643,0
2.6748,-0.3727003267,0
2.675,-0.255365338,0
2.6752,-0.3795251479,0
2.6754,-0.3947586294,0
2.6756,-0.3444083777,0
2.6758,-0.3983513461,0
2.676,-0.3926305928,0
2.6762,-0.4072839046,0
2.6764,-0.4185366026,0
2.6766,-0.3806339716,0
2.6768,-0.3930162973,0
2.677,-0.4123903626,0
2.6772,-0.383510913,0
2.6774,-0.4905450039,0
2.6776,-0.4644115457,0
2.6778,-0.4165482575,0
2.678,-0.498236767,0
2.6782,-0.4378140696,0
2.6784,-0.506520921,0
2.6786,-0.5991545589,0
2.6788,-0.5821419875,0
2.679,-0.5687788215,0
2.6792,-0.5963488172,0
2.6794,-0.6194324541,0
2.6796,-0.6455404403,0
2.6798,-0.7323734775,0
2.68,-0.7134445251,0
2.6802,-0.7296472125,0
2.6804,-0.7693911319,0
2.6806,-0.7609659716,0
2.6808,-0.8698551768,0
2.681,-0.8069907003,0
2.6812,-0.8708113936,0
2.6814,-0.9216373747,0
2.6816,-1.010679579,0
2.6818,-1.01155353,0
2.682,-1.008571769,0
2.6822,-1.062142512,0
2.6824,-1.053332141,0
2.6826,-1.232355182,0
2.6828,-1.221458865,0
2.683,-1.315363002,0
2.6832,-1.249324592,0
2.6834,-1.248031263,0
2.6836,-1.287511327,0
2.6838,-1.2531267,0
2.684,-1.258906802,0
2.6842,-1.372035476,0
2.6844,-1.308637471,0
2.6846,-1.300869001,0
2.6848,-1.36787241,0
2.685,-1.239292223,0
2.6852,-1.273099675,0
2.6854,-1.300227705,0
2.6856,-1.200450194,0
2.6858,-1.135484132,0
2.686,-1.112901519,0
2.6862,-1.043421829,0
2.6864,-0.9862583632,0
2.6866,-0.9755209699,0
2.6868,-0.8453608043,0
2.687,-0.8575619423,0
2.6872,-0.7587605886,0
2.6874,-0.7040388146,0
2.6876,-0.5232916632,0
2.6878,-0.3696327703,0
2.688,-0.4091361091,0
2.6882,-0.247343764,0
2.6884,-0.2081826137,0
2.6886,-0.1362271282,0
2.6888,-0.0321575917,0
2.689,0.05389334312,1
2.6892,0.1609607044,1
2.6894,0.2323094947,1
2.6896,0.3383632109,1
2.6898,0.4312909252,1
2.69,0.5842459372,1
2.6902,0.6506317707,1
2.6904,0.7600254674,1
2.6906,0.8816535045,1
2.6908,0.7601327693,1
2.691,0.811347452,1
2.6912,1.004474269,1
2.6914,1.057281133,1
2.6916,1.063356385,0
2.6918,1.134302411,0
2.692,1.11694254,0
2.6922,1.210226082,0
2.6924,1.2097915,0
2.6926,1.374869086,0
2.6928,1.286397647,0
2.693,1.325454148,0
2.6932,1.389263466,0
2.6934,1.319734337,0
2.6936,1.292719941,0
2.6938,1.302178283,0
2.694,1.250076489,0
2.6942,1.322532245,0
2.6944,1.184473378,0
2.6946,1.181076837,0
2.6948,1.248720223,0
2.695,1.125947279,0
2.6952,1.084041309,0
2.6954,1.089950238,0
2.6956,1.058936528,0
2.6958,1.053734974,0
2.696,1.00485858,0
2.6962,0.9799562234,0
2.6964,0.975455351,0
2.6966,0.8450321587,0
2.6968,0.8801506616,0
2.697,0.89255233,0
2.6972,0.8047250051,0
2.6974,0.7738855118,0
2.6976,0.7196601896,0
2.6978,0.6814796755,0
2.698,0.6252104052,0
2.6982,0.5844399915,0
2.6984,0.6479500292,0
2.6986,0.5919921433,0
2.6988,0.5885674685,0
2.699,0.5179404994,0
2.6992,0.539445833,0
2.6994,0.5373431889,0
2.6996,0.4968835566,0
2.6998,0.5044758047,0
2.7,0.4031855679,0
2.7002,0.4619572444,0
2.7004,0.3709859133,0
2.7006,0.4136534308,0
2.7008,0.4352757221,0
2.701,0.4552825714,0
2.7012,0.4519822768,0
2.7014,0.3828023273,0
2.7016,0.3606943853,0
2.7018,0.3806277843,0
2.702,0.3992193851,0
2.7022,0.3705430154,0
2.7024,0.3372371934,0
2.7026,0.2996297935,0
2.7028,0.2590715747,0
2.703,0.2538561066,0
2.7032,0.2682643451,0
2.7034,0.2610423193,0
2.7036,0.1267779815,0
2.7038,0.2094243994,0
2.704,0.1662308438,0
2.7042,0.178761604,0
2.7044,0.1196423611,0
2.7046,0.1413089895,0
2.7048,0.05576329648,0
2.705,0.02121351862,0
2.7052,0.05014174866,0
2.7054,-0.01568651963,0
2.7056,-0.05306619387,0
2.7058,-0.1498162459,0
2.706,-0.1252005049,0
2.7062,-0.01773534281,0
2.7064,-0.1279911042,0
2.7066,-0.1557435271,0
2.7068,-0.2175985174,0
2.707,-0.2037345045,0
2.7072,-0.2338843327,0
2.7074,-0.2198378036,0
2.7076,-0.2411248884,0
2.7078,-0.3196414335,0
2.708,-0.3422572175,0
2.7082,-0.3418402377,0
2.7084,-0.2967034182,0
2.7086,-0.3713630586,0
2.7088,-0.3460599837,0
2.709,-0.3288118316,0
2.7092,-0.4345549282,0
2.7094,-0.4559173861,0
2.7096,-0.4463741031,0
2.7098,-0.4424011673,0
2.71,-0.3677620323,0
2.7102,-0.469196287,0
2.7104,-0.4359433391,0
2.7106,-0.4370655605,0
2.7108,-0.4455027001,0
2.711,-0.5366621835,0
2.7112,-0.4983651897,0
2.7114,-0.555462797,0
2.7116,-0.5860803776,0
2.7118,-0.6091671399,0
2.712,-0.596934069,0
2.7122,-0.6084891846,0
2.7124,-0.5444769754,0
2.7126,-0.5870821482,0
2.7128,-0.7534617085,0
2.713,-0.7170945917,0
2.7132,-0.7090399174,0
2.7134,-0.7243744559,0
2.7136,-0.7185430758,0
2.7138,-0.8290907193,0
2.714,-0.8384461575,0
2.7142,-0.8873478121,0
2.7144,-0.9040244587,0
2.7146,-1.01368801,0
2.7148,-1.072484613,0
2.715,-0.9875889249,0
2.7152,-1.137687295,0
2.7154,-1.117558798,0
2.7156,-1.189735781,0
2.7158,-1.179054069,0
2.716,-1.233831785,0
2.7162,-1.193827967,0
2.7164,-1.290183991,0
2.7166,-1.301357933,0
2.7168,-1.302755596,0
2.717,-1.340402634,0
2.7172,-1.340524461,0
2.7174,-1.298585073,0
2.7176,-1.28118474,0
2.7178,-1.227583777,0
2.718,-1.314493684,0
2.7182,-1.209027145,0
2.7184,-1.20968989,0
2.7186,-1.165445587,0
2.7188,-1.125950662,0
2.719,-1.094596466,0
2.7192,-1.042308707,0
2.7194,-0.9409830847,0
2.7196,-0.9486284235,0
2.7198,-0.8762142485,0
2.72,-0.8144198351,0
2.7202,-0.7027423971,0
2.7204,-0.586685932,0
2.7206,-0.6412577057,0
2.7208,-0.4302504128,0
2.721,-0.3676651319,0
2.7212,-0.2197409576,0
2.7214,-0.2081282715,0
2.7216,-0.1642447096,0
2.7218,0.02448697016,0
2.722,0.06889180717,1
2.7222,0.1887952855,1
2.7224,0.2947331296,1
2.7226,0.427495915,1
2.7228,0.4205802073,1
2.723,0.4426583847,1
2.7232,0.6643487226,1
2.7234,0.6827782241,1
2.7236,0.7667817109,1
2.7238,0.8512589657,1
2.724,0.8839748723,1
2.7242,0.995194293,1
2.7244,1.040758633,1
2.7246,1.106744349,0
2.7248,1.054170969,0
2.725,1.132874228,0
2.7252,1.322520942,0
2.7254,1.18791627,0
2.7256,1.323830873,0
2.7258,1.330296781,0
2.726,1.278454578,0
2.7262,1.307932905,0
2.7264,1.300656822,0
2.7266,1.22628003,0
2.7268,1.209703835,0
2.727,1.317740348,0
2.7272,1.24727599,0
2.7274,1.212332371,0
2.7276,1.184715598,0
2.7278,1.21986411,0
2.728,1.170168422,0
2.7282,1.13497224,0
2.7284,1.097358229,0
2.7286,1.059403911,0
2.7288,0.9832052417,0
2.729,1.000509238,0
2.7292,1.001305032,0
2.7294,0.8896498595,0
2.7296,0.8831613085,0
2.7298,0.8367670543,0
2.73,0.8054817326,0
2.7302,0.7985084833,0
2.7304,0.7286838645,0
2.7306,0.6549467236,0
2.7308,0.7137084314,0
2.731,0.5981834192,0
2.7312,0.5964074289,0
2.7314,0.5900838778,0
2.7316,0.5931344368,0
2.7318,0.5424651108,0
2.732,0.5548594465,0
2.7322,0.5450621494,0
2.7324,0.4853713599,0
2.7326,0.4540841466,0
2.7328,0.4612358841,0
2.733,0.4295999928,0
2.7332,0.4410361389,0
2.7334,0.5251151718,0
2.7336,0.4225574016,0
2.7338,0.3761623686,0
2.734,0.4498522884,0
2.7342,0.4204298836,0
2.7344,0.4261982288,0
2.7346,0.3177888725,0
2.7348,0.3497586414,0
2.735,0.3312694699,0
2.7352,0.3629806837,0
2.7354,0.2594440435,0
2.7356,0.3451529788,0
2.7358,0.2524644874,0
2.736,0.3381202989,0
2.7362,0.2354757015,0
2.7364,0.2660600191,0
2.7366,0.2281845591,0
2.7368,0.1568402545,0
2.737,0.11299602,0
2.7372,0.1361699539,0
2.7374,0.111603985,0
2.7376,0.09114184466,0
2.7378,0.0175397036,0
2.738,-0.005429473584,0
2.7382,-0.06034878472,0
2.7384,-0.02250966528,0
2.7386,-0.002981457393,0
2.7388,-0.06538736868,0
2.739,-0.1399218035,0
2.7392,-0.1407484956,0
2.7394,-0.1333625433,0
2.7396,-0.116631265,0
2.7398,-0.2479224464,0
2.74,-0.1942890855,0
2.7402,-0.2464867059,0
2.7404,-0.2807315449,0
2.7406,-0.2423543229,0
2.7408,-0.2850751008,0
2.741,-0.3388453881,0
2.7412,-0.3575631008,0
2.7414,-0.255747078,0
2.7416,-0.3882292281,0
2.7418,-0.3866997522,0
2.742,-0.2801383438,0
2.7422,-0.3992431464,0
2.7424,-0.3848890677,0
2.7426,-0.3877205127,0
2.7428,-0.4063503259,0
2.743,-0.438661672,0
2.7432,-0.3621734588,0
2.7434,-0.4949863506,0
2.7436,-0.5508793106,0
2.7438,-0.3892368729,0
2.744,-0.523411512,0
2.7442,-0.5573490966,0
2.7444,-0.4841058754,0
2.7446,-0.5060500119,0
2.7448,-0.5467765672,0
2.745,-0.5827881173,0
2.7452,-0.6461879351,0
2.7454,-0.60676025,0
2.7456,-0.6533091272,0
2.7458,-0.7409647537,0
2.746,-0.7436565602,0
2.7462,-0.7754116298,0
2.7464,-0.8172055477,0
2.7466,-0.9061080742,0
2.7468,-0.9414091219,0
2.747,-0.9079905673,0
2.7472,-0.9280767948,0
2.7474,-0.9951443391,0
2.7476,-0.9738586401,0
2.7478,-1.12415469,0
2.748,-1.09698021,0
2.7482,-1.095552345,0
2.7484,-1.165807801,0
2.7486,-1.236440541,0
2.7488,-1.181207127,0
2.749,-1.232584404,0
2.7492,-1.27128192,0
2.7494,-1.217965496,0
2.7496,-1.357987769,0
2.7498,-1.332550045,0
2.75,-1.322990444,0
2.7502,-1.277461963,0
2.7504,-1.336819997,0
2.7506,-1.293746103,0
2.7508,-1.348095356,0
2.751,-1.256503232,0
2.7512,-1.26061662,0
2.7514,-1.250652435,0
2.7516,-1.157587053,0
2.7518,-1.140196478,0
2.752,-1.075827088,0
2.7522,-1.011933787,0
2.7524,-0.9287970832,0
2.7526,-0.8759935597,0
2.7528,-0.8360707095,0
2.753,-0.7309094745,0
2.7532,-0.699459211,0
2.7534,-0.5943688454,0
2.7536,-0.4903073573,0
2.7538,-0.3591136038,0
2.754,-0.2253948934,0
2.7542,-0.09663397196,0
2.7544,-0.09941354245,0
2.7546,-0.07161089975,1
2.7548,0.07813314016,1
2.755,0.2542428275,1
2.7552,0.3232169585,1
2.7554,0.3974907633,1
2.7556,0.4747244282,1
2.7558,0.5836662626,1
2.756,0.5866997423,1
2.7562,0.6739739359,1
2.7564,0.8088582242,1
2.7566,0.8465762729,1
2.7568,0.9224190976,1
2.757,1.010706628,1
2.7572,1.022574866,0
2.7574,1.128778305,0
2.7576,1.147765927,0
2.7578,1.20413403,0
2.758,1.252166545,0
2.7582,1.249538609,0
2.7584,1.285853561,0
2.7586,1.269078427,0
2.7588,1.253711655,0
2.759,1.279580207,0
2.7592,1.319790595,0
2.7594,1.283477565,0
2.7596,1.303891215,0
2.7598,1.370899934,0
2.76,1.245355137,0
2.7602,1.249200514,0
2.7604,1.199131594,0
2.7606,1.209804199,0
2.7608,1.148273039,0
2.761,1.084033196,0
2.7612,1.081031528,0
2.7614,1.047809512,0
2.7616,1.00293767,0
2.7618,0.9680715159,0
2.762,0.9271077425,0
2.7622,0.9101271021,0
2.7624,0.8337130819,0
2.7626,0.848447172,0
2.7628,0.7973683654,0
2.763,0.7174373767,0
2.7632,0.6783957015,0
2.7634,0.7044448276,0
2.7636,0.6641786091,0
2.7638,0.6614063708,0
2.764,0.6048265207,0
2.7642,0.5812201988,0
2.7644,0.502355775,0
2.7646,0.4970511857,0
2.7648,0.5393106468,0
2.765,0.4944873958,0
2.7652,0.4841423648,0
2.7654,0.4976502473,0
2.7656,0.4229746996,0
2.7658,0.4165794919,0
2.766,0.3877272564,0
2.7662,0.4342143911,0
2.7664,0.4119784577,0
2.7666,0.3354705052,0
2.7668,0.4873535183,0
2.767,0.4107466439,0
2.7672,0.414415359,0
2.7674,0.3688283639,0
2.7676,0.392305918,0
2.7678,0.2971880157,0
2.768,0.2678679282,0
2.7682,0.2895722172,0
2.7684,0.2587638975,0
2.7686,0.2788958781,0
2.7688,0.2833006934,0
2.769,0.2117597764,0
2.7692,0.2073242502,0
2.7694,0.1697084655,0
2.7696,0.1602935285,0
2.7698,0.1793029718,0
2.77,0.1363946242,0
2.7702,0.1238315547,0
2.7704,0.153112269,0
2.7706,0.0420392643,0
2.7708,0.02188239824,0
2.771,-0.001524346024,0
2.7712,-0.06172920874,0
2.7714,-0.05908830228,0
2.7716,-0.1531068918,0
2.7718,-0.1747655636,0
2.772,-0.1492153824,0
2.7722,-0.1750471496,0
2.7724,-0.2028856363,0
2.7726,-0.1951673394,0
2.7728,-0.2190299557,0
2.773,-0.2324045034,0
2.7732,-0.2793812611,0
2.7734,-0.3179936673,0
2.7736,-0.313158513,0
2.7738,-0.3952338486,0
2.774,-0.3684604839,0
2.7742,-0.3721044939,0
2.7744,-0.4229118383,0
2.7746,-0.4163026093,0
2.7748,-0.4238057355,0
2.775,-0.4668324781,0
2.7752,-0.4037058061,0
2.7754,-0.4441972142,0
2.7756,-0.3942359174,0
2.7758,-0.4797575519,0
2.776,-0.4139971025,0
2.7762,-0.5002403012,0
2.7764,-0.4939670027,0
2.7766,-0.5584936054,0
2.7768,-0.5948040866,0
2.777,-0.5047752394,0
2.7772,-0.5736919833,0
2.7774,-0.6064591761,0
2.7776,-0.5857364302,0
2.7778,-0.6860797102,0
2.778,-0.6322053341,0
2.7782,-0.6720590201,0
2.7784,-0.7010880905,0
2.7786,-0.7813333079,0
2.7788,-0.828470737,0
2.779,-0.7925775657,0
2.7792,-0.8060742834,0
2.7794,-0.8555886307,0
2.7796,-0.881489903,0
2.7798,-0.9475937959,0
2.78,-1.013545293,0
2.7802,-0.9828335542,0
2.7804,-1.042905788,0
2.7806,-1.048747004,0
2.7808,-1.160471521,0
2.781,-1.161254547,0
2.7812,-1.158270837,0
2.7814,-1.261437542,0
2.7816,-1.223650364,0
2.7818,-1.275320242,0
2.782,-1.339948401,0
2.7822,-1.374593229,0
2.7824,-1.285855553,0
2.7826,-1.364408903,0
2.7828,-1.273941002,0
2.783,-1.297518262,0
2.7832,-1.305754238,0
2.7834,-1.240976557,0
2.7836,-1.224558404,0
2.7838,-1.220798716,0
2.784,-1.211880902,0
2.7842,-1.202111947,0
2.7844,-1.079179569,0
2.7846,-1.06591239,0
2.7848,-1.026037901,0
2.785,-0.9037010737,0
2.7852,-0.8785742583,0
2.7854,-0.6935913451,0
2.7856,-0.7769077746,0
2.7858,-0.5639117565,0
2.786,-0.53660411,0
2.7862,-0.512934223,0
2.7864,-0.2898741753,0
2.7866,-0.2758658891,0
2.7868,-0.03516417614,0
2.787,-0.1018726587,0
2.7872,0.03564280247,1
2.7874,0.1952895597,1
2.7876,0.2189196367,1
2.7878,0.4484801594,1
2.788,0.4523898284,1
2.7882,0.4708849337,1
2.7884,0.6145468631,1
2.7886,0.6507320206,1
2.7888,0.8211607911,1
2.789,0.8971357623,1
2.7892,0.9433988103,1
2.7894,0.9381423571,1
2.7896,1.039679662,1
2.7898,1.151817054,0
2.79,1.114778762,0
2.7902,1.134026351,0
2.7904,1.177137942,0
2.7906,1.290191868,0
2.7908,1.319809718,0
2.791,1.231271556,0
2.7912,1.255693607,0
2.7914,1.249666494,0
2.7916,1.334528379,0
2.7918,1.270970649,0
2.792,1.318345167,0
2.7922,1.304914258,0
2.7924,1.251865516,0
2.7926,1.306015904,0
2.7928,1.187765968,0
2.793,1.223602949,0
2.7932,1.129976623,0
2.7934,1.098387533,0
2.7936,1.055816412,0
2.7938,1.099355872,0
2.794,1.045391995,0
2.7942,1.002764049,0
2.7944,0.9580073756,0
2.7946,0.8911588778,0
2.7948,0.9111997689,0
2.795,0.8611570429,0
2.7952,0.7987797887,0
2.7954,0.8729547256,0
2.7956,0.7346265073,0
2.7958,0.6512678088,0
2.796,0.6385181217,0
2.7962,0.6743803656,0
2.7964,0.6678556672,0
2.7966,0.657418693,0
2.7968,0.6119399434,0
2.797,0.5206471066,0
2.7972,0.528202127,0
2.7974,0.5691510759,0
2.7976,0.4862986168,0
2.7978,0.526018778,0
2.798,0.5297042607,0
2.7982,0.4978973846,0
2.7984,0.5030483886,0
2.7986,0.4418239976,0
2.7988,0.4553778,0
2.799,0.3100260327,0
2.7992,0.4396913559,0
2.7994,0.4360994997,0
2.7996,0.3673962321,0
2.7998,0.4072492753,0
2.8,0.4058467284,0
2.8002,0.3490280367,0
2.8004,0.336895127,0
2.8006,0.2810350466,0
2.8008,0.2837116255,0
2.801,0.2550469003,0
2.8012,0.2421492575,0
2.8014,0.1916585052,0
2.8016,0.247501164,0
2.8018,0.2053828427,0
2.802,0.129917215,0
2.8022,0.1366311268,0
2.8024,0.1244507309,0
2.8026,0.09904979589,0
2.8028,0.03731319915,0
2.803,0.02616232625,0
2.8032,0.01741611254,0
2.8034,-0.03763960799,0
2.8036,-0.08361228615,0
2.8038,-0.09821452073,0
2.804,-0.07496169389,0
2.8042,-0.1315972364,0
2.8044,-0.1463210244,0
2.8046,-0.1544060469,0
2.8048,-0.2056960046,0
2.805,-0.2127058385,0
2.8052,-0.2815235277,0
2.8054,-0.3291339033,0
2.8056,-0.2426524681,0
2.8058,-0.354232059,0
2.806,-0.3599206427,0
2.8062,-0.3336698942,0
2.8064,-0.3180393426,0
2.8066,-0.3750526782,0
2.8068,-0.3831591629,0
2.807,-0.3896080488,0
2.8072,-0.4353023123,0
2.8074,-0.3631253063,0
2.8076,-0.3512291833,0
2.8078,-0.4238084396,0
2.808,-0.445675492,0
2.8082,-0.43580532,0
2.8084,-0.4577539185,0
2.8086,-0.5021138669,0
2.8088,-0.4954463037,0
2.809,-0.4974578621,0
2.8092,-0.4994934199,0
2.8094,-0.6114558049,0
2.8096,-0.5876574585,0
2.8098,-0.5881219493,0
2.81,-0.634578335,0
2.8102,-0.599715933,0
2.8104,-0.6501060522,0
2.8106,-0.7426851653,0
2.8108,-0.6826238291,0
2.811,-0.7982021987,0
2.8112,-0.7832511713,0
2.8114,-0.8165480363,0
2.8116,-0.8369467601,0
2.8118,-0.9195131528,0
2.812,-0.9585357209,0
2.8122,-0.9616589364,0
2.8124,-1.043386158,0
2.8126,-1.076980188,0
2.8128,-1.063016974,0
2.813,-1.202392581,0
2.8132,-1.109012525,0
2.8134,-1.226471117,0
2.8136,-1.178465937,0
2.8138,-1.251177644,0
2.814,-1.282532316,0
2.8142,-1.3446297,0
2.8144,-1.263682947,0
2.8146,-1.374845257,0
2.8148,-1.349446718,0
2.815,-1.338684426,0
2.8152,-1.399423809,0
2.8154,-1.267893633,0
2.8156,-1.234499441,0
2.8158,-1.243868168,0
2.816,-1.249736348,0
2.8162,-1.123373601,0
2.8164,-1.143013501,0
2.8166,-1.092894483,0
2.8168,-1.03652913,0
2.817,-1.007949794,0
2.8172,-0.9194719193,0
2.8174,-0.9290419025,0
2.8176,-0.7749092393,0
2.8178,-0.7454327139,0
2.818,-0.5706100823,0
2.8182,-0.5250056605,0
2.8184,-0.4184940578,0
2.8186,-0.3682640484,0
2.8188,-0.2168948069,0
2.819,-0.152581001,0
2.8192,-0.06254286754,0
2.8194,0.0588517183,1
2.8196,0.1078270108,1
2.8198,0.3086035371,1
2.82,0.2821814528,1
2.8202,0.4271675965,1
2.8204,0.5422574667,1
2.8206,0.6601791061,1
2.8208,0.6392099391,1
2.821,0.7021137446,1
2.8212,0.8189296623,1
2.8214,0.9534441037,1
2.8216,0.9627158958,1
2.8218,1.041325789,1
2.822,1.081097618,0
2.8222,1.141105853,0
2.8224,1.167279738,0
2.8226,1.247919973,0
2.8228,1.217474476,0
2.823,1.357568554,0
2.8232,1.245747614,0
2.8234,1.299055494,0
2.8236,1.313654794,0
2.8238,1.297283392,0
2.824,1.274316237,0
2.8242,1.356837366,0
2.8244,1.233852067,0
2.8246,1.140913592,0
2.8248,1.290079005,0
2.825,1.197640797,0
2.8252,1.216185073,0
2.8254,1.199386393,0
2.8256,1.167252581,0
2.8258,1.066669924,0
2.826,0.9931533328,0
2.8262,1.008228429,0
2.8264,1.011584553,0
2.8266,0.9929421951,0
2.8268,0.8128961639,0
2.827,0.8885836395,0
2.8272,0.8981134728,0
2.8274,0.8723175679,0
2.8276,0.8359203421,0
2.8278,0.6987047974,0
2.828,0.6482349573,0
2.8282,0.6608307463,0
2.8284,0.6464165703,0
2.8286,0.5935251984,0
2.8288,0.5652831462,0
2.829,0.5846685538,0
2.8292,0.53765978,0
2.8294,0.5308602055,0
2.8296,0.5675916907,0
2.8298,0.5145064873,0
2.83,0.4367910661,0
2.8302,0.5525831612,0
2.8304,0.4618911913,0
2.8306,0.487500366,0
2.8308,0.4072164985,0
2.831,0.3669809729,0
2.8312,0.4503530714,0
2.8314,0.3642705204,0
2.8316,0.3716865029,0
2.8318,0.352704708,0
2.832,0.3867128551,0
2.8322,0.3623267762,0
2.8324,0.3067413587,0
2.8326,0.2789127989,0
2.8328,0.2648792228,0
2.833,0.3860240026,0
2.8332,0.2946355584,0
2.8334,0.2161798847,0
2.8336,0.2233920137,0
2.8338,0.1905821049,0
2.834,0.1712323503,0
2.8342,0.165647897,0
2.8344,0.1147926976,0
2.8346,0.04422452749,0
2.8348,0.07694360325,0
2.835,0.1245209009,0
2.8352,0.05823949084,0
2.8354,0.02596357062,0
2.8356,-0.0240438644,0
2.8358,-0.05782169548,0
2.836,-0.08925922391,0
2.8362,-0.08419664917,0
2.8364,-0.1240334074,0
2.8366,-0.17680704,0
2.8368,-0.2052795872,0
2.837,-0.2233468259,0
2.8372,-0.2391764552,0
2.8374,-0.2356407727,0
2.8376,-0.3098108295,0
2.8378,-0.2500665704,0
2.838,-0.2557847366,0
2.8382,-0.3185551749,0
2.8384,-0.2630248015,0
2.8386,-0.3920459011,0
2.8388,-0.4591051567,0
2.839,-0.406682018,0
2.8392,-0.396384888,0
2.8394,-0.4676763031,0
2.8396,-0.3631069312,0
2.8398,-0.4705187247,0
2.84,-0.5345059536,0
2.8402,-0.3806103195,0
2.8404,-0.5023122331,0
2.8406,-0.4750355127,0
2.8408,-0.4690538541,0
2.841,-0.5675076153,0
2.8412,-0.5303897563,0
2.8414,-0.6247566716,0
2.8416,-0.565587188,0
2.8418,-0.5744041999,0
2.842,-0.6264464768,0
2.8422,-0.6247031649,0
2.8424,-0.7023762098,0
2.8426,-0.7475342987,0
2.8428,-0.6987080316,0
2.843,-0.7252047364,0
2.8432,-0.7770168269,0
2.8434,-0.8525616145,0
2.8436,-0.8898610153,0
2.8438,-0.8864106226,0
2.844,-0.9274525434,0
2.8442,-1.004994553,0
2.8444,-1.066862546,0
2.8446,-1.026200059,0
2.8448,-1.024978092,0
2.845,-1.058285492,0
2.8452,-1.155599855,0
2.8454,-1.220777407,0
2.8456,-1.218229044,0
2.8458,-1.324257888,0
2.846,-1.268135804,0
2.8462,-1.317580157,0
2.8464,-1.325848925,0
2.8466,-1.354429988,0
2.8468,-1.271345693,0
2.847,-1.388555683,0
2.8472,-1.310503349,0
2.8474,-1.340206066,0
2.8476,-1.314532366,0
2.8478,-1.236853483,0
2.848,-1.223846466,0
2.8482,-1.220858388,0
2.8484,-1.119635847,0
2.8486,-1.113651627,0
2.8488,-1.041788493,0
2.849,-0.9876317203,0
2.8492,-0.9450251409,0
2.8494,-0.8535684041,0
2.8496,-0.7843505683,0
2.8498,-0.6949476593,0
2.85,-0.6416446592,0
2.8502,-0.4837240701,0
2.8504,-0.4068810626,0
2.8506,-0.3558799848,0
2.8508,-0.2067211713,0
2.851,-0.1624821932,0
2.8512,-0.08041807745,0
2.8514,0.05330121262,1
2.8516,0.1402525947,1
2.8518,0.2165453004,1
2.852,0.3438237691,1
2.8522,0.4305009228,1
2.8524,0.4836425784,1
2.8526,0.5909183849,1
2.8528,0.7725828933,1
2.853,0.7704463224,1
2.8532,0.8595823838,1
2.8534,0.8745191951,1
2.8536,1.031855846,1
2.8538,1.029520604,1
2.854,1.066926545,0
2.8542,1.121408023,0
2.8544,1.220931146,0
2.8546,1.199040882,0
2.8548,1.192102076,0
2.855,1.315342912,0
2.8552,1.277548371,0
2.8554,1.21718532,0
2.8556,1.326509443,0
2.8558,1.29730545,0
2.856,1.276399904,0
2.8562,1.236046135,0
2.8564,1.298517026,0
2.8566,1.280269102,0
2.8568,1.207799661,0
2.857,1.220119918,0
2.8572,1.221862773,0
2.8574,1.182726715,0
2.8576,1.123197748,0
2.8578,1.024327754,0
2.858,1.039830165,0
2.8582,0.9721163612,0
2.8584,0.989847362,0
2.8586,0.9674893334,0
2.8588,0.8769054257,0
2.859,0.893543418,0
2.8592,0.8905028271,0
2.8594,0.7774934577,0
2.8596,0.7499476021,0
2.8598,0.6964994101,0
2.86,0.7180321628,0
2.8602,0.6266357651,0
2.8604,0.5642563893,0
2.8606,0.657137301,0
2.8608,0.5478090685,0
2.861,0.6045387212,0
2.8612,0.5489365399,0
2.8614,0.5285519616,0
2.8616,0.5627748181,0
2.8618,0.4728910217,0
2.862,0.5240925296,0
2.8622,0.5311196226,0
2.8624,0.4071005515,0
2.8626,0.5349921899,0
2.8628,0.4430471996,0
2.863,0.4627683184,0
2.8632,0.3476883092,0
2.8634,0.3511674514,0
2.8636,0.3951718356,0
2.8638,0.2925961259,0
2.864,0.3200000367,0
2.8642,0.3202300838,0
2.8644,0.4521898546,0
2.8646,0.2997118009,0
2.8648,0.2556849897,0
2.865,0.1976870347,0
2.8652,0.2240583008,0
2.8654,0.2088584201,0
2.8656,0.1365570527,0
2.8658,0.2189251627,0
2.866,0.1923045329,0
2.8662,0.1116766859,0
2.8664,0.1053896328,0
2.8666,0.1944626731,0
2.8668,0.00215377641,0
2.867,0.09779791865,0
2.8672,-0.0185507921,0
2.8674,-0.06380685171,0
2.8676,-0.1343752103,0
2.8678,-0.04896243,0
2.868,-0.1502910923,0
2.8682,-0.1372021598,0
2.8684,-0.1623517398,0
2.8686,-0.2287362465,0
2.8688,-0.2434062472,0
2.869,-0.2995467553,0
2.8692,-0.1686356138,0
2.8694,-0.302102319,0
2.8696,-0.2682696039,0
2.8698,-0.3021687824,0
2.87,-0.3109932754,0
2.8702,-0.2664800989,0
2.8704,-0.4034150736,0
2.8706,-0.3987565944,0
2.8708,-0.4260967994,0
2.871,-0.3235772593,0
2.8712,-0.4451214154,0
2.8714,-0.4244354532,0
2.8716,-0.3638569537,0
2.8718,-0.4663253523,0
2.872,-0.4422005015,0
2.8722,-0.4682786829,0
2.8724,-0.5435568684,0
2.8726,-0.459355713,0
2.8728,-0.4954859658,0
2.873,-0.5640561546,0
2.8732,-0.5389133716,0
2.8734,-0.5942003911,0
2.8736,-0.539907605,0
2.8738,-0.5741582542,0
2.874,-0.659448474,0
2.8742,-0.7543560106,0
2.8744,-0.6735223214,0
2.8746,-0.6702575565,0
2.8748,-0.7330560144,0
2.875,-0.7443843953,0
2.8752,-0.810834564,0
2.8754,-0.8800227775,0
2.8756,-0.9123343907,0
2.8758,-0.9231820955,0
2.876,-0.9182094063,0
2.8762,-0.9853614943,0
2.8764,-1.033224215,0
2.8766,-1.031336123,0
2.8768,-1.112236949,0
2.877,-1.126860714,0
2.8772,-1.123333382,0
2.8774,-1.236826138,0
2.8776,-1.265450469,0
2.8778,-1.225261659,0
2.878,-1.298432528,0
2.8782,-1.345508575,0
2.8784,-1.308509967,0
2.8786,-1.246307627,0
2.8788,-1.352648864,0
2.879,-1.340884045,0
2.8792,-1.280339228,0
2.8794,-1.263105968,0
2.8796,-1.265048533,0
2.8798,-1.216793119,0
2.88,-1.221368398,0
2.8802,-1.062428306,0
2.8804,-1.079585957,0
2.8806,-1.082811646,0
2.8808,-0.8980324676,0
2.881,-0.8595667438,0
2.8812,-0.8333646669,0
2.8814,-0.7311941925,0
2.8816,-0.6375676036,0
2.8818,-0.6079850495,0
2.882,-0.5016693147,0
2.8822,-0.3727080807,0
2.8824,-0.3469027801,0
2.8826,-0.2505994293,0
2.8828,-0.1579964215,0
2.883,-0.01600552972,0
2.8832,0.04583753942,1
2.8834,0.1778815052,1
2.8836,0.2750080872,1
2.8838,0.4059198406,1
2.884,0.3756522592,1
2.8842,0.6104233826,1
2.8844,0.711695013,1
2.8846,0.7555574884,1
2.8848,0.7252408596,1
2.885,0.895402931,1
2.8852,0.9534119075,1
2.8854,0.918038293,1
2.8856,1.029779708,1
2.8858,1.129355332,0
2.886,1.058764918,0
2.8862,1.239042801,0
2.8864,1.224812322,0
2.8866,1.329237166,0
2.8868,1.298716351,0
2.887,1.265299345,0
2.8872,1.329515098,0
2.8874,1.26338042,0
2.8876,1.261841254,0
2.8878,1.352136305,0
2.888,1.304011095,0
2.8882,1.258062237,0
2.8884,1.226464704,0
2.8886,1.272024523,0
2.8888,1.154012079,0
2.889,1.170832662,0
2.8892,1.139697476,0
2.8894,1.189560534,0
2.8896,1.035626555,0
2.8898,1.098633254,0
2.89,1.039803547,0
2.8902,0.9056550499,0
2.8904,0.8840661237,0
2.8906,0.861936581,0
2.8908,0.81074477,0
2.891,0.7764361545,0
2.8912,0.7720268545,0
2.8914,0.6420427206,0
2.8916,0.6248527628,0
2.8918,0.6971834131,0
2.892,0.706408333,0
2.8922,0.5600241371,0
2.8924,0.5652412679,0
2.8926,0.5458678895,0
2.8928,0.4934690546,0
2.893,0.5661752989,0
2.8932,0.5912441976,0
2.8934,0.4687193007,0
2.8936,0.4843553121,0
2.8938,0.4481537581,0
2.894,0.4561579312,0
2.8942,0.3596131788,0
2.8944,0.4891165977,0
2.8946,0.4216321585,0
2.8948,0.417336985,0
2.895,0.3938956475,0
2.8952,0.4553870729,0
2.8954,0.3271097701,0
2.8956,0.308921633,0
2.8958,0.2989360244,0
2.896,0.3548814556,0
2.8962,0.3702877181,0
2.8964,0.3549675488,0
2.8966,0.3260716708,0
2.8968,0.168540387,0
2.897,0.2879890206,0
2.8972,0.2584473136,0
2.8974,0.1993719618,0
2.8976,0.1294135846,0
2.8978,0.08867743168,0
2.898,0.1323347587,0
2.8982,0.0840701417,0
2.8984,-0.0005895571914,0
2.8986,0.04571668395,0
2.8988,0.04314959568,0
2.899,-0.0781652846,0
2.8992,-0.06854578533,0
2.8994,-0.1279945163,0
2.8996,-0.09173576908,0
2.8998,-0.1546249089,0
2.9,-0.1638613615,0
2.9002,-0.2004195582,0
2.9004,-0.1814584983,0
2.9006,-0.1958943687,0
2.9008,-0.2043847668,0
2.901,-0.280776539,0
2.9012,-0.2902800134,0
2.9014,-0.3157579756,0
2.9016,-0.3301810527,0
2.9018,-0.338388381,0
2.902,-0.4080909759,0
2.9022,-0.4171326967,0
2.9024,-0.3707618288,0
2.9026,-0.4809012571,0
2.9028,-0.4417990179,0
2.903,-0.3916761762,0
2.9032,-0.4205185581,0
2.9034,-0.4108284731,0
2.9036,-0.4682961123,0
2.9038,-0.4505013276,0
2.904,-0.5071943157,0
2.9042,-0.464960353,0
2.9044,-0.4851013244,0
2.9046,-0.5430935671,0
2.9048,-0.595180245,0
2.905,-0.603974473,0
2.9052,-0.5714660615,0
2.9054,-0.5936250417,0
2.9056,-0.6368419034,0
2.9058,-0.6782770137,0
2.906,-0.7078304788,0
2.9062,-0.7547121591,0
2.9064,-0.8242191344,0
2.9066,-0.7471558139,0
2.9068,-0.7977703457,0
2.907,-0.8256108139,0
2.9072,-0.9368375435,0
2.9074,-0.8686281789,0
2.9076,-0.9705605085,0
2.9078,-0.9908142627,0
2.908,-1.085860805,0
2.9082,-1.120922032,0
2.9084,-1.111469261,0
2.9086,-1.155223924,0
2.9088,-1.203908183,0
2.909,-1.191439833,0
2.9092,-1.299812493,0
2.9094,-1.284722033,0
2.9096,-1.244625731,0
2.9098,-1.281890893,0
2.91,-1.262448646,0
2.9102,-1.325583874,0
2.9104,-1.28257926,0
2.9106,-1.267039268,0
2.9108,-1.315644919,0
2.911,-1.262631295,0
2.9112,-1.204257451,0
2.9114,-1.169637571,0
2.9116,-1.133498904,0
2.9118,-1.216852855,0
2.912,-1.060425089,0
2.9122,-0.9797886297,0
2.9124,-1.007817052,0
2.9126,-0.8731277046,0
2.9128,-0.7822055067,0
2.913,-0.6820643359,0
2.9132,-0.6467173607,0
2.9134,-0.5539119612,0
2.9136,-0.4322082081,0
2.9138,-0.3778967113,0
2.914,-0.2322147143,0
2.9142,-0.154132055,0
2.9144,-0.05646788543,0
2.9146,0.008977581605,1
2.9148,0.132767743,1
2.915,0.2207678698,1
2.9152,0.3707553155,1
2.9154,0.3893525271,1
2.9156,0.465418248,1
2.9158,0.571054674,1
2.916,0.7434477532,1
2.9162,0.7930463248,1
2.9164,0.8731371905,1
2.9166,0.9007817216,1
2.9168,1.017801744,1
2.917,1.060490765,1
2.9172,1.044498269,0
2.9174,1.132539531,0
2.9176,1.203817026,0
2.9178,1.245136695,0
2.918,1.216101616,0
2.9182,1.217298829,0
2.9184,1.306812523,0
2.9186,1.358444196,0
2.9188,1.294719255,0
2.919,1.328201014,0
2.9192,1.354610047,0
2.9194,1.257544895,0
2.9196,1.262781821,0
2.9198,1.27922727,0
2.92,1.246458176,0
2.9202,1.188661747,0
2.9204,1.173374816,0
2.9206,1.138654979,0
2.9208,1.031069456,0
2.921,1.038336696,0
2.9212,1.091485994,0
2.9214,0.9974119242,0
2.9216,0.9218420672,0
2.9218,0.8916108029,0
2.922,0.9018455038,0
2.9222,0.8510491306,0
2.9224,0.7933527439,0
2.9226,0.7848335587,0
2.9228,0.7181491729,0
2.923,0.7352877262,0
2.9232,0.6988739311,0
2.9234,0.6290978469,0
2.9236,0.6700699002,0
2.9238,0.5499026399,0
2.924,0.5995747685,0
2.9242,0.6042464851,0
2.9244,0.5059348748,0
2.9246,0.4702791466,0
2.9248,0.4336820171,0
2.925,0.4313212616,0
2.9252,0.4426381915,0
2.9254,0.4103718152,0
2.9256,0.4120518136,0
2.9258,0.4861841037,0
2.926,0.3821640244,0
2.9262,0.4122756263,0
2.9264,0.4295330751,0
2.9266,0.3719651315,0
2.9268,0.3465616659,0
2.927,0.3887626825,0
2.9272,0.3918445322,0
2.9274,0.2984603987,0
2.9276,0.2763661779,0
2.9278,0.373164671,0
2.928,0.281483175,0
2.9282,0.3242992862,0
2.9284,0.2141746461,0
2.9286,0.2163473429,0
2.9288,0.1498626767,0
2.929,0.1262326041,0
2.9292,0.1279818238,0
2.9294,0.07039757511,0
2.9296,0.1285796705,0
2.9298,0.132966412,0
2.93,0.02821103539,0
2.9302,-0.003084247374,0
2.9304,-0.0057522203,0
2.9306,-0.09355946653,0
2.9308,-0.1103357988,0
2.931,-0.07194091936,0
2.9312,-0.1797548846,0
2.9314,-0.1010640533,0
2.9316,-0.1721650007,0
2.9318,-0.2751694994,0
2.932,-0.1663071238,0
2.9322,-0.2394581769,0
2.9324,-0.3262608992,0
2.9326,-0.3187955755,0
2.9328,-0.3345522362,0
2.933,-0.4513230546,0
2.9332,-0.2744729332,0
2.9334,-0.3659854733,0
2.9336,-0.3161515976,0
2.9338,-0.398927684,0
2.934,-0.4000304926,0
2.9342,-0.4170751317,0
2.9344,-0.4108808103,0
2.9346,-0.3888073595,0
2.9348,-0.4634935625,0
2.935,-0.461411833,0
2.9352,-0.5377940928,0
2.9354,-0.5551873442,0
2.9356,-0.4421992793,0
2.9358,-0.5168140541,0
2.936,-0.5956407008,0
2.9362,-0.5226554178,0
2.9364,-0.5479654562,0
2.9366,-0.584379952,0
2.9368,-0.6366739205,0
2.937,-0.6637423506,0
2.9372,-0.678518963,0
2.9374,-0.5767872109,0
2.9376,-0.7536158999,0
2.9378,-0.7945390399,0
2.938,-0.7642551274,0
2.9382,-0.7786100966,0
2.9384,-0.8567837529,0
2.9386,-0.9286561362,0
2.9388,-0.9566181532,0
2.939,-1.011689632,0
2.9392,-1.059984694,0
2.9394,-1.043090421,0
2.9396,-1.059422483,0
2.9398,-1.147529781,0
2.94,-1.139824849,0
2.9402,-1.179445266,0
2.9404,-1.234387691,0
2.9406,-1.202437369,0
2.9408,-1.233586605,0
2.941,-1.328811897,0
2.9412,-1.263959743,0
2.9414,-1.29421496,0
2.9416,-1.283800159,0
2.9418,-1.367310577,0
2.942,-1.345050585,0
2.9422,-1.306528131,0
2.9424,-1.21902207,0
2.9426,-1.185466721,0
2.9428,-1.245478479,0
2.943,-1.10850814,0
2.9432,-1.067651475,0
2.9434,-1.043481583,0
2.9436,-0.8648875886,0
2.9438,-0.9599750358,0
2.944,-0.870844008,0
2.9442,-0.7748631574,0
2.9444,-0.6607896473,0
2.9446,-0.6588299248,0
2.9448,-0.5473478267,0
2.945,-0.392838227,0
2.9452,-0.3702384949,0
2.9454,-0.2232908933,0
2.9456,-0.06453378744,0
2.9458,-0.06504752742,0
2.946,0.04532166717,1
2.9462,0.211842465,1
2.9464,0.346300236,1
2.9466,0.4376926538,1
2.9468,0.4464401621,1
2.947,0.6305703088,1
2.9472,0.6945663857,1
2.9474,0.7222602461,1
2.9476,0.822400819,1
2.9478,0.9098727469,1
2.948,0.9319182498,1
2.9482,1.053596596,1
2.9484,1.078580998,0
2.9486,1.163619216,0
2.9488,1.202138971,0
2.949,1.214465347,0
2.9492,1.253597521,0
2.9494,1.329054621,0
2.9496,1.307707228,0
2.9498,1.293819112,0
2.95,1.335713427,0
2.9502,1.278820887,0
2.9504,1.32596763,0
2.9506,1.344349933,0
2.9508,1.34095482,0
2.951,1.254548982,0
2.9512,1.247406723,0
2.9514,1.237415265,0
2.9516,1.08062335,0
2.9518,1.06484352,0
2.952,1.085699825,0
2.9522,1.058595622,0
2.9524,1.093213989,0
2.9526,1.067488505,0
2.9528,0.959783472,0
2.953,0.9166542703,0
2.9532,0.8562827525,0
2.9534,0.8442060267,0
2.9536,0.7618694461,0
2.9538,0.758446251,0
2.954,0.74529417,0
2.9542,0.6588128138,0
2.9544,0.6562295458,0
2.9546,0.6163266294,0
2.9548,0.6108700682,0
2.955,0.5997318149,0
2.9552,0.5964225734,0
2.9554,0.5695019307,0
2.9556,0.4952793189,0
2.9558,0.5138287253,0
2.956,0.5043374327,0
2.9562,0.4911769554,0
2.9564,0.4818572018,0
2.9566,0.432375565,0
2.9568,0.44027918,0
2.957,0.355480249,0
2.9572,0.4386522868,0
2.9574,0.4223078619,0
2.9576,0.3960451687,0
2.9578,0.4217437243,0
2.958,0.3509051147,0
2.9582,0.350646689,0
2.9584,0.3899487442,0
2.9586,0.3722423387,0
2.9588,0.3354915344,0
2.959,0.2821328785,0
2.9592,0.3255529597,0
2.9594,0.2847988421,0
2.9596,0.1767672383,0
2.9598,0.1191021086,0
2.96,0.1880892384,0
2.9602,0.2399080348,0
2.9604,0.1664651749,0
2.9606,0.006435505747,0
2.9608,0.04716536368,0
2.961,0.03928056044,0
2.9612,-0.0303129768,0
2.9614,0.06056424478,0
2.9616,-0.02576127831,0
2.9618,-0.05761264542,0
2.962,-0.05395852763,0
2.9622,-0.1051566706,0
2.9624,-0.1841642209,0
2.9626,-0.1828580846,0
2.9628,-0.1869151807,0
2.963,-0.2025645314,0
2.9632,-0.2646295799,0
2.9634,-0.20616761,0
2.9636,-0.1858968145,0
2.9638,-0.2940868395,0
2.964,-0.3101973232,0
2.9642,-0.3249555194,0
2.9644,-0.3191032079,0
2.9646,-0.3451724052,0
2.9648,-0.4748734069,0
2.965,-0.2937271096,0
2.9652,-0.3799979694,0
2.9654,-0.5261134002,0
2.9656,-0.485650611,0
2.9658,-0.5034658991,0
2.966,-0.3586118312,0
2.9662,-0.4854308546,0
2.9664,-0.4746776853,0
2.9666,-0.4594060908,0
2.9668,-0.5421075068,0
2.967,-0.5084275875,0
2.9672,-0.5613699744,0
2.9674,-0.5482920194,0
2.9676,-0.5742622606,0
2.9678,-0.5519111319,0
2.968,-0.6725779052,0
2.9682,-0.6096549901,0
2.9684,-0.657428993,0
2.9686,-0.6746662966,0
2.9688,-0.7580052895,0
2.969,-0.8006760625,0
2.9692,-0.8145537242,0
2.9694,-0.8690913393,0
2.9696,-0.8655819454,0
2.9698,-0.9768777397,0
2.97,-0.9369503843,0
2.9702,-0.9972740362,0
2.9704,-1.106933651,0
2.9706,-1.053440092,0
2.9708,-1.077300459,0
2.971,-1.155197369,0
2.9712,-1.233231684,0
2.9714,-1.275722265,0
2.9716,-1.259663706,0
2.9718,-1.258820765,0
2.972,-1.285109914,0
2.9722,-1.302988301,0
2.9724,-1.361232432,0
2.9726,-1.332099626,0
2.9728,-1.339899618,0
2.973,-1.341675084,0
2.9732,-1.3094697,0
2.9734,-1.162930648,0
2.9736,-1.309794357,0
2.9738,-1.196900247,0
2.974,-1.157646888,0
2.9742,-1.164335094,0
2.9744,-0.9930307966,0
2.9746,-1.013456515,0
2.9748,-0.9585995901,0
2.975,-0.8775658829,0
2.9752,-0.7778879095,0
2.9754,-0.7065449602,0
2.9756,-0.6761226564,0
2.9758,-0.4875207788,0
2.976,-0.429118277,0
2.9762,-0.2772667796,0
2.9764,-0.182703185,0
2.9766,-0.1616793012,0
2.9768,-0.07293315004,0
2.977,0.1113853258,1
2.9772,0.1498179699,1
2.9774,0.2377629683,1
2.9776,0.3354559116,1
2.9778,0.4414363475,1
2.978,0.5019131208,1
2.9782,0.6106851987,1
2.9784,0.7505162609,1
2.9786,0.8649480339,1
2.9788,0.8496377603,1
2.979,0.9865875733,1
2.9792,1.038523647,1
2.9794,1.068197109,0
2.9796,1.192788408,0
2.9798,1.239121944,0
2.98,1.239946387,0
2.9802,1.190753054,0
2.9804,1.227771089,0
2.9806,1.344734126,0
2.9808,1.299256471,0
2.981,1.326646245,0
2.9812,1.38890514,0
2.9814,1.34520113,0
2.9816,1.303043196,0
2.9818,1.328828758,0
2.982,1.297652098,0
2.9822,1.235371284,0
2.9824,1.153214426,0
2.9826,1.244703596,0
2.9828,1.099975721,0
2.983,1.102101794,0
2.9832,1.10117724,0
2.9834,1.073365128,0
2.9836,1.041107602,0
2.9838,0.9260895976,0
2.984,0.9067265046,0
2.9842,0.87274022,0
2.9844,0.7665638254,0
2.9846,0.7594062871,0
2.9848,0.713466799,0
2.985,0.6986475529,0
2.9852,0.699492003,0
2.9854,0.6458897984,0
2.9856,0.6215805994,0
2.9858,0.5671394171,0
2.986,0.558066541,0
2.9862,0.5252927227,0
2.9864,0.5428700539,0
2.9866,0.5587061882,0
2.9868,0.460369494,0
2.987,0.4586626092,0
2.9872,0.4664039938,0
2.9874,0.4264066248,0
2.9876,0.4611015328,0
2.9878,0.4951634973,0
2.988,0.4251663723,0
2.9882,0.4532653772,0
2.9884,0.4795582112,0
2.9886,0.4470029924,0
2.9888,0.3278615026,0
2.989,0.373463179,0
2.9892,0.3622271062,0
2.9894,0.329017649,0
2.9896,0.3292768415,0
2.9898,0.2908107861,0
2.99,0.2248899963,0
2.9902,0.2009837135,0
2.9904,0.1641131696,0
2.9906,0.2440067739,0
2.9908,0.154601855,0
2.991,0.2133028183,0
2.9912,0.1295437522,0
2.9914,0.1377711417,0
2.9916,0.1853892967,0
2.9918,0.01971513472,0
2.992,0.06243657316,0
2.9922,0.006902408413,0
2.9924,-0.01517301773,0
2.9926,-0.04448854118,0
2.9928,-0.04153767698,0
2.993,-0.09451081553,0
2.9932,-0.09533729595,0
2.9934,-0.2025627925,0
2.9936,-0.128788553,0
2.9938,-0.2046823971,0
2.994,-0.2725319846,0
2.9942,-0.2385595246,0
2.9944,-0.2230304458,0
2.9946,-0.2690822914,0
2.9948,-0.2926728407,0
2.995,-0.2978480632,0
2.9952,-0.2989144485,0
2.9954,-0.3759283271,0
2.9956,-0.338538485,0
2.9958,-0.4026473166,0
2.996,-0.3419785399,0
2.9962,-0.4279729619,0
2.9964,-0.3556227571,0
2.9966,-0.4294576143,0
2.9968,-0.4463230942,0
2.997,-0.4752183184,0
2.9972,-0.5247547547,0
2.9974,-0.5214860432,0
2.9976,-0.433227326,0
2.9978,-0.5347941953,0
2.998,-0.5133826587,0
2.9982,-0.5577762697,0
2.9984,-0.607012454,0
2.9986,-0.6603467253,0
2.9988,-0.6046831081,0
2.999,-0.6162327042,0
2.9992,-0.7120509016,0
2.9994,-0.7744425078,0
2.9996,-0.6359187418,0
2.9998,-0.7895873486,0
3,-0.844033283,0
3.0002,-0.8587313533,0
3.0004,-0.8691838131,0
3.0006,-0.8828554537,0
3.0008,-0.8760190556,0
3.001,-0.9835481824,0
3.0012,-1.073539419,0
3.0014,-1.063915799,0
3.0016,-1.058212132,0
3.0018,-1.165433719,0
3.002,-1.142587289,0
3.0022,-1.261231363,0
3.0024,-1.215393346,0
3.0026,-1.241031019,0
3.0028,-1.219947378,0
3.003,-1.313384976,0
3.0032,-1.294292775,0
3.0034,-1.237578669,0
3.0036,-1.263264674,0
3.0038,-1.31671031,0
3.004,-1.312882344,0
3.0042,-1.276270233,0
3.0044,-1.248549626,0
3.0046,-1.229302188,0
3.0048,-1.12870287,0
3.005,-1.114399576,0
3.0052,-0.9959268436,0
3.0054,-1.034312284,0
3.0056,-0.9024830721,0
3.0058,-0.8435586948,0
3.006,-0.782107038,0
3.0062,-0.7154314967,0
3.0064,-0.5737105244,0
3.0066,-0.5960265033,0
3.0068,-0.4949458804,0
3.007,-0.3316529345,0
3.0072,-0.1208449522,0
3.0074,-0.09888204914,0
3.0076,-0.08311818366,0
3.0078,0.1339672813,1
3.008,0.1903424523,1
3.0082,0.2286814808,1
3.0084,0.2996456257,1
3.0086,0.4591476507,1
3.0088,0.5370136022,1
3.009,0.675159524,1
3.0092,0.6829185945,1
3.0094,0.829685174,1
3.0096,0.9276773968,1
3.0098,0.9324162143,1
3.01,0.975892397,1
3.0102,1.128972992,0
3.0104,1.101735594,0
3.0106,1.208265438,0
3.0108,1.295037184,0
3.011,1.253878667,0
3.0112,1.306107297,0
3.0114,1.311675971,0
3.0116,1.308658502,0
3.0118,1.34840157,0
3.012,1.385062119,0
3.0122,1.321475041,0
3.0124,1.332803244,0
3.0126,1.268753634,0
3.0128,1.262696565,0
3.013,1.257505015,0
3.0132,1.215315225,0
3.0134,1.184654434,0
3.0136,1.107114025,0
3.0138,1.129400023,0
3.014,1.088785356,0
3.0142,1.08150026,0
3.0144,0.9640877212,0
3.0146,0.9275297165,0
3.0148,0.9285956244,0
3.015,0.8723047078,0
3.0152,0.8363620341,0
3.0154,0.7979271562,0
3.0156,0.7175333538,0
3.0158,0.7190745094,0
3.016,0.6566445378,0
3.0162,0.6737190461,0
3.0164,0.601510025,0
3.0166,0.6391685379,0
3.0168,0.5422212382,0
3.017,0.5940578527,0
3.0172,0.530022405,0
3.0174,0.5237876202,0
3.0176,0.4661751319,0
3.0178,0.466021215,0
3.018,0.3837634985,0
3.0182,0.467500362,0
3.0184,0.474832777,0
3.0186,0.422109018,0
3.0188,0.3457269513,0
3.019,0.3806407216,0
3.0192,0.4504678392,0
3.0194,0.4180638718,0
3.0196,0.3613489008,0
3.0198,0.2996502267,0
3.02,0.3976352006,0
3.0202,0.3611503201,0
3.0204,0.2645456533,0
3.0206,0.3074583489,0
3.0208,0.3010550102,0
3.021,0.2996813838,0
3.0212,0.2334540077,0
3.0214,0.2147894447,0
3.0216,0.2579319262,0
3.0218,0.2051380726,0
3.022,0.08206377093,0
3.0222,0.1054983126,0
3.0224,0.1116857646,0
3.0226,0.0405790272,0
3.0228,-0.004952009763,0
3.023,-0.01813561556,0
3.0232,-0.04481931219,0
3.0234,-0.06548034502,0
3.0236,-0.1078050448,0
3.0238,-0.1912829752,0
3.024,-0.08128316738,0
3.0242,-0.1635058583,0
3.0244,-0.1809576964,0
3.0246,-0.2294285591,0
3.0248,-0.3200567149,0
3.025,-0.2662990207,0
3.0252,-0.2818269811,0
3.0254,-0.2823180416,0
3.0256,-0.2635836903,0
3.0258,-0.3377809713,0
3.026,-0.2744677924,0
3.0262,-0.3875678154,0
3.0264,-0.3515336166,0
3.0266,-0.4771238407,0
3.0268,-0.3278277847,0
3.027,-0.4059643717,0
3.0272,-0.4525345718,0
3.0274,-0.441251098,0
3.0276,-0.4452199544,0
3.0278,-0.3588933208,0
3.028,-0.4620328567,0
3.0282,-0.4986821691,0
3.0284,-0.447505197,0
3.0286,-0.5284697368,0
3.0288,-0.5444618533,0
3.029,-0.5195249711,0
3.0292,-0.5880726935,0
3.0294,-0.599611604,0
3.0296,-0.6026556827,0
3.0298,-0.686665293,0
3.03,-0.6598252634,0
3.0302,-0.7038572859,0
3.0304,-0.7677764625,0
3.0306,-0.7979188194,0
3.0308,-0.8246586939,0
3.031,-0.9079329878,0
3.0312,-0.9282387382,0
3.0314,-0.9291086335,0
3.0316,-0.9546414003,0
3.0318,-1.057703983,0
3.032,-1.043262721,0
3.0322,-1.107203297,0
3.0324,-1.168983486,0
3.0326,-1.156448827,0
3.0328,-1.235005739,0
3.033,-1.141368782,0
3.0332,-1.264323229,0
3.0334,-1.271450409,0
3.0336,-1.344314329,0
3.0338,-1.316938998,0
3.034,-1.300072487,0
3.0342,-1.242949917,0
3.0344,-1.315034803,0
3.0346,-1.238798671,0
3.0348,-1.33530287,0
3.035,-1.256570494,0
3.0352,-1.19766443,0
3.0354,-1.172931949,0
3.0356,-1.133872787,0
3.0358,-1.048535059,0
3.036,-1.09372786,0
3.0362,-0.9879287005,0
3.0364,-0.7977154716,0
3.0366,-0.7396477025,0
3.0368,-0.6934199538,0
3.037,-0.6991419205,0
3.0372,-0.5127987792,0
3.0374,-0.5118747289,0
3.0376,-0.3231611659,0
3.0378,-0.2485388364,0
3.038,-0.1871321771,0
3.0382,0.0212633686,0
3.0384,0.07119567511,1
3.0386,0.1803122804,1
3.0388,0.2634507138,1
3.039,0.3184200399,1
3.0392,0.420441216,1
3.0394,0.5610856621,1
3.0396,0.6688167139,1
3.0398,0.7788736444,1
3.04,0.8496214455,1
3.0402,0.8817412624,1
3.0404,0.8913628601,1
3.0406,1.032997498,1
3.0408,1.063355793,0
3.041,1.114485339,0
3.0412,1.201721831,0
3.0414,1.232624014,0
3.0416,1.298034839,0
3.0418,1.277088734,0
3.042,1.321963015,0
3.0422,1.376743419,0
3.0424,1.375894661,0
3.0426,1.288293327,0
3.0428,1.294700344,0
3.043,1.240542986,0
3.0432,1.264260128,0
3.0434,1.172482395,0
3.0436,1.152243411,0
3.0438,1.206194255,0
3.044,1.198270494,0
3.0442,1.176232727,0
3.0444,1.08423636,0
3.0446,1.057089607,0
3.0448,1.051186694,0
3.045,1.052661438,0
3.0452,0.8898304144,0
3.0454,0.8395281489,0
3.0456,0.841952769,0
3.0458,0.7351006371,0
3.046,0.7754317789,0
3.0462,0.7546750408,0
3.0464,0.698425231,0
3.0466,0.6577998772,0
3.0468,0.6285765079,0
3.047,0.6230173217,0
3.0472,0.6120181201,0
3.0474,0.5535497009,0
3.0476,0.543976423,0
3.0478,0.5361284499,0
3.048,0.5507570307,0
3.0482,0.4808381505,0
3.0484,0.4764858879,0
3.0486,0.5619590966,0
3.0488,0.4273272691,0
3.049,0.4044806493,0
3.0492,0.4399026198,0
3.0494,0.4779011274,0
3.0496,0.3887256392,0
3.0498,0.4290235994,0
3.05,0.379855426,0
3.0502,0.3876240574,0
3.0504,0.2764972848,0
3.0506,0.3671801884,0
3.0508,0.3991643828,0
3.051,0.3394167158,0
3.0512,0.2724956729,0
3.0514,0.318640874,0
3.0516,0.2265231769,0
3.0518,0.2127039208,0
3.052,0.2231078032,0
3.0522,0.2033632334,0
3.0524,0.1522411552,0
3.0526,0.193538783,0
3.0528,0.1174591704,0
3.053,0.01469536994,0
3.0532,0.1143245337,0
3.0534,0.0481477565,0
3.0536,-0.03572008105,0
3.0538,-0.1007786145,0
3.054,-0.05011345882,0
3.0542,-0.05826965243,0
3.0544,-0.06356386849,0
3.0546,-0.1151645325,0
3.0548,-0.2099364929,0
3.055,-0.2413710388,0
3.0552,-0.2055412355,0
3.0554,-0.1980060255,0
3.0556,-0.2732372007,0
3.0558,-0.2660280954,0
3.056,-0.2268010834,0
3.0562,-0.3536433858,0
3.0564,-0.3425243491,0
3.0566,-0.2568054233,0
3.0568,-0.348577302,0
3.057,-0.367243691,0
3.0572,-0.4007302379,0
3.0574,-0.4463130073,0
3.0576,-0.4753495303,0
3.0578,-0.4678984374,0
3.058,-0.4238026519,0
3.0582,-0.4167445547,0
3.0584,-0.4924854014,0
3.0586,-0.4687830407,0
3.0588,-0.4876279215,0
3.059,-0.5459580297,0
3.0592,-0.5440851832,0
3.0594,-0.5124909691,0
3.0596,-0.5747743341,0
3.0598,-0.6259021061,0
3.06,-0.5950542314,0
3.0602,-0.6616462257,0
3.0604,-0.6990080096,0
3.0606,-0.7141140828,0
3.0608,-0.7325698837,0
3.061,-0.82284168,0
3.0612,-0.7616711592,0
3.0614,-0.859338484,0
3.0616,-0.923890507,0
3.0618,-0.9236442245,0
3.062,-0.8909509637,0
3.0622,-1.036471044,0
3.0624,-1.032238343,0
3.0626,-1.074723948,0
3.0628,-1.162072877,0
3.063,-1.183091679,0
3.0632,-1.200987407,0
3.0634,-1.249637514,0
3.0636,-1.274993076,0
3.0638,-1.249542954,0
3.064,-1.248304549,0
3.0642,-1.365843342,0
3.0644,-1.319988966,0
3.0646,-1.234608782,0
3.0648,-1.323871657,0
3.065,-1.296011227,0
3.0652,-1.289716338,0
3.0654,-1.207110627,0
3.0656,-1.172107167,0
3.0658,-1.155395101,0
3.066,-1.093113586,0
3.0662,-1.030163142,0
3.0664,-1.001314019,0
3.0666,-0.9573596163,0
3.0668,-0.9209739712,0
3.067,-0.8502043985,0
3.0672,-0.7791254225,0
3.0674,-0.6203791943,0
3.0676,-0.5612411936,0
3.0678,-0.4347394202,0
3.068,-0.3371271543,0
3.0682,-0.1532866458,0
3.0684,-0.1560542916,0
3.0686,-0.0730261242,0
3.0688,0.07514011711,1
3.069,0.1506322605,1
3.0692,0.2711198866,1
3.0694,0.3373725149,1
3.0696,0.5211077129,1
3.0698,0.5741509576,1
3.07,0.6601734122,1
3.0702,0.7447649796,1
3.0704,0.7997361781,1
3.0706,0.8475760849,1
3.0708,0.9278668831,1
3.071,1.013534881,1
3.0712,1.130608309,0
3.0714,1.179785267,0
3.0716,1.126070607,0
3.0718,1.269760449,0
3.072,1.336202213,0
3.0722,1.261611334,0
3.0724,1.309965416,0
3.0726,1.329143597,0
3.0728,1.335360639,0
3.073,1.275894011,0
3.0732,1.290991671,0
3.0734,1.297308774,0
3.0736,1.251743215,0
3.0738,1.221167448,0
3.074,1.233447468,0
3.0742,1.234944409,0
3.0744,1.056096912,0
3.0746,1.098939462,0
3.0748,1.08065023,0
3.075,1.064379365,0
3.0752,0.9858137675,0
3.0754,0.914750379,0
3.0756,0.9548739059,0
3.0758,0.8947603132,0
3.076,0.8492523924,0
3.0762,0.8190622379,0
3.0764,0.7621474604,0
3.0766,0.800126319,0
3.0768,0.7162630971,0
3.077,0.6182473234,0
3.0772,0.6728906622,0
3.0774,0.56875505,0
3.0776,0.5857863468,0
3.0778,0.5645567791,0
3.078,0.4822470496,0
3.0782,0.4797494391,0
3.0784,0.5426263308,0
3.0786,0.4833356279,0
3.0788,0.534201695,0
3.079,0.3871932858,0
3.0792,0.4799256699,0
3.0794,0.4243011473,0
3.0796,0.4518897655,0
3.0798,0.4119648017,0
3.08,0.3593486746,0
3.0802,0.3430966935,0
3.0804,0.4193997815,0
3.0806,0.2954090643,0
3.0808,0.2890220232,0
3.081,0.3773129136,0
3.0812,0.3701599369,0
3.0814,0.2925803164,0
3.0816,0.2211720623,0
3.0818,0.322131312,0
3.082,0.1843911409,0
3.0822,0.2450741238,0
3.0824,0.2474367502,0
3.0826,0.1091103226,0
3.0828,0.09184787935,0
3.083,0.08270432813,0
3.0832,0.06363453674,0
3.0834,0.1199343204,0
3.0836,0.01150634131,0
3.0838,0.02276332841,0
3.084,0.04904313212,0
3.0842,-0.1221068075,0
3.0844,-0.1429808763,0
3.0846,-0.1455830439,0
3.0848,-0.1666664767,0
3.085,-0.1519177636,0
3.0852,-0.2324456657,0
3.0854,-0.2029231871,0
3.0856,-0.2176347609,0
3.0858,-0.2824596229,0
3.086,-0.2845841626,0
3.0862,-0.3096633839,0
3.0864,-0.3725106596,0
3.0866,-0.2956332419,0
3.0868,-0.291165556,0
3.087,-0.3220844524,0
3.0872,-0.3972763849,0
3.0874,-0.4147889291,0
3.0876,-0.3979599704,0
3.0878,-0.4513678705,0
3.088,-0.4332138885,0
3.0882,-0.4629737799,0
3.0884,-0.4470486011,0
3.0886,-0.5076012741,0
3.0888,-0.4446228033,0
3.089,-0.5002521565,0
3.0892,-0.5450772332,0
3.0894,-0.4819800719,0
3.0896,-0.552553819,0
3.0898,-0.5848414689,0
3.09,-0.6166840074,0
3.0902,-0.5934940009,0
3.0904,-0.6889221685,0
3.0906,-0.6388452031,0
3.0908,-0.6563136709,0
3.091,-0.7050242519,0
3.0912,-0.777131811,0
3.0914,-0.8519225199,0
3.0916,-0.8265716395,0
3.0918,-0.898947884,0
3.092,-0.9738717658,0
3.0922,-0.9182256186,0
3.0924,-1.032873826,0
3.0926,-1.04977414,0
3.0928,-1.08405985,0
3.093,-1.049282572,0
3.0932,-1.166760381,0
3.0934,-1.254293751,0
3.0936,-1.248134841,0
3.0938,-1.275463539,0
3.094,-1.349167931,0
3.0942,-1.248547601,0
3.0944,-1.203065709,0
3.0946,-1.271630286,0
3.0948,-1.339427799,0
3.095,-1.275523457,0
3.0952,-1.3421358,0
3.0954,-1.224529185,0
3.0956,-1.280476158,0
3.0958,-1.247572345,0
3.096,-1.153864856,0
3.0962,-1.11740441,0
3.0964,-1.054102493,0
3.0966,-0.9901737676,0
3.0968,-0.9056151247,0
3.097,-0.8840765297,0
3.0972,-0.847981099,0
3.0974,-0.7827075912,0
3.0976,-0.6224425556,0
3.0978,-0.4578119521,0
3.098,-0.4049772952,0
3.0982,-0.3393002692,0
3.0984,-0.2099155975,0
3.0986,-0.09409583972,0
3.0988,-0.07109997942,0
3.099,0.1114675916,1
3.0992,0.1946326728,1
3.0994,0.2500375197,1
3.0996,0.3517128523,1
3.0998,0.4474454878,1
3.1,0.5902223967,1
3.1002,0.7631247899,1
3.1004,0.6940578609,1
3.1006,0.809905853,1
3.1008,0.8434709148,1
3.101,0.9559192411,1
3.1012,0.9773476869,1
3.1014,1.126903837,0
3.1016,1.146614647,0
3.1018,1.166224116,0
3.102,1.219275064,0
3.1022,1.29865441,0
3.1024,1.298959097,0
3.1026,1.257984483,0
3.1028,1.29785455,0
3.103,1.227218432,0
3.1032,1.289190562,0
3.1034,1.230852055,0
3.1036,1.25099298,0
3.1038,1.289670421,0
3.104,1.218504203,0
3.1042,1.179571209,0
3.1044,1.17912477,0
3.1046,1.140118496,0
3.1048,1.104434965,0
3.105,1.017816094,0
3.1052,1.08281931,0
3.1054,1.019049928,0
3.1056,0.9630447368,0
3.1058,0.8984529397,0
3.106,0.8173263142,0
3.1062,0.9021669109,0
3.1064,0.8086217153,0
3.1066,0.6736657556,0
3.1068,0.7385967829,0
3.107,0.641278623,0
3.1072,0.6702501789,0
3.1074,0.5299538972,0
3.1076,0.5815415958,0
3.1078,0.5329023112,0
3.108,0.5783885479,0
3.1082,0.5643619868,0
3.1084,0.4956902645,0
3.1086,0.5471781771,0
3.1088,0.5041132699,0
3.109,0.5194568955,0
3.1092,0.4026478953,0
3.1094,0.4202246394,0
3.1096,0.3575811879,0
3.1098,0.3985179048,0
3.11,0.4253858741,0
3.1102,0.4097486465,0
3.1104,0.4225476234,0
3.1106,0.4098948048,0
3.1108,0.3312935655,0
3.111,0.3565414281,0
3.1112,0.3410671509,0
3.1114,0.3695474125,0
3.1116,0.2769978346,0
3.1118,0.2307079686,0
3.112,0.2365213956,0
3.1122,0.1942417816,0
3.1124,0.2061741271,0
3.1126,0.1904027227,0
3.1128,0.2535280174,0
3.113,0.1199152456,0
3.1132,0.1117515149,0
3.1134,-0.007240121386,0
3.1136,0.07122039475,0
3.1138,0.0008427068014,0
3.114,-0.04176006731,0
3.1142,-0.1108992828,0
3.1144,-0.06030595838,0
3.1146,-0.1754683532,0
3.1148,-0.1338044804,0
3.115,-0.1455487048,0
3.1152,-0.2133024462,0
3.1154,-0.138321163,0
3.1156,-0.2217408916,0
3.1158,-0.3077288151,0
3.116,-0.2105491008,0
3.1162,-0.1970349068,0
3.1164,-0.3718321911,0
3.1166,-0.3304872518,0
3.1168,-0.3278560547,0
3.117,-0.356647819,0
3.1172,-0.330151374,0
3.1174,-0.3749341397,0
3.1176,-0.3839125819,0
3.1178,-0.3753057484,0
3.118,-0.4732460571,0
3.1182,-0.437535042,0
3.1184,-0.5350304407,0
3.1186,-0.4960039527,0
3.1188,-0.5137030473,0
3.119,-0.5051106303,0
3.1192,-0.4757683308,0
3.1194,-0.5416118421,0
3.1196,-0.5213787645,0
3.1198,-0.5827694058,0
3.12,-0.6688167425,0
3.1202,-0.6513671468,0
3.1204,-0.6684481214,0
3.1206,-0.6825294168,0
3.1208,-0.6694999322,0
3.121,-0.7326129074,0
3.1212,-0.7563678285,0
3.1214,-0.8620908366,0
3.1216,-0.8113882485,0
3.1218,-0.8173056758,0
3.122,-0.9314494333,0
3.1222,-0.9325153298,0
3.1224,-1.005854587,0
3.1226,-1.052499724,0
3.1228,-1.088761642,0
3.123,-1.099113803,0
3.1232,-1.204070011,0
3.1234,-1.178295186,0
3.1236,-1.244492645,0
3.1238,-1.203060174,0
3.124,-1.294972172,0
3.1242,-1.294504394,0
3.1244,-1.340270367,0
3.1246,-1.290376816,0
3.1248,-1.258890033,0
3.125,-1.401967502,0
3.1252,-1.279887896,0
3.1254,-1.28547024,0
3.1256,-1.248419448,0
3.1258,-1.236555412,0
3.126,-1.212146008,0
3.1262,-1.085067023,0
3.1264,-1.078919599,0
3.1266,-1.062274847,0
3.1268,-0.9845157847,0
3.127,-0.9364942844,0
3.1272,-0.7641147876,0
3.1274,-0.6986449577,0
3.1276,-0.7041804587,0
3.1278,-0.5727015496,0
3.128,-0.4453469118,0
3.1282,-0.3350763938,0
3.1284,-0.2454883471,0
3.1286,-0.1673541821,0
3.1288,-0.02618988124,0
3.129,0.07349217166,1
3.1292,0.1511813104,1
3.1294,0.303911363,1
3.1296,0.3474309696,1
3.1298,0.4222763859,1
3.13,0.5407986758,1
3.1302,0.7391573495,1
3.1304,0.7306308467,1
3.1306,0.8276073496,1
3.1308,0.8746115437,1
3.131,0.9924007508,1
3.1312,0.9961280163,1
3.1314,1.050994872,0
3.1316,1.119413999,0
3.1318,1.118933393,0
3.132,1.175919309,0
3.1322,1.302149958,0
3.1324,1.298853499,0
3.1326,1.316068044,0
3.1328,1.286023913,0
3.133,1.318372696,0
3.1332,1.242884472,0
3.1334,1.300255653,0
3.1336,1.28245264,0
3.1338,1.214279049,0
3.134,1.206357336,0
3.1342,1.174395455,0
3.1344,1.22590562,0
3.1346,1.102363186,0
3.1348,1.056303449,0
3.135,1.110181908,0
3.1352,1.049762835,0
3.1354,0.9410913303,0
3.1356,0.9711161568,0
3.1358,0.9225920646,0
3.136,0.8986314966,0
3.1362,0.794696625,0
3.1364,0.7967247843,0
3.1366,0.7308823905,0
3.1368,0.7818037669,0
3.137,0.6220211706,0
3.1372,0.6073913788,0
3.1374,0.6129722372,0
3.1376,0.5654125606,0
3.1378,0.5541163933,0
3.138,0.5869902913,0
3.1382,0.527177967,0
3.1384,0.5184584341,0
3.1386,0.5639256454,0
3.1388,0.4294456234,0
3.139,0.5467325878,0
3.1392,0.4022785539,0
3.1394,0.4141907578,0
3.1396,0.4473064297,0
3.1398,0.4566576705,0
3.14,0.4021463129,0
3.1402,0.4681562228,0
3.1404,0.2577683545,0
3.1406,0.3864263028,0
3.1408,0.3889391867,0
3.141,0.4127104989,0
3.1412,0.3613464949,0
3.1414,0.3310764905,0
3.1416,0.3375564121,0
3.1418,0.2320187359,0
3.142,0.2041771304,0
3.1422,0.217438485,0
3.1424,0.1808665859,0
3.1426,0.08858047122,0
3.1428,0.1357931586,0
3.143,0.1335182873,0
3.1432,0.1235629105,0
3.1434,0.09191308827,0
3.1436,0.01862772897,0
3.1438,-0.009512388186,0
3.144,-0.06686228968,0
3.1442,-0.0592196896,0
3.1444,-0.1818991205,0
3.1446,-0.08548080026,0
3.1448,-0.1652006692,0
3.145,-0.1641900509,0
3.1452,-0.1846547293,0
3.1454,-0.1912856779,0
3.1456,-0.2342201588,0
3.1458,-0.186131808,0
3.146,-0.3271058379,0
3.1462,-0.341044525,0
3.1464,-0.3343038272,0
3.1466,-0.3415322358,0
3.1468,-0.3655533346,0
3.147,-0.3663347285,0
3.1472,-0.4186705647,0
3.1474,-0.2847621702,0
3.1476,-0.3690920864,0
3.1478,-0.4488849394,0
3.148,-0.4371199567,0
3.1482,-0.4390859434,0
3.1484,-0.4934692514,0
3.1486,-0.441536508,0
3.1488,-0.5487927603,0
3.149,-0.4584088058,0
3.1492,-0.5173357529,0
3.1494,-0.5461451735,0
3.1496,-0.5053146728,0
3.1498,-0.6239784486,0
3.15,-0.5616003554,0
3.1502,-0.639108074,0
3.1504,-0.6245406521,0
3.1506,-0.6819322524,0
3.1508,-0.7100693539,0
3.151,-0.7516113931,0
3.1512,-0.7496858539,0
3.1514,-0.8728606306,0
3.1516,-0.8871544166,0
3.1518,-0.8819822864,0
3.152,-0.9390027008,0
3.1522,-0.996540616,0
3.1524,-1.064585698,0
3.1526,-1.091914473,0
3.1528,-1.179032595,0
3.153,-1.148974427,0
3.1532,-1.149701975,0
3.1534,-1.221598006,0
3.1536,-1.228767046,0
3.1538,-1.262591978,0
3.154,-1.268521862,0
3.1542,-1.267919791,0
3.1544,-1.359540177,0
3.1546,-1.34352304,0
3.1548,-1.27898116,0
3.155,-1.340669412,0
3.1552,-1.238395387,0
3.1554,-1.288332771,0
3.1556,-1.192920679,0
3.1558,-1.148754883,0
3.156,-1.158683206,0
3.1562,-1.083955249,0
3.1564,-1.096831061,0
3.1566,-0.9092735829,0
3.1568,-0.9036164007,0
3.157,-0.851817133,0
3.1572,-0.6618216851,0
3.1574,-0.6467563765,0
3.1576,-0.4973753469,0
3.1578,-0.4424732842,0
3.158,-0.3343737005,0
3.1582,-0.2282822162,0
3.1584,-0.2163685215,0
3.1586,-0.03004997687,0
3.1588,0.1185804814,1
3.159,0.1223714117,1
3.1592,0.2987400389,1
3.1594,0.3975689319,1
3.1596,0.4400868238,1
3.1598,0.5234191174,1
3.16,0.7017614896,1
3.1602,0.76350141,1
3.1604,0.8968436907,1
3.1606,0.9158210118,1
3.1608,0.9932170887,1
3.161,1.0720268,1
3.1612,1.151524419,0
3.1614,1.186540322,0
3.1616,1.276543801,0
3.1618,1.271201603,0
3.162,1.316736499,0
3.1622,1.306439526,0
3.1624,1.285883745,0
3.1626,1.309251526,0
3.1628,1.348307928,0
3.163,1.217408391,0
3.1632,1.35262003,0
3.1634,1.232138205,0
3.1636,1.254969184,0
3.1638,1.150947212,0
3.164,1.213975329,0
3.1642,1.195813424,0
3.1644,1.128540417,0
3.1646,1.063285536,0
3.1648,1.050159259,0
3.165,0.9919875589,0
3.1652,0.9598438708,0
3.1654,0.9530032752,0
3.1656,0.8986094084,0
3.1658,0.9035262616,0
3.166,0.8142481678,0
3.1662,0.7760218464,0
3.1664,0.7052687209,0
3.1666,0.6918744059,0
3.1668,0.6843408644,0
3.167,0.5734971243,0
3.1672,0.6545706096,0
3.1674,0.5709513277,0
3.1676,0.6059526283,0
3.1678,0.5602073329,0
3.168,0.5671292873,0
3.1682,0.4650448339,0
3.1684,0.5166086428,0
3.1686,0.4727573456,0
3.1688,0.3733249583,0
3.169,0.3888066858,0
3.1692,0.4435893842,0
3.1694,0.391236986,0
3.1696,0.4031374245,0
3.1698,0.3168337862,0
3.17,0.4304801474,0
3.1702,0.3885742569,0
3.1704,0.3932927709,0
3.1706,0.3192587967,0
3.1708,0.3235237961,0
3.171,0.3095685125,0
3.1712,0.3214681285,0
3.1714,0.2839687816,0
3.1716,0.2142238912,0
3.1718,0.3494270985,0
3.172,0.246544073,0
3.1722,0.2511574424,0
3.1724,0.1590259974,0
3.1726,0.1385177404,0
3.1728,0.059101417,0
3.173,0.01906390832,0
3.1732,0.03472338995,0
3.1734,-0.03653613637,0
3.1736,0.03618983778,0
3.1738,-0.02169507893,0
3.174,-0.07567706853,0
3.1742,-0.06068205652,0
3.1744,-0.1416070214,0
3.1746,-0.2336906621,0
3.1748,-0.1494921395,0
3.175,-0.1554028252,0
3.1752,-0.2406222727,0
3.1754,-0.2781450998,0
3.1756,-0.3227092637,0
3.1758,-0.2250010902,0
3.176,-0.3584047669,0
3.1762,-0.2812990995,0
3.1764,-0.406752523,0
3.1766,-0.4023916476,0
3.1768,-0.3937667226,0
3.177,-0.3623704504,0
3.1772,-0.3591719995,0
3.1774,-0.3936432277,0
3.1776,-0.4742778637,0
3.1778,-0.4977188243,0
3.178,-0.4288011585,0
3.1782,-0.4218787288,0
3.1784,-0.4931762942,0
3.1786,-0.5343556459,0
3.1788,-0.5028130274,0
3.179,-0.6011349482,0
3.1792,-0.6056900131,0
3.1794,-0.614256688,0
3.1796,-0.6681148354,0
3.1798,-0.6691155179,0
3.18,-0.6425572278,0
3.1802,-0.6555707461,0
3.1804,-0.7124656817,0
3.1806,-0.7789404043,0
3.1808,-0.7829871194,0
3.181,-0.86839648,0
3.1812,-0.8706019471,0
3.1814,-0.8899358721,0
3.1816,-0.9042404964,0
3.1818,-0.9870398339,0
3.182,-1.068089903,0
3.1822,-1.047953297,0
3.1824,-1.108065174,0
3.1826,-1.114918259,0
3.1828,-1.200449955,0
3.183,-1.263013851,0
3.1832,-1.261129145,0
3.1834,-1.266865552,0
3.1836,-1.287236564,0
3.1838,-1.372703099,0
3.184,-1.256602241,0
3.1842,-1.325446805,0
3.1844,-1.326659958,0
3.1846,-1.33796777,0
3.1848,-1.308353881,0
3.185,-1.216198608,0
3.1852,-1.124207601,0
3.1854,-1.203329096,0
3.1856,-1.082925422,0
3.1858,-1.109522334,0
3.186,-0.9973607115,0
3.1862,-0.9580416895,0
3.1864,-0.8062481005,0
3.1866,-0.8439439079,0
3.1868,-0.7904465095,0
3.187,-0.6100825769,0
3.1872,-0.4867338141,0
3.1874,-0.4296971337,0
3.1876,-0.3631649679,0
3.1878,-0.2250094379,0
3.188,-0.09216784897,0
3.1882,-0.05273511422,0
3.1884,0.1131626571,1
3.1886,0.2155620639,1
3.1888,0.3743873384,1
3.189,0.4211873971,1
3.1892,0.5644299996,1
3.1894,0.5617834173,1
3.1896,0.7047288587,1
3.1898,0.8220843749,1
3.19,0.8747855701,1
3.1902,0.9967249998,1
3.1904,1.088302876,1
3.1906,1.041029932,1
3.1908,1.16801304,0
3.191,1.139170387,0
3.1912,1.214995698,0
3.1914,1.277755279,0
3.1916,1.311081076,0
3.1918,1.308171741,0
3.192,1.32194817,0
3.1922,1.266746353,0
3.1924,1.283845247,0
3.1926,1.33058781,0
3.1928,1.296749122,0
3.193,1.271501616,0
3.1932,1.190236859,0
3.1934,1.25277581,0
3.1936,1.13395923,0
3.1938,1.224652971,0
3.194,1.203746768,0
3.1942,1.045739342,0
3.1944,1.034688626,0
3.1946,1.014662426,0
3.1948,0.8983704148,0
3.195,0.9566573697,0
3.1952,0.793892886,0
3.1954,0.8377929184,0
3.1956,0.7789809171,0
3.1958,0.7894058588,0
3.196,0.6863940398,0
3.1962,0.6763113333,0
3.1964,0.7479028431,0
3.1966,0.6215161575,0
3.1968,0.6231327987,0
3.197,0.5262859302,0
3.1972,0.5329878027,0
3.1974,0.5083829579,0
3.1976,0.4933424529,0
3.1978,0.512722634,0
3.198,0.4800557028,0
3.1982,0.4677480257,0
3.1984,0.4961809639,0
3.1986,0.4605553853,0
3.1988,0.4346480206,0
3.199,0.4236328883,0
3.1992,0.4529924744,0
3.1994,0.3723327888,0
3.1996,0.346842694,0
3.1998,0.3936487473,0
3.2,0.3923616342,0
3.2002,0.3630759496,0
3.2004,0.3366859606,0
3.2006,0.322800499,0
3.2008,0.3390887535,0
3.201,0.2197447388,0
3.2012,0.2090939667,0
3.2014,0.2195384036,0
3.2016,0.2114124275,0
3.2018,0.2122671126,0
3.202,0.1397799246,0
3.2022,0.1139939464,0
3.2024,0.07591962107,0
3.2026,0.08260822734,0
3.2028,0.05579588699,0
3.203,0.02251261677,0
3.2032,0.005996782439,0
3.2034,-0.01166298916,0
3.2036,-0.1033189704,0
3.2038,-0.07995960321,0
3.204,-0.2311655127,0
3.2042,-0.1978839321,0
3.2044,-0.1894841779,0
3.2046,-0.1749230986,0
3.2048,-0.2409554188,0
3.205,-0.2493402388,0
3.2052,-0.3059554776,0
3.2054,-0.2527665134,0
3.2056,-0.3533276346,0
3.2058,-0.380427252,0
3.206,-0.387864811,0
3.2062,-0.4201229743,0
3.2064,-0.3416022756,0
3.2066,-0.329009735,0
3.2068,-0.3707330479,0
3.207,-0.4211334079,0
3.2072,-0.4672104731,0
3.2074,-0.4261998747,0
3.2076,-0.4327696823,0
3.2078,-0.5512664481,0
3.208,-0.4488752105,0
3.2082,-0.5293069029,0
3.2084,-0.5443327569,0
3.2086,-0.5883128682,0
3.2088,-0.5149191157,0
3.209,-0.5480452182,0
3.2092,-0.6272791107,0
3.2094,-0.6642577041,0
3.2096,-0.6060937892,0
3.2098,-0.7651523569,0
3.21,-0.7561954455,0
3.2102,-0.8420539153,0
3.2104,-0.7829272133,0
3.2106,-0.9310954946,0
3.2108,-0.8863027144,0
3.211,-0.9026460903,0
3.2112,-1.068049841,0
3.2114,-1.018636464,0
3.2116,-1.051237566,0
3.2118,-1.082772092,0
3.212,-1.142669847,0
3.2122,-1.155994364,0
3.2124,-1.246182758,0
3.2126,-1.16801605,0
3.2128,-1.254939638,0
3.213,-1.293187337,0
3.2132,-1.31226676,0
3.2134,-1.292114236,0
3.2136,-1.309945162,0
3.2138,-1.249212734,0
3.214,-1.31868677,0
3.2142,-1.29139596,0
3.2144,-1.216587851,0
3.2146,-1.202263357,0
3.2148,-1.14490915,0
3.215,-1.113884728,0
3.2152,-1.107680327,0
3.2154,-1.079258311,0
3.2156,-0.9210563702,0
3.2158,-0.8611410755,0
3.216,-0.7597275407,0
3.2162,-0.7364120681,0
3.2164,-0.5896220757,0
3.2166,-0.5090514888,0
3.2168,-0.4392872499,0
3.217,-0.3082018053,0
3.2172,-0.2824206924,0
3.2174,-0.02845812804,0
3.2176,-0.0484064131,0
3.2178,0.06152599784,1
3.218,0.2699185104,1
3.2182,0.3212838418,1
3.2184,0.4564074248,1
3.2186,0.4978392923,1
3.2188,0.5884971159,1
3.219,0.7534487941,1
3.2192,0.7884627403,1
3.2194,0.8913887548,1
3.2196,0.9504367074,1
3.2198,1.119353893,1
3.22,1.107158774,1
3.2202,1.21589179,0
3.2204,1.221371736,0
3.2206,1.18342945,0
3.2208,1.275948505,0
3.221,1.304322359,0
3.2212,1.370961186,0
3.2214,1.35519398,0
3.2216,1.337225609,0
3.2218,1.284610875,0
3.222,1.30780568,0
3.2222,1.330727294,0
3.2224,1.255210529,0
3.2226,1.232293564,0
3.2228,1.18272473,0
3.223,1.153421,0
3.2232,1.150650851,0
3.2234,1.102492831,0
3.2236,1.075446392,0
3.2238,1.046941005,0
3.224,0.9708717137,0
3.2242,0.8976234105,0
3.2244,0.8977458315,0
3.2246,0.8876157981,0
3.2248,0.7976060348,0
3.225,0.8056906018,0
3.2252,0.6843180141,0
3.2254,0.7248176794,0
3.2256,0.6375865415,0
3.2258,0.6406800605,0
3.226,0.6127351994,0
3.2262,0.6500275988,0
3.2264,0.5391035543,0
3.2266,0.5778336812,0
3.2268,0.5339683157,0
3.227,0.5367537955,0
3.2272,0.4817006432,0
3.2274,0.519917371,0
3.2276,0.4038656822,0
3.2278,0.4699276751,0
3.228,0.4496411902,0
3.2282,0.4258727039,0
3.2284,0.4589599982,0
3.2286,0.3785816886,0
3.2288,0.4318124172,0
3.229,0.3822804966,0
3.2292,0.32171214,0
3.2294,0.3566421296,0
3.2296,0.3723073116,0
3.2298,0.37289218,0
3.23,0.3478707216,0
3.2302,0.2925813841,0
3.2304,0.2288022185,0
3.2306,0.2256224509,0
3.2308,0.1385234788,0
3.231,0.2416375627,0
3.2312,0.2146289649,0
3.2314,0.1618582979,0
3.2316,0.08707668352,0
3.2318,0.1011071124,0
3.232,-0.01636272281,0
3.2322,0.0567692921,0
3.2324,-0.01807567192,0
3.2326,-0.03322808528,0
3.2328,-0.1321495189,0
3.233,-0.08484428024,0
3.2332,-0.2040978764,0
3.2334,-0.2173535035,0
3.2336,-0.15739209,0
3.2338,-0.1989209255,0
3.234,-0.3049600868,0
3.2342,-0.267064984,0
3.2344,-0.3278525123,0
3.2346,-0.3142982023,0
3.2348,-0.3081501666,0
3.235,-0.2790698794,0
3.2352,-0.3745534675,0
3.2354,-0.3983211062,0
3.2356,-0.3574169803,0
3.2358,-0.3937346978,0
3.236,-0.3771149237,0
3.2362,-0.4647623137,0
3.2364,-0.4305053625,0
3.2366,-0.3908950881,0
3.2368,-0.480800648,0
3.237,-0.5273625779,0
3.2372,-0.4448596291,0
3.2374,-0.5230200776,0
3.2376,-0.4798443461,0
3.2378,-0.5772407932,0
3.238,-0.5876855365,0
3.2382,-0.5476270063,0
3.2384,-0.6266334599,0
3.2386,-0.7085966026,0
3.2388,-0.7399032852,0
3.239,-0.722727335,0
3.2392,-0.7809840633,0
3.2394,-0.8009770868,0
3.2396,-0.800196105,0
3.2398,-0.8215870293,0
3.24,-0.8630318781,0
3.2402,-0.9744158125,0
3.2404,-0.9945674694,0
3.2406,-1.038622695,0
3.2408,-1.085473073,0
3.241,-1.169591079,0
3.2412,-1.153514834,0
3.2414,-1.112912242,0
3.2416,-1.253754683,0
3.2418,-1.276179946,0
3.242,-1.260234906,0
3.2422,-1.284109555,0
3.2424,-1.360362819,0
3.2426,-1.264189572,0
3.2428,-1.265955158,0
3.243,-1.309095409,0
3.2432,-1.253983794,0
3.2434,-1.322257901,0
3.2436,-1.23251701,0
3.2438,-1.314827008,0
3.244,-1.207455321,0
3.2442,-1.170078633,0
3.2444,-1.130989099,0
3.2446,-1.015269241,0
3.2448,-0.9595218168,0
3.245,-0.8195045856,0
3.2452,-0.7831969417,0
3.2454,-0.8017650039,0
3.2456,-0.6413506379,0
3.2458,-0.5708492537,0
3.246,-0.4424523319,0
3.2462,-0.2875115151,0
3.2464,-0.2105563074,0
3.2466,-0.110047377,0
3.2468,0.006237460112,0
3.247,0.1047337407,1
3.2472,0.2190345461,1
3.2474,0.3255866682,1
3.2476,0.3883284247,1
3.2478,0.4939068817,1
3.248,0.5725806132,1
3.2482,0.7044768564,1
3.2484,0.7826159219,1
3.2486,0.8933779784,1
3.2488,0.9689545699,1
3.249,1.082910528,1
3.2492,1.080253643,1
3.2494,1.111534736,0
3.2496,1.072786699,0
3.2498,1.256866287,0
3.25,1.219139132,0
3.2502,1.300798652,0
3.2504,1.337059472,0
3.2506,1.276262382,0
3.2508,1.34456668,0
3.251,1.221780258,0
3.2512,1.328739874,0
3.2514,1.282641814,0
3.2516,1.220444599,0
3.2518,1.273519558,0
3.252,1.244083031,0
3.2522,1.239089238,0
3.2524,1.111862692,0
3.2526,1.158581767,0
3.2528,0.9932051031,0
3.253,1.034628181,0
3.2532,0.9843605179,0
3.2534,0.9189051851,0
3.2536,0.9304453196,0
3.2538,0.8962963867,0
3.254,0.7658174107,0
3.2542,0.7892171134,0
3.2544,0.7181012463,0
3.2546,0.7383789032,0
3.2548,0.6568178465,0
3.255,0.6986906786,0
3.2552,0.5652574213,0
3.2554,0.6442956658,0
3.2556,0.6220174391,0
3.2558,0.544391438,0
3.256,0.5285023433,0
3.2562,0.444229365,0
3.2564,0.5061843903,0
3.2566,0.4643562155,0
3.2568,0.4345315045,0
3.257,0.4599002285,0
3.2572,0.467120544,0
3.2574,0.4088093713,0
3.2576,0.4321177322,0
3.2578,0.3899472944,0
3.258,0.4315287481,0
3.2582,0.3226865507,0
3.2584,0.3564132977,0
3.2586,0.2592107203,0
3.2588,0.344506354,0
3.259,0.3226211401,0
3.2592,0.3453377057,0
3.2594,0.2338466974,0
3.2596,0.2226789003,0
3.2598,0.1836085609,0
3.26,0.2449039777,0
3.2602,0.2514626536,0
3.2604,0.1132423356,0
3.2606,0.10787351,0
3.2608,0.07360089546,0
3.261,0.02857872955,0
3.2612,0.05635380702,0
3.2614,0.008427350699,0
3.2616,-0.03192622845,0
3.2618,-0.02997559872,0
3.262,-0.06401408143,0
3.2622,-0.1784587056,0
3.2624,-0.1026336365,0
3.2626,-0.2401914915,0
3.2628,-0.1659033564,0
3.263,-0.2487177779,0
3.2632,-0.2230237225,0
3.2634,-0.3105143209,0
3.2636,-0.2660554429,0
3.2638,-0.2717402723,0
3.264,-0.2780416734,0
3.2642,-0.3707416211,0
3.2644,-0.3584603153,0
3.2646,-0.3942315282,0
3.2648,-0.3775004976,0
3.265,-0.3945278516,0
3.2652,-0.4641037011,0
3.2654,-0.3851588584,0
3.2656,-0.4066088995,0
3.2658,-0.4729435578,0
3.266,-0.4690533645,0
3.2662,-0.4963994487,0
3.2664,-0.5373338172,0
3.2666,-0.4948040083,0
3.2668,-0.530307572,0
3.267,-0.5545055732,0
3.2672,-0.5325888891,0
3.2674,-0.5939440344,0
3.2676,-0.5917955158,0
3.2678,-0.668749747,0
3.268,-0.6365069847,0
3.2682,-0.7958594175,0
3.2684,-0.789562726,0
3.2686,-0.771312667,0
3.2688,-0.8290446847,0
3.269,-0.8935670582,0
3.2692,-0.9357752735,0
3.2694,-0.9891951127,0
3.2696,-0.9781355984,0
3.2698,-1.053347081,0
3.27,-1.130601249,0
3.2702,-1.109494481,0
3.2704,-1.132063882,0
3.2706,-1.167860306,0
3.2708,-1.189437745,0
3.271,-1.217437199,0
3.2712,-1.273611222,0
3.2714,-1.3020412,0
3.2716,-1.251888223,0
3.2718,-1.232958898,0
3.272,-1.312778772,0
3.2722,-1.256856469,0
3.2724,-1.25596288,0
3.2726,-1.328540165,0
3.2728,-1.275139706,0
3.273,-1.219129685,0
3.2732,-1.180214391,0
3.2734,-1.020055792,0
3.2736,-1.050674566,0
3.2738,-0.943487912,0
3.274,-0.881888751,0
3.2742,-0.757606916,0
3.2744,-0.7720558131,0
3.2746,-0.5842188141,0
3.2748,-0.5735179674,0
3.275,-0.4679001458,0
3.2752,-0.3274807307,0
3.2754,-0.1815671482,0
3.2756,-0.1390239255,0
3.2758,0.02753588393,0
3.276,0.1019819737,1
3.2762,0.1753178409,1
3.2764,0.2835122529,1
3.2766,0.3997625883,1
3.2768,0.5700902316,1
3.277,0.5248378545,1
3.2772,0.7187292049,1
3.2774,0.7648645612,1
3.2776,0.8396601768,1
3.2778,0.9404166832,1
3.278,1.036879248,1
3.2782,1.000094771,1
3.2784,1.16102228,0
3.2786,1.201665108,0
3.2788,1.281045123,0
3.279,1.184848235,0
3.2792,1.327675208,0
3.2794,1.268420416,0
3.2796,1.253473226,0
3.2798,1.335727972,0
3.28,1.316494577,0
3.2802,1.22612874,0
3.2804,1.188678184,0
3.2806,1.202949993,0
3.2808,1.224574115,0
3.281,1.257504766,0
3.2812,1.201671066,0
3.2814,1.126763121,0
3.2816,1.079360532,0
3.2818,1.072592364,0
3.282,0.9900957275,0
3.2822,0.962214532,0
3.2824,0.9688270039,0
3.2826,0.8666737509,0
3.2828,0.899283242,0
3.283,0.8062107615,0
3.2832,0.8335003883,0
3.2834,0.7629497392,0
3.2836,0.7301656591,0
3.2838,0.6588739097,0
3.284,0.60404247,0
3.2842,0.5776975547,0
3.2844,0.6076578518,0
3.2846,0.5658441899,0
3.2848,0.5718132998,0
3.285,0.5355554812,0
3.2852,0.5079144966,0
3.2854,0.4529551274,0
3.2856,0.4288192711,0
3.2858,0.4503091073,0
3.286,0.4255840786,0
3.2862,0.4519044544,0
3.2864,0.4170522628,0
3.2866,0.3886460213,0
3.2868,0.3241866405,0
3.287,0.3418926333,0
3.2872,0.4510735271,0
3.2874,0.369029162,0
3.2876,0.3368236773,0
3.2878,0.3292759761,0
3.288,0.2815436112,0
3.2882,0.2863338857,0
3.2884,0.2043473709,0
3.2886,0.2483936843,0
3.2888,0.2605138485,0
3.289,0.2010137646,0
3.2892,0.1022195929,0
3.2894,0.1639272416,0
3.2896,0.1186575227,0
3.2898,0.07925145227,0
3.29,0.05530363897,0
3.2902,-0.0320634375,0
3.2904,0.0324676519,0
3.2906,-0.08316582999,0
3.2908,-0.05896444792,0
3.291,-0.08895136675,0
3.2912,-0.180223352,0
3.2914,-0.1571378792,0
3.2916,-0.2483490895,0
3.2918,-0.2755076997,0
3.292,-0.2552759459,0
3.2922,-0.1945568937,0
3.2924,-0.2587664602,0
3.2926,-0.3470432619,0
3.2928,-0.3085870457,0
3.293,-0.2680858903,0
3.2932,-0.4005325471,0
3.2934,-0.3637301222,0
3.2936,-0.3950980443,0
3.2938,-0.3866660919,0
3.294,-0.3956215625,0
3.2942,-0.4286261068,0
3.2944,-0.4345102517,0
3.2946,-0.43013953,0
3.2948,-0.426500948,0
3.295,-0.4353922632,0
3.2952,-0.4735054085,0
3.2954,-0.4811213953,0
3.2956,-0.4611816761,0
3.2958,-0.5124186335,0
3.296,-0.5854314011,0
3.2962,-0.6254218949,0
3.2964,-0.6254531777,0
3.2966,-0.6049646424,0
3.2968,-0.6523225541,0
3.297,-0.7119926908,0
3.2972,-0.7528079875,0
3.2974,-0.7869432136,0
3.2976,-0.8528874067,0
3.2978,-0.9094512239,0
3.298,-0.9275797861,0
3.2982,-1.024021113,0
3.2984,-1.010610666,0
3.2986,-1.049762079,0
3.2988,-1.070990594,0
3.299,-1.111929736,0
3.2992,-1.12889197,0
3.2994,-1.155521687,0
3.2996,-1.251902978,0
3.2998,-1.273274838,0
3.3,-1.26881997,0
3.3002,-1.311031061,0
3.3004,-1.272898984,0
3.3006,-1.26932437,0
3.3008,-1.358215804,0
3.301,-1.271457436,0
3.3012,-1.345834825,0
3.3014,-1.287787033,0
3.3016,-1.223951916,0
3.3018,-1.162208022,0
3.302,-1.115065878,0
3.3022,-1.166130514,0
3.3024,-1.079680572,0
3.3026,-0.9553643566,0
3.3028,-0.9020154535,0
3.303,-0.8122460044,0
3.3032,-0.77194467,0
3.3034,-0.6058682372,0
3.3036,-0.5075618041,0
3.3038,-0.4658531652,0
3.304,-0.311686033,0
3.3042,-0.2556473461,0
3.3044,-0.1833982269,0
3.3046,-0.03767071638,0
3.3048,0.07442946148,1
3.305,0.2038831788,1
3.3052,0.2819366335,1
3.3054,0.3773310812,1
3.3056,0.5173902381,1
3.3058,0.5758054831,1
3.306,0.6777885971,1
3.3062,0.758492063,1
3.3064,0.8321883993,1
3.3066,0.9349244192,1
3.3068,0.9491249626,1
3.307,1.055155956,0
3.3072,1.175166134,0
3.3074,1.158783166,0
3.3076,1.229877167,0
3.3078,1.200546726,0
3.308,1.292924503,0
3.3082,1.330303422,0
3.3084,1.329892101,0
3.3086,1.247823131,0
3.3088,1.267738352,0
3.309,1.316163811,0
3.3092,1.275497307,0
3.3094,1.290311724,0
3.3096,1.204533777,0
3.3098,1.251147652,0
3.31,1.167997902,0
3.3102,1.079323868,0
3.3104,1.133262655,0
3.3106,0.998005852,0
3.3108,1.021708603,0
3.311,0.9202891288,0
3.3112,0.9422604665,0
3.3114,0.874176688,0
3.3116,0.850174551,0
3.3118,0.9033866842,0
3.312,0.7817868164,0
3.3122,0.7090946772,0
3.3124,0.7005512186,0
3.3126,0.6151934399,0
3.3128,0.6082483193,0
3.313,0.6209955509,0
3.3132,0.6153029865,0
3.3134,0.5273491033,0
3.3136,0.6214602843,0
3.3138,0.4923100414,0
3.314,0.520903191,0
3.3142,0.4739864104,0
3.3144,0.4848500728,0
3.3146,0.4484453122,0
3.3148,0.4480492586,0
3.315,0.4436642565,0
3.3152,0.416228212,0
3.3154,0.4128290518,0
3.3156,0.3837301656,0
3.3158,0.3692357052,0
3.316,0.3591116287,0
3.3162,0.3555766132,0
3.3164,0.3385210116,0
3.3166,0.3377919833,0
3.3168,0.2869145319,0
3.317,0.3561391982,0
3.3172,0.2550811095,0
3.3174,0.2236197663,0
3.3176,0.1682628813,0
3.3178,0.1451878756,0
3.318,0.1413980098,0
3.3182,0.1960514913,0
3.3184,0.08343732765,0
3.3186,0.05458053059,0
3.3188,0.08061178911,0
3.319,0.007650190997,0
3.3192,0.03532328311,0
3.3194,-0.112587224,0
3.3196,-0.0573632349,0
3.3198,-0.08762468604,0
3.32,-0.1821012147,0
3.3202,-0.1589707397,0
3.3204,-0.2311132946,0
3.3206,-0.2051651327,0
3.3208,-0.2080668892,0
3.321,-0.2851637562,0
3.3212,-0.3464948177,0
3.3214,-0.4106569826,0
3.3216,-0.3839506439,0
3.3218,-0.353929761,0
3.322,-0.3528043931,0
3.3222,-0.4385090396,0
3.3224,-0.3713233858,0
3.3226,-0.2907563341,0
3.3228,-0.3498587725,0
3.323,-0.3291444916,0
3.3232,-0.3880007552,0
3.3234,-0.3693931107,0
3.3236,-0.4697114498,0
3.3238,-0.42705467,0
3.324,-0.5079483795,0
3.3242,-0.5798455295,0
3.3244,-0.5292603846,0
3.3246,-0.5614872907,0
3.3248,-0.5704705448,0
3.325,-0.5853537261,0
3.3252,-0.6360847032,0
3.3254,-0.6567131656,0
3.3256,-0.7566675086,0
3.3258,-0.7426348152,0
3.326,-0.7959650087,0
3.3262,-0.8170455922,0
3.3264,-0.8102140009,0
3.3266,-0.9300444483,0
3.3268,-0.8868067404,0
3.327,-0.9317891328,0
3.3272,-1.080393626,0
3.3274,-1.063634332,0
3.3276,-1.052444637,0
3.3278,-1.131659277,0
3.328,-1.179652727,0
3.3282,-1.235296412,0
3.3284,-1.268370336,0
3.3286,-1.235727654,0
3.3288,-1.276536655,0
3.329,-1.285620375,0
3.3292,-1.305997409,0
3.3294,-1.346843379,0
3.3296,-1.238887651,0
3.3298,-1.316934701,0
3.33,-1.239112448,0
3.3302,-1.257981055,0
3.3304,-1.161035338,0
3.3306,-1.174771204,0
3.3308,-1.182497677,0
3.331,-1.07160516,0
3.3312,-1.015388876,0
3.3314,-0.8857673782,0
3.3316,-0.9263618403,0
3.3318,-0.8344119734,0
3.332,-0.748114263,0
3.3322,-0.5590282822,0
3.3324,-0.542911291,0
3.3326,-0.3723931397,0
3.3328,-0.2839278626,0
3.333,-0.2620393005,0
3.3332,-0.05543429239,0
3.3334,0.06513323921,1
3.3336,0.06659516801,1
3.3338,0.2038084715,1
3.334,0.364271181,1
3.3342,0.4515684804,1
3.3344,0.5467387263,1
3.3346,0.6564396299,1
3.3348,0.7676592032,1
3.335,0.7883680365,1
3.3352,0.8690887915,1
3.3354,1.03451044,1
3.3356,1.067564918,0
3.3358,1.054159141,0
3.336,1.270930884,0
3.3362,1.233397739,0
3.3364,1.181580054,0
3.3366,1.213703446,0
3.3368,1.312855466,0
3.337,1.358504207,0
3.3372,1.285352228,0
3.3374,1.295234969,0
3.3376,1.286319025,0
3.3378,1.200806975,0
3.338,1.296638624,0
3.3382,1.277520695,0
3.3384,1.259656562,0
3.3386,1.16082701,0
3.3388,1.107960578,0
3.339,1.119674032,0
3.3392,1.133530064,0
3.3394,1.023638411,0
3.3396,0.9928951694,0
3.3398,0.9450183499,0
3.34,0.8220323833,0
3.3402,0.879024202,0
3.3404,0.8544245631,0
3.3406,0.740631,0
3.3408,0.650665663,0
3.341,0.686747881,0
3.3412,0.6917428854,0
3.3414,0.6568581365,0
3.3416,0.6477671391,0
3.3418,0.5372028048,0
3.342,0.5816018698,0
3.3422,0.514349647,0
3.3424,0.4852556267,0
3.3426,0.4369828438,0
3.3428,0.5353033745,0
3.343,0.4431972384,0
3.3432,0.4427895668,0
3.3434,0.3705754337,0
3.3436,0.4576315981,0
3.3438,0.4210944941,0
3.344,0.3935683326,0
3.3442,0.4248586553,0
3.3444,0.3547896882,0
3.3446,0.3561021936,0
3.3448,0.3167329678,0
3.345,0.310890832,0
3.3452,0.3291733067,0
3.3454,0.2616582088,0
3.3456,0.3724247313,0
3.3458,0.2417188811,0
3.346,0.1583210185,0
3.3462,0.220057409,0
3.3464,0.1521853223,0
3.3466,0.1413768931,0
3.3468,0.1391760178,0
3.347,0.04626303074,0
3.3472,0.07896979092,0
3.3474,-0.04726403051,0
3.3476,0.07686573252,0
3.3478,-0.005511106052,0
3.348,-0.05610769182,0
3.3482,-0.1152270985,0
3.3484,-0.1539441028,0
3.3486,-0.1135987595,0
3.3488,-0.1928440816,0
3.349,-0.2397002887,0
3.3492,-0.2677151434,0
3.3494,-0.2824521411,0
3.3496,-0.2904053845,0
3.3498,-0.2631134117,0
3.35,-0.3148211685,0
3.3502,-0.3598720687,0
3.3504,-0.3615683981,0
3.3506,-0.4145020374,0
3.3508,-0.428836474,0
3.351,-0.4642077766,0
3.3512,-0.4319151955,0
3.3514,-0.4139250359,0
3.3516,-0.4220007115,0
3.3518,-0.4249958395,0
3.352,-0.412960381,0
3.3522,-0.5054639235,0
3.3524,-0.4512837255,0
3.3526,-0.4298824013,0
3.3528,-0.4641834688,0
3.353,-0.5199982456,0
3.3532,-0.509699923,0
3.3534,-0.5173550791,0
3.3536,-0.6260236124,0
3.3538,-0.6391791447,0
3.354,-0.6797194847,0
3.3542,-0.7745422558,0
3.3544,-0.7797716358,0
3.3546,-0.7435322099,0
3.3548,-0.8117871684,0
3.355,-0.8631994493,0
3.3552,-0.9316492878,0
3.3554,-0.9803552658,0
3.3556,-0.9043550487,0
3.3558,-1.022880533,0
3.356,-1.085112376,0
3.3562,-1.078583509,0
3.3564,-1.1120144,0
3.3566,-1.226223053,0
3.3568,-1.282200322,0
3.357,-1.249530306,0
3.3572,-1.258115102,0
3.3574,-1.268429316,0
3.3576,-1.301693577,0
3.3578,-1.34931841,0
3.358,-1.28951794,0
3.3582,-1.293612881,0
3.3584,-1.272695151,0
3.3586,-1.300335925,0
3.3588,-1.206014235,0
3.359,-1.23214185,0
3.3592,-1.125507212,0
3.3594,-1.11408341,0
3.3596,-1.035833285,0
3.3598,-1.000748997,0
3.36,-0.8836227689,0
3.3602,-0.7815151511,0
3.3604,-0.7913480448,0
3.3606,-0.6248893055,0
3.3608,-0.5893326966,0
3.361,-0.4248233175,0
3.3612,-0.3585298028,0
3.3614,-0.274261967,0
3.3616,-0.1374369454,0
3.3618,-0.009964855946,0
3.362,0.1251865407,1
3.3622,0.1589568525,1
3.3624,0.2879197886,1
3.3626,0.4894045548,1
3.3628,0.5188356464,1
3.363,0.6501488589,1
3.3632,0.6563824443,1
3.3634,0.879335907,1
3.3636,0.8474474939,1
3.3638,0.9361828927,1
3.364,1.068620411,1
3.3642,1.1465827,0
3.3644,1.135491813,0
3.3646,1.228448622,0
3.3648,1.206748631,0
3.365,1.276568721,0
3.3652,1.293587636,0
3.3654,1.277875536,0
3.3656,1.294001216,0
3.3658,1.310851575,0
3.366,1.257845099,0
3.3662,1.239692321,0
3.3664,1.311912098,0
3.3666,1.296421716,0
3.3668,1.228786306,0
3.367,1.19772193,0
3.3672,1.162314382,0
3.3674,1.137239324,0
3.3676,1.027289442,0
3.3678,1.004320687,0
3.368,1.017693795,0
3.3682,0.9466452994,0
3.3684,0.9288513968,0
3.3686,0.925638566,0
3.3688,0.7389815011,0
3.369,0.7572943536,0
3.3692,0.6767162681,0
3.3694,0.706820141,0
3.3696,0.7180140335,0
3.3698,0.6261195565,0
3.37,0.6068052569,0
3.3702,0.6041654792,0
3.3704,0.5083631996,0
3.3706,0.5680657939,0
3.3708,0.4780951057,0
3.371,0.4303596067,0
3.3712,0.4916763992,0
3.3714,0.5374376703,0
3.3716,0.4090703567,0
3.3718,0.4537852471,0
3.372,0.3828526886,0
3.3722,0.4686849797,0
3.3724,0.3756798232,0
3.3726,0.4188865486,0
3.3728,0.3795760284,0
3.373,0.3598675827,0
3.3732,0.3737576584,0
3.3734,0.3230699025,0
3.3736,0.3219213769,0
3.3738,0.2498056258,0
3.374,0.2481034704,0
3.3742,0.2239988674,0
3.3744,0.2505750985,0
3.3746,0.1020840155,0
3.3748,0.1689955136,0
3.375,0.0738386555,0
3.3752,0.1627804009,0
3.3754,0.07291696423,0
3.3756,0.05524236059,0
3.3758,0.03869261496,0
3.376,0.04219776666,0
3.3762,-0.05484073305,0
3.3764,-0.08227285075,0
3.3766,-0.1054896647,0
3.3768,-0.1326834751,0
3.377,-0.1386580516,0
3.3772,-0.160741621,0
3.3774,-0.2042660209,0
3.3776,-0.2659185076,0
3.3778,-0.2453729332,0
3.378,-0.2492813837,0
3.3782,-0.3292794753,0
3.3784,-0.3167716984,0
3.3786,-0.3500360123,0
3.3788,-0.384088679,0
3.379,-0.3718710449,0
3.3792,-0.328089847,0
3.3794,-0.3882438842,0
3.3796,-0.3595713711,0
3.3798,-0.4772292831,0
3.38,-0.4078812279,0
3.3802,-0.4466454049,0
3.3804,-0.5115973326,0
3.3806,-0.5350936385,0
3.3808,-0.4846827364,0
3.381,-0.5344478624,0
3.3812,-0.5450996675,0
3.3814,-0.4929114595,0
3.3816,-0.5686285042,0
3.3818,-0.6542463115,0
3.382,-0.5516725179,0
3.3822,-0.5794627359,0
3.3824,-0.7048794275,0
3.3826,-0.729158934,0
3.3828,-0.7464801423,0
3.383,-0.783978174,0
3.3832,-0.8784799574,0
3.3834,-0.7918572752,0
3.3836,-0.8776895232,0
3.3838,-0.9333647668,0
3.384,-1.008634505,0
3.3842,-1.056242364,0
3.3844,-0.9959577806,0
3.3846,-1.094507117,0
3.3848,-1.115401481,0
3.385,-1.243249081,0
3.3852,-1.219263573,0
3.3854,-1.298143934,0
3.3856,-1.274679659,0
3.3858,-1.257705069,0
3.386,-1.353665986,0
3.3862,-1.317007126,0
3.3864,-1.256305942,0
3.3866,-1.27885766,0
3.3868,-1.258530058,0
3.387,-1.294604404,0
3.3872,-1.2409063,0
3.3874,-1.151097362,0
3.3876,-1.220875594,0
3.3878,-1.069409415,0
3.388,-1.04587665,0
3.3882,-0.9652962004,0
3.3884,-0.7815271482,0
3.3886,-0.7652520369,0
3.3888,-0.7083258826,0
3.389,-0.5619272717,0
3.3892,-0.5329961072,0
3.3894,-0.3855801064,0
3.3896,-0.2590189399,0
3.3898,-0.2284075288,0
3.39,-0.04587493422,0
3.3902,-0.01107900341,1
3.3904,0.1157684696,1
3.3906,0.3107687569,1
3.3908,0.3073283961,1
3.391,0.4958582079,1
3.3912,0.6176393026,1
3.3914,0.7442547457,1
3.3916,0.7840848343,1
3.3918,0.905352952,1
3.392,0.8888275411,1
3.3922,1.034604335,1
3.3924,1.049580285,0
3.3926,1.14899975,0
3.3928,1.169804702,0
3.393,1.225783397,0
3.3932,1.248279262,0
3.3934,1.226949228,0
3.3936,1.252554559,0
3.3938,1.276123484,0
3.394,1.222672008,0
3.3942,1.216142303,0
3.3944,1.381563911,0
3.3946,1.204198401,0
3.3948,1.245150032,0
3.395,1.238421241,0
3.3952,1.232303815,0
3.3954,1.214205263,0
3.3956,1.137286955,0
3.3958,1.060144577,0
3.396,1.069114818,0
3.3962,1.07917482,0
3.3964,0.9639554764,0
3.3966,0.9544100786,0
3.3968,0.93148699,0
3.397,0.8029335848,0
3.3972,0.7906674605,0
3.3974,0.7756765429,0
3.3976,0.7793050452,0
3.3978,0.6753480147,0
3.398,0.6479152325,0
3.3982,0.5738633466,0
3.3984,0.5666819741,0
3.3986,0.5923169121,0
3.3988,0.5616597254,0
3.399,0.4730787982,0
3.3992,0.537086836,0
3.3994,0.4952606899,0
3.3996,0.476002972,0
3.3998,0.4620251965,0
3.4,0.4347964154,0
3.4002,0.41880364,0
3.4004,0.4565075182,0
3.4006,0.4465812996,0
3.4008,0.4102598781,0
3.401,0.3919672601,0
3.4012,0.3902379418,0
3.4014,0.3096227276,0
3.4016,0.2913940378,0
3.4018,0.3172508355,0
3.402,0.2962639941,0
3.4022,0.2044801086,0
3.4024,0.2425874836,0
3.4026,0.2350130745,0
3.4028,0.3122934397,0
3.403,0.1323936092,0
3.4032,0.1030705105,0
3.4034,0.1425225702,0
3.4036,0.07308722598,0
3.4038,0.1135171771,0
3.404,-0.03066581053,0
3.4042,0.01639465243,0
3.4044,-0.05052119111,0
3.4046,-0.1071094948,0
3.4048,-0.06208318143,0
3.405,-0.08764670598,0
3.4052,-0.1075126714,0
3.4054,-0.1459279003,0
3.4056,-0.2341824289,0
3.4058,-0.2306024288,0
3.406,-0.2499584084,0
3.4062,-0.2428653585,0
3.4064,-0.2503124285,0
3.4066,-0.2853980315,0
3.4068,-0.313204182,0
3.407,-0.4275733758,0
3.4072,-0.3695145674,0
3.4074,-0.3471513036,0
3.4076,-0.3783249118,0
3.4078,-0.4065504593,0
3.408,-0.3554271534,0
3.4082,-0.4013349442,0
3.4084,-0.4444300336,0
3.4086,-0.3731437096,0
3.4088,-0.5136377477,0
3.409,-0.4678489809,0
3.4092,-0.4806055524,0
3.4094,-0.6121648429,0
3.4096,-0.5388408837,0
3.4098,-0.5822271596,0
3.41,-0.6128438752,0
3.4102,-0.5812977182,0
3.4104,-0.6674268222,0
3.4106,-0.6777588289,0
3.4108,-0.7246097248,0
3.411,-0.8194954882,0
3.4112,-0.7171527598,0
3.4114,-0.8267820045,0
3.4116,-0.8325321442,0
3.4118,-0.8798698959,0
3.412,-0.938344952,0
3.4122,-0.907432794,0
3.4124,-1.040139968,0
3.4126,-1.08119165,0
3.4128,-1.117051902,0
3.413,-1.210385407,0
3.4132,-1.208198291,0
3.4134,-1.21511346,0
3.4136,-1.305998652,0
3.4138,-1.246363144,0
3.414,-1.298237891,0
3.4142,-1.346794061,0
3.4144,-1.353582484,0
3.4146,-1.279413617,0
3.4148,-1.307257832,0
3.415,-1.215008548,0
3.4152,-1.306306686,0
3.4154,-1.245109254,0
3.4156,-1.171315866,0
3.4158,-1.147603095,0
3.416,-1.059046136,0
3.4162,-0.9995092105,0
3.4164,-0.8397844222,0
3.4166,-0.7965851004,0
3.4168,-0.7583375446,0
3.417,-0.6815028905,0
3.4172,-0.5688929064,0
3.4174,-0.4987826519,0
3.4176,-0.3579757598,0
3.4178,-0.2762506049,0
3.418,-0.1264284463,0
3.4182,-0.05685799058,0
3.4184,0.03007178592,1
3.4186,0.2094508384,1
3.4188,0.2714287041,1
3.419,0.4208277697,1
3.4192,0.5359458479,1
3.4194,0.6103985965,1
3.4196,0.6942672797,1
3.4198,0.7647007809,1
3.42,0.8449523712,1
3.4202,0.9716868675,1
3.4204,0.9328480106,1
3.4206,1.0768479,0
3.4208,1.19008475,0
3.421,1.23059368,0
3.4212,1.262411026,0
3.4214,1.331183173,0
3.4216,1.303186597,0
3.4218,1.314489198,0
3.422,1.285341152,0
3.4222,1.355187778,0
3.4224,1.275537366,0
3.4226,1.303424428,0
3.4228,1.316977343,0
3.423,1.276770905,0
3.4232,1.277739691,0
3.4234,1.185978879,0
3.4236,1.066211124,0
3.4238,1.100232036,0
3.424,1.083336164,0
3.4242,1.033240477,0
3.4244,0.961775356,0
3.4246,0.9318051155,0
3.4248,0.8793359013,0
3.425,0.8947170608,0
3.4252,0.7686706623,0
3.4254,0.7431512791,0
3.4256,0.6786076681,0
3.4258,0.6797104354,0
3.426,0.6493421313,0
3.4262,0.7032948061,0
3.4264,0.5952655606,0
3.4266,0.6149908976,0
3.4268,0.6093175853,0
3.427,0.4574581081,0
3.4272,0.4659396542,0
3.4274,0.4366975009,0
3.4276,0.4889687892,0
3.4278,0.4680657601,0
3.428,0.3762182155,0
3.4282,0.3520538222,0
3.4284,0.4366177516,0
3.4286,0.3878023438,0
3.4288,0.35512171,0
3.429,0.3605564468,0
3.4292,0.3648279227,0
3.4294,0.3702157513,0
3.4296,0.4402546255,0
3.4298,0.275368849,0
3.43,0.3005546331,0
3.4302,0.3575699744,0
3.4304,0.2985092264,0
3.4306,0.2757270375,0
3.4308,0.1846456532,0
3.431,0.2007416443,0
3.4312,0.1192214498,0
3.4314,0.1596818745,0
3.4316,0.0899547641,0
3.4318,0.08251971919,0
3.432,0.03739575264,0
3.4322,0.01821735756,0
3.4324,0.03311865028,0
3.4326,-0.03123140956,0
3.4328,-0.04488315921,0
3.433,-0.009583064146,0
3.4332,-0.130221613,0
3.4334,-0.1499487894,0
3.4336,-0.2071628208,0
3.4338,-0.2411163927,0
3.434,-0.3415630201,0
3.4342,-0.2440404036,0
3.4344,-0.2605348467,0
3.4346,-0.3020988953,0
3.4348,-0.3210517572,0
3.435,-0.3390075117,0
3.4352,-0.4051074669,0
3.4354,-0.2832428766,0
3.4356,-0.404616207,0
3.4358,-0.4142437063,0
3.436,-0.4445721819,0
3.4362,-0.4449219914,0
3.4364,-0.3845501328,0
3.4366,-0.4168282458,0
3.4368,-0.5157441159,0
3.437,-0.473504524,0
3.4372,-0.4885783352,0
3.4374,-0.3781560364,0
3.4376,-0.5991685406,0
3.4378,-0.574026482,0
3.438,-0.5732635654,0
3.4382,-0.6499493101,0
3.4384,-0.6515015929,0
3.4386,-0.6915243229,0
3.4388,-0.674674718,0
3.439,-0.7446713021,0
3.4392,-0.7448494138,0
3.4394,-0.8179660707,0
3.4396,-0.8637788162,0
3.4398,-0.8531124257,0
3.44,-0.9864868682,0
3.4402,-0.971176252,0
3.4404,-1.034712991,0
3.4406,-1.145389089,0
3.4408,-1.11043859,0
3.441,-1.133767941,0
3.4412,-1.197658746,0
3.4414,-1.178921181,0
3.4416,-1.317507033,0
3.4418,-1.262153342,0
3.442,-1.280877524,0
3.4422,-1.259217761,0
3.4424,-1.337512884,0
3.4426,-1.34579441,0
3.4428,-1.297692212,0
3.443,-1.335907379,0
3.4432,-1.249591674,0
3.4434,-1.176299547,0
3.4436,-1.132233659,0
3.4438,-1.11851813,0
3.444,-1.111511951,0
3.4442,-1.042775913,0
3.4444,-0.8844240118,0
3.4446,-0.8205726279,0
3.4448,-0.7720977475,0
3.445,-0.6789764909,0
3.4452,-0.6189974931,0
3.4454,-0.4927480346,0
3.4456,-0.4070021742,0
3.4458,-0.163220194,0
3.446,-0.1621827272,0
3.4462,-0.02159957336,0
3.4464,-0.00221211797,1
3.4466,0.2362039588,1
3.4468,0.2887664422,1
3.447,0.3632511496,1
3.4472,0.4911785724,1
3.4474,0.6340476793,1
3.4476,0.734549633,1
3.4478,0.7670911385,1
3.448,0.8552897481,1
3.4482,0.9536754045,1
3.4484,1.009795209,1
3.4486,1.091078127,0
3.4488,1.152101186,0
3.449,1.19156395,0
3.4492,1.116038552,0
3.4494,1.257958444,0
3.4496,1.29649616,0
3.4498,1.240025441,0
3.45,1.289539416,0
3.4502,1.240610457,0
3.4504,1.275159284,0
3.4506,1.260418471,0
3.4508,1.338071348,0
3.451,1.29407611,0
3.4512,1.197267688,0
3.4514,1.164698047,0
3.4516,1.132604081,0
3.4518,1.096559547,0
3.452,1.149381423,0
3.4522,1.093549218,0
3.4524,0.8867701025,0
3.4526,0.9252494783,0
3.4528,0.8079117194,0
3.453,0.8945287909,0
3.4532,0.7619485516,0
3.4534,0.7637141825,0
3.4536,0.6828652943,0
3.4538,0.6879686808,0
3.454,0.659242843,0
3.4542,0.6317850616,0
3.4544,0.6089182557,0
3.4546,0.5430237385,0
3.4548,0.5251680021,0
3.455,0.5650449483,0
3.4552,0.4943424625,0
3.4554,0.4246587351,0
3.4556,0.4830031681,0
3.4558,0.4108429347,0
3.456,0.41769954,0
3.4562,0.5052184192,0
3.4564,0.4771586954,0
3.4566,0.4017343964,0
3.4568,0.3590209225,0
3.457,0.4496589024,0
3.4572,0.2569756432,0
3.4574,0.2932595751,0
3.4576,0.3110587649,0
3.4578,0.3364179064,0
3.458,0.2023706437,0
3.4582,0.256289781,0
3.4584,0.2336131486,0
3.4586,0.2897446368,0
3.4588,0.1549261182,0
3.459,0.3188354646,0
3.4592,0.2193623443,0
3.4594,0.1104282259,0
3.4596,0.105489101,0
3.4598,0.05742566463,0
3.46,0.04193581917,0
3.4602,-0.05420181497,0
3.4604,0.005705338202,0
3.4606,-0.03106351154,0
3.4608,-0.08555650422,0
3.461,-0.06586076242,0
3.4612,-0.2014876229,0
3.4614,-0.2170232569,0
3.4616,-0.156546176,0
3.4618,-0.2291498227,0
3.462,-0.3020535628,0
3.4622,-0.2282496163,0
3.4624,-0.3405865271,0
3.4626,-0.2556586533,0
3.4628,-0.3015613166,0
3.463,-0.3500230935,0
3.4632,-0.3248546343,0
3.4634,-0.4159412708,0
3.4636,-0.4180646566,0
3.4638,-0.3725025115,0
3.464,-0.4383510922,0
3.4642,-0.398039384,0
3.4644,-0.4202741089,0
3.4646,-0.4764059309,0
3.4648,-0.5651435949,0
3.465,-0.4963837821,0
3.4652,-0.4670897537,0
3.4654,-0.5782928074,0
3.4656,-0.5180248742,0
3.4658,-0.589479169,0
3.466,-0.6458289484,0
3.4662,-0.6389278557,0
3.4664,-0.7343581071,0
3.4666,-0.6726007773,0
3.4668,-0.651377942,0
3.467,-0.7484645468,0
3.4672,-0.814206737,0
3.4674,-0.8903529395,0
3.4676,-0.9163219719,0
3.4678,-0.9089954818,0
3.468,-0.9643885624,0
3.4682,-1.03273182,0
3.4684,-1.039672831,0
3.4686,-1.069702664,0
3.4688,-1.203358675,0
3.469,-1.172881557,0
3.4692,-1.280651615,0
3.4694,-1.260636,0
3.4696,-1.250119966,0
3.4698,-1.237451826,0
3.47,-1.311809843,0
3.4702,-1.332039663,0
3.4704,-1.325914151,0
3.4706,-1.275221365,0
3.4708,-1.288529273,0
3.471,-1.27700388,0
3.4712,-1.189635522,0
3.4714,-1.211121196,0
3.4716,-1.068285063,0
3.4718,-1.075816065,0
3.472,-1.080335927,0
3.4722,-0.8986841802,0
3.4724,-0.8354334519,0
3.4726,-0.7711980895,0
3.4728,-0.6720794248,0
3.473,-0.577406485,0
3.4732,-0.537769977,0
3.4734,-0.4405765307,0
3.4736,-0.2692202157,0
3.4738,-0.1342789462,0
3.474,-0.08947142368,0
3.4742,0.08567320157,1
3.4744,0.1831429117,1
3.4746,0.2478632931,1
3.4748,0.3660450917,1
3.475,0.4793288211,1
3.4752,0.5559652498,1
3.4754,0.704037768,1
3.4756,0.7464038633,1
3.4758,0.9164722678,1
3.476,0.9514242259,1
3.4762,1.028823582,1
3.4764,1.171626043,0
3.4766,1.109215985,0
3.4768,1.219066514,0
3.477,1.183830534,0
3.4772,1.251578814,0
3.4774,1.242448251,0
3.4776,1.271681082,0
3.4778,1.345175712,0
3.478,1.279367756,0
3.4782,1.243654016,0
3.4784,1.264918824,0
3.4786,1.261944443,0
3.4788,1.243515608,0
3.479,1.212375108,0
3.4792,1.077758481,0
3.4794,1.138945315,0
3.4796,1.201564562,0
3.4798,1.051044513,0
3.48,1.0020282,0
3.4802,0.9907870406,0
3.4804,0.8402787977,0
3.4806,0.8496139159,0
3.4808,0.8819764735,0
3.481,0.8122966,0
3.4812,0.7265644295,0
3.4814,0.70295665,0
3.4816,0.6478162504,0
3.4818,0.680204268,0
3.482,0.663835249,0
3.4822,0.5325655214,0
3.4824,0.6044434086,0
3.4826,0.5239612973,0
3.4828,0.5467731694,0
3.483,0.5469131247,0
3.4832,0.4854685458,0
3.4834,0.5125811414,0
3.4836,0.4484761959,0
3.4838,0.4695091048,0
3.484,0.4072515063,0
3.4842,0.4297682576,0
3.4844,0.4181872024,0
3.4846,0.3656184361,0
3.4848,0.3344004975,0
3.485,0.3246409006,0
3.4852,0.3862859264,0
3.4854,0.3102480875,0
3.4856,0.3138175769,0
3.4858,0.3766090883,0
3.486,0.2086675233,0
3.4862,0.2049196652,0
3.4864,0.2071275214,0
3.4866,0.1973556636,0
3.4868,0.1557123683,0
3.487,0.2121790593,0
3.4872,0.08463388648,0
3.4874,0.04340098731,0
3.4876,0.06199924472,0
3.4878,0.008681931169,0
3.488,-0.02267998019,0
3.4882,-0.05105166337,0
3.4884,-0.08963962836,0
3.4886,-0.07862683182,0
3.4888,-0.1997684345,0
3.489,-0.07406771621,0
3.4892,-0.1500626927,0
3.4894,-0.1993810473,0
3.4896,-0.1908146206,0
3.4898,-0.2909056089,0
3.49,-0.2877659624,0
3.4902,-0.2610701547,0
3.4904,-0.3167520761,0
3.4906,-0.3393057325,0
3.4908,-0.3278807341,0
3.491,-0.3862964775,0
3.4912,-0.4343557473,0
3.4914,-0.4560475247,0
3.4916,-0.4173909435,0
3.4918,-0.4098350846,0
3.492,-0.4929976873,0
3.4922,-0.4322835403,0
3.4924,-0.4279679336,0
3.4926,-0.4202135372,0
3.4928,-0.5092754415,0
3.493,-0.5787610764,0
3.4932,-0.5641920711,0
3.4934,-0.6284824996,0
3.4936,-0.6316727275,0
3.4938,-0.6607000928,0
3.494,-0.5870871286,0
3.4942,-0.7226759209,0
3.4944,-0.714489297,0
3.4946,-0.7335537242,0
3.4948,-0.8350358008,0
3.495,-0.7283033612,0
3.4952,-0.9024094179,0
3.4954,-0.9996926244,0
3.4956,-0.9793024873,0
3.4958,-1.05580328,0
3.496,-1.065761842,0
3.4962,-1.110879257,0
3.4964,-1.103899072,0
3.4966,-1.16352348,0
3.4968,-1.108394505,0
3.497,-1.284053122,0
3.4972,-1.199070206,0
3.4974,-1.200192497,0
3.4976,-1.307001945,0
3.4978,-1.212905208,0
3.498,-1.272908317,0
3.4982,-1.283891102,0
3.4984,-1.209721615,0
3.4986,-1.244849181,0
3.4988,-1.254474697,0
3.499,-1.153516987,0
3.4992,-1.153924564,0
3.4994,-1.06524438,0
3.4996,-1.001028968,0
3.4998,-0.9969939882,0
3.5,-0.8750922025,0
3.5002,-0.7747117223,0
3.5004,-0.7469498498,0
3.5006,-0.6858616696,0
3.5008,-0.5382653011,0
3.501,-0.3874530602,0
3.5012,-0.2690880897,0
3.5014,-0.1840288376,0
3.5016,-0.04655807815,0
3.5018,0.07170304156,1
3.502,0.1298337965,1
3.5022,0.2713142478,1
3.5024,0.3633418286,1
3.5026,0.5117105332,1
3.5028,0.6350392794,1
3.503,0.7178605457,1
3.5032,0.7589535325,1
3.5034,0.8945178412,1
3.5036,0.97784578,1
3.5038,0.9679707207,1
3.504,1.086154165,0
3.5042,1.112899709,0
3.5044,1.204198779,0
3.5046,1.284288638,0
3.5048,1.231599081,0
3.505,1.245092212,0
3.5052,1.235851296,0
3.5054,1.294800312,0
3.5056,1.310454053,0
3.5058,1.37701837,0
3.506,1.236668748,0
3.5062,1.274883424,0
3.5064,1.272691125,0
3.5066,1.260733226,0
3.5068,1.148503046,0
3.507,1.16652506,0
3.5072,1.04361977,0
3.5074,1.042945677,0
3.5076,1.042911718,0
3.5078,0.9481634391,0
3.508,0.9222673317,0
3.5082,0.928847735,0
3.5084,0.8092436065,0
3.5086,0.7640199852,0
3.5088,0.7267385805,0
3.509,0.7534977739,0
3.5092,0.7105141353,0
3.5094,0.6112998689,0
3.5096,0.5995923034,0
3.5098,0.5938041653,0
3.51,0.5893794906,0
3.5102,0.56983746,0
3.5104,0.520608744,0
3.5106,0.4892407149,0
3.5108,0.4441081243,0
3.511,0.479333444,0
3.5112,0.4957310201,0
3.5114,0.4461796962,0
3.5116,0.4140985722,0
3.5118,0.4621486962,0
3.512,0.41779812,0
3.5122,0.3218706212,0
3.5124,0.2321270465,0
3.5126,0.3278848665,0
3.5128,0.3305095479,0
3.513,0.3629770591,0
3.5132,0.3276309089,0
3.5134,0.2671419826,0
3.5136,0.2421784111,0
3.5138,0.2603295728,0
3.514,0.1770710069,0
3.5142,0.1893717124,0
3.5144,0.2078022509,0
3.5146,0.1332415444,0
3.5148,0.05845487246,0
3.515,0.03503755593,0
3.5152,0.008530421084,0
3.5154,0.0002052171951,0
3.5156,-0.09155220792,0
3.5158,-0.05617198723,0
3.516,-0.09053748475,0
3.5162,-0.0479334795,0
3.5164,-0.1253851971,0
3.5166,-0.2447899355,0
3.5168,-0.1693408155,0
3.517,-0.2032309224,0
3.5172,-0.3223441518,0
3.5174,-0.2475091433,0
3.5176,-0.2956947326,0
3.5178,-0.3099415818,0
3.518,-0.3865779517,0
3.5182,-0.3796174678,0
3.5184,-0.3155251421,0
3.5186,-0.3385421932,0
3.5188,-0.3635302409,0
3.519,-0.4288765566,0
3.5192,-0.3675697376,0
3.5194,-0.4795224337,0
3.5196,-0.4750545224,0
3.5198,-0.4310265808,0
3.52,-0.5183228238,0
3.5202,-0.4851064192,0
3.5204,-0.5649716726,0
3.5206,-0.5926647474,0
3.5208,-0.5214925833,0
3.521,-0.6176388008,0
3.5212,-0.6434097236,0
3.5214,-0.6134984325,0
3.5216,-0.6635029646,0
3.5218,-0.6620326519,0
3.522,-0.7025130523,0
3.5222,-0.775160599,0
3.5224,-0.8386357135,0
3.5226,-0.8718313028,0
3.5228,-0.9055550283,0
3.523,-0.9190081609,0
3.5232,-0.9990740738,0
3.5234,-1.038872125,0
3.5236,-1.047583901,0
3.5238,-1.116645893,0
3.524,-1.169098623,0
3.5242,-1.213468484,0
3.5244,-1.135444813,0
3.5246,-1.232323881,0
3.5248,-1.333772171,0
3.525,-1.282417282,0
3.5252,-1.296517393,0
3.5254,-1.275503215,0
3.5256,-1.312378655,0
3.5258,-1.342896082,0
3.526,-1.333229804,0
3.5262,-1.261810353,0
3.5264,-1.244811456,0
3.5266,-1.203198566,0
3.5268,-1.10352633,0
3.527,-1.085814657,0
3.5272,-0.9903703693,0
3.5274,-0.9146487376,0
3.5276,-0.8260505638,0
3.5278,-0.7365048132,0
3.528,-0.6100739961,0
3.5282,-0.6211055767,0
3.5284,-0.5099080551,0
3.5286,-0.3401677727,0
3.5288,-0.2154287442,0
3.529,-0.08061427891,0
3.5292,-0.03652632508,0
3.5294,0.03861068737,1
3.5296,0.2013007083,1
3.5298,0.3093744616,1
3.53,0.4142381009,1
3.5302,0.5408933676,1
3.5304,0.6251255235,1
3.5306,0.7389636952,1
3.5308,0.8106963724,1
3.531,0.9462236345,1
3.5312,1.068686672,1
3.5314,1.05133869,1
3.5316,1.108673103,0
3.5318,1.205512664,0
3.532,1.164042488,0
3.5322,1.193746504,0
3.5324,1.341448834,0
3.5326,1.223557017,0
3.5328,1.247249169,0
3.533,1.348545008,0
3.5332,1.355877164,0
3.5334,1.23404402,0
3.5336,1.265677898,0
3.5338,1.258379046,0
3.534,1.158718427,0
3.5342,1.199478423,0
3.5344,1.140809257,0
3.5346,1.190371509,0
3.5348,1.031330808,0
3.535,1.021814797,0
3.5352,0.9849008298,0
3.5354,0.9219369324,0
3.5356,0.8992971759,0
3.5358,0.8576461266,0
3.536,0.79565354,0
3.5362,0.8006756716,0
3.5364,0.7185759237,0
3.5366,0.6526722386,0
3.5368,0.6190890159,0
3.537,0.7056170932,0
3.5372,0.6521649217,0
3.5374,0.5614966956,0
3.5376,0.5493329533,0
3.5378,0.5168173526,0
3.538,0.5187116956,0
3.5382,0.5304043704,0
3.5384,0.4379364248,0
3.5386,0.5269051878,0
3.5388,0.4275776535,0
3.539,0.4272695678,0
3.5392,0.3945374292,0
3.5394,0.4532024565,0
3.5396,0.3634352048,0
3.5398,0.4066561565,0
3.54,0.4163689708,0
3.5402,0.3082290267,0
3.5404,0.2947374193,0
3.5406,0.3665158439,0
3.5408,0.295570852,0
3.541,0.2185825043,0
3.5412,0.2992759317,0
3.5414,0.2880864817,0
3.5416,0.2200849605,0
3.5418,0.2003808626,0
3.542,0.211382146,0
3.5422,0.1334989833,0
3.5424,0.04247953296,0
3.5426,0.03343032853,0
3.5428,0.06545758652,0
3.543,-0.0367737443,0
3.5432,-0.08052956496,0
3.5434,-0.08000829751,0
3.5436,-0.08387734253,0
3.5438,-0.1407475447,0
3.544,-0.1635797634,0
3.5442,-0.1480218579,0
3.5444,-0.2593521221,0
3.5446,-0.2559703394,0
3.5448,-0.2920417031,0
3.545,-0.3375891696,0
3.5452,-0.3279226437,0
3.5454,-0.3171865138,0
3.5456,-0.3197784308,0
3.5458,-0.3635383045,0
3.546,-0.3806279053,0
3.5462,-0.4043295409,0
3.5464,-0.3726251053,0
3.5466,-0.4046265355,0
3.5468,-0.3993074673,0
3.547,-0.4369676756,0
3.5472,-0.4422742769,0
3.5474,-0.4543413266,0
3.5476,-0.5175125095,0
3.5478,-0.5183812262,0
3.548,-0.4801596042,0
3.5482,-0.5908322311,0
3.5484,-0.6185110785,0
3.5486,-0.6871732439,0
3.5488,-0.7047395062,0
3.549,-0.6201972118,0
3.5492,-0.7297677618,0
3.5494,-0.77120017,0
3.5496,-0.8244051457,0
3.5498,-0.7890687446,0
3.55,-0.8316743022,0
3.5502,-0.8788491524,0
3.5504,-1.001803323,0
3.5506,-0.9518427477,0
3.5508,-1.037749579,0
3.551,-1.137277029,0
3.5512,-1.045836634,0
3.5514,-1.129467037,0
3.5516,-1.199381717,0
3.5518,-1.328536129,0
3.552,-1.278298706,0
3.5522,-1.320189106,0
3.5524,-1.214921118,0
3.5526,-1.293208538,0
3.5528,-1.296243453,0
3.553,-1.261777125,0
3.5532,-1.267277404,0
3.5534,-1.266933747,0
3.5536,-1.238994612,0
3.5538,-1.183241418,0
3.554,-1.158957817,0
3.5542,-1.088226618,0
3.5544,-1.042072911,0
3.5546,-1.044341075,0
3.5548,-0.8620349758,0
3.555,-0.8229038517,0
3.5552,-0.7619756794,0
3.5554,-0.6111285293,0
3.5556,-0.5269855846,0
3.5558,-0.4136569822,0
3.556,-0.3322113737,0
3.5562,-0.1973431791,0
3.5564,-0.09224923654,0
3.5566,0.06970366973,1
3.5568,0.1404516706,1
3.557,0.2702516737,1
3.5572,0.3500553717,1
3.5574,0.4775666387,1
3.5576,0.5167362011,1
3.5578,0.7170894816,1
3.558,0.7992979341,1
3.5582,0.8529978824,1
3.5584,0.9129847234,1
3.5586,0.9771682003,1
3.5588,1.098175144,0
3.559,1.183997706,0
3.5592,1.116837815,0
3.5594,1.196190924,0
3.5596,1.259181644,0
3.5598,1.33750739,0
3.56,1.276929921,0
3.5602,1.254110981,0
3.5604,1.305965555,0
3.5606,1.331537648,0
3.5608,1.307805403,0
3.561,1.249665087,0
3.5612,1.218698915,0
3.5614,1.289002067,0
3.5616,1.152797132,0
3.5618,1.168879519,0
3.562,1.1518031,0
3.5622,1.03464242,0
3.5624,1.051767402,0
3.5626,1.027530736,0
3.5628,0.9398424678,0
3.563,0.8685179279,0
3.5632,0.8872716943,0
3.5634,0.8007298111,0
3.5636,0.6922596764,0
3.5638,0.7232700271,0
3.564,0.6720179748,0
3.5642,0.7201374729,0
3.5644,0.6868186117,0
3.5646,0.6116431991,0
3.5648,0.6199089496,0
3.565,0.4722278343,0
3.5652,0.5519713773,0
3.5654,0.4912837388,0
3.5656,0.5050599183,0
3.5658,0.5545218658,0
3.566,0.4645412672,0
3.5662,0.4638073938,0
3.5664,0.3684196556,0
3.5666,0.3776337448,0
3.5668,0.4155553635,0
3.567,0.3553522455,0
3.5672,0.3948346969,0
3.5674,0.2937084671,0
3.5676,0.3780799606,0
3.5678,0.3258256286,0
3.568,0.313787772,0
3.5682,0.3261353453,0
3.5684,0.3051532448,0
3.5686,0.1876265611,0
3.5688,0.2376123075,0
3.569,0.1753905425,0
3.5692,0.1869266661,0
3.5694,0.1300851488,0
3.5696,0.1218796599,0
3.5698,0.08629862909,0
3.57,0.09386063942,0
3.5702,-0.009359538608,0
3.5704,-0.1073032232,0
3.5706,-0.07760040561,0
3.5708,-0.1657821115,0
3.571,-0.1408957756,0
3.5712,-0.2417229512,0
3.5714,-0.1967425408,0
3.5716,-0.1981043155,0
3.5718,-0.2123897098,0
3.572,-0.2852089619,0
3.5722,-0.3248301714,0
3.5724,-0.3158735682,0
3.5726,-0.3510597957,0
3.5728,-0.4206097345,0
3.573,-0.3855763814,0
3.5732,-0.3676712795,0
3.5734,-0.3818898498,0
3.5736,-0.3709968732,0
3.5738,-0.414570904,0
3.574,-0.4278932532,0
3.5742,-0.3891662682,0
3.5744,-0.478991208,0
3.5746,-0.4939420928,0
3.5748,-0.4755219545,0
3.575,-0.5143593242,0
3.5752,-0.4849634693,0
3.5754,-0.5221420957,0
3.5756,-0.5870883298,0
3.5758,-0.6454270523,0
3.576,-0.6856397961,0
3.5762,-0.7119214688,0
3.5764,-0.6673356234,0
3.5766,-0.7338498946,0
3.5768,-0.8207735622,0
3.577,-0.7652825661,0
3.5772,-0.8235772121,0
3.5774,-0.9084254816,0
3.5776,-0.8483218316,0
3.5778,-1.082904986,0
3.578,-0.9937569799,0
3.5782,-1.129751044,0
3.5784,-1.079777957,0
3.5786,-1.114460074,0
3.5788,-1.192950011,0
3.579,-1.270669266,0
3.5792,-1.227467701,0
3.5794,-1.304911162,0
3.5796,-1.238111331,0
3.5798,-1.302179976,0
3.58,-1.290048015,0
3.5802,-1.297010672,0
3.5804,-1.216308932,0
3.5806,-1.283901599,0
3.5808,-1.277742555,0
3.581,-1.183487375,0
3.5812,-1.274828597,0
3.5814,-1.168666217,0
3.5816,-0.9752546693,0
3.5818,-0.9619096286,0
3.582,-0.9209672703,0
3.5822,-0.7551648752,0
3.5824,-0.6816455305,0
3.5826,-0.6433400178,0
3.5828,-0.5314586656,0
3.583,-0.3495293089,0
3.5832,-0.2884654471,0
3.5834,-0.2059527133,0
3.5836,-0.122728151,0
3.5838,0.03582607297,1
3.584,0.1148280984,1
3.5842,0.2907898984,1
3.5844,0.3290303167,1
3.5846,0.4476154468,1
3.5848,0.5329844401,1
3.585,0.7005694878,1
3.5852,0.7808754728,1
3.5854,0.8814093102,1
3.5856,0.9682193704,1
3.5858,1.03651855,1
3.586,1.090988443,0
3.5862,1.086438603,0
3.5864,1.217379313,0
3.5866,1.243770009,0
3.5868,1.319386382,0
3.587,1.269104375,0
3.5872,1.33870044,0
3.5874,1.258852713,0
3.5876,1.293476301,0
3.5878,1.316197356,0
3.588,1.315390287,0
3.5882,1.341231111,0
3.5884,1.271182362,0
3.5886,1.17681067,0
3.5888,1.240319218,0
3.589,1.145534387,0
3.5892,1.116225505,0
3.5894,1.063467929,0
3.5896,1.017143235,0
3.5898,0.9162327231,0
3.59,0.9282568743,0
3.5902,0.8941188374,0
3.5904,0.8390115345,0
3.5906,0.7776383598,0
3.5908,0.8052371807,0
3.591,0.6584764555,0
3.5912,0.7099653205,0
3.5914,0.7235314365,0
3.5916,0.6117894707,0
3.5918,0.6151057701,0
3.592,0.5667290687,0
3.5922,0.5719765993,0
3.5924,0.5076647968,0
3.5926,0.4639136101,0
3.5928,0.4060773625,0
3.593,0.4321558212,0
3.5932,0.4585436995,0
3.5934,0.4410280847,0
3.5936,0.3804752078,0
3.5938,0.3978273986,0
3.594,0.4372016732,0
3.5942,0.4599397335,0
3.5944,0.3667810571,0
3.5946,0.2602523212,0
3.5948,0.3344564244,0
3.595,0.355905212,0
3.5952,0.3325176538,0
3.5954,0.2739828758,0
3.5956,0.2829065354,0
3.5958,0.2261075269,0
3.596,0.2879818663,0
3.5962,0.1066165135,0
3.5964,0.1373141769,0
3.5966,0.08127066748,0
3.5968,0.04157909521,0
3.597,0.01512804057,0
3.5972,-0.02473827181,0
3.5974,-0.1543132645,0
3.5976,0.04895745828,0
3.5978,-0.1537692048,0
3.598,-0.1392590737,0
3.5982,-0.1845336437,0
3.5984,-0.2257331817,0
3.5986,-0.2040713406,0
3.5988,-0.2420166182,0
3.599,-0.2143204067,0
3.5992,-0.3087963354,0
3.5994,-0.2936935805,0
3.5996,-0.3962167157,0
3.5998,-0.3238401062,0
3.6,-0.3007712748,0
3.6002,-0.3570995122,0
3.6004,-0.3175741675,0
3.6006,-0.4047257979,0
3.6008,-0.4131605939,0
3.601,-0.4388876878,0
3.6012,-0.4528773924,0
3.6014,-0.4657943164,0
3.6016,-0.4216143434,0
3.6018,-0.4074748102,0
3.602,-0.4996384495,0
3.6022,-0.5338926597,0
3.6024,-0.4816648871,0
3.6026,-0.5108102445,0
3.6028,-0.542742353,0
3.603,-0.6186272541,0
3.6032,-0.6720439063,0
3.6034,-0.6372931481,0
3.6036,-0.6344063581,0
3.6038,-0.7504006677,0
3.604,-0.7347010839,0
3.6042,-0.7770438538,0
3.6044,-0.8108382788,0
3.6046,-0.9160709635,0
3.6048,-0.9271804164,0
3.605,-0.9603641004,0
3.6052,-1.02053734,0
3.6054,-1.051261596,0
3.6056,-1.148776517,0
3.6058,-1.198999002,0
3.606,-1.330013661,0
3.6062,-1.2119742,0
3.6064,-1.254325242,0
3.6066,-1.246026635,0
3.6068,-1.326963765,0
3.607,-1.27969905,0
3.6072,-1.286439388,0
3.6074,-1.311630913,0
3.6076,-1.302040695,0
3.6078,-1.311736865,0
3.608,-1.241025275,0
3.6082,-1.201413232,0
3.6084,-1.214189027,0
3.6086,-1.140097096,0
3.6088,-1.02816833,0
3.609,-0.8589975911,0
3.6092,-0.8288091103,0
3.6094,-0.8253987732,0
3.6096,-0.6989588784,0
3.6098,-0.5337753168,0
3.61,-0.4208388434,0
3.6102,-0.3494802928,0
3.6104,-0.2253875546,0
3.6106,-0.1458403975,0
3.6108,0.03853312542,1
3.611,0.1777212929,1
3.6112,0.2198918553,1
3.6114,0.3465369976,1
3.6116,0.4724630771,1
3.6118,0.5969560212,1
3.612,0.7176770809,1
3.6122,0.803483448,1
3.6124,0.8636111928,1
3.6126,0.8838924402,1
3.6128,0.9790680087,1
3.613,1.050320355,0
3.6132,1.119569776,0
3.6134,1.210600108,0
3.6136,1.171554095,0
3.6138,1.23209915,0
3.614,1.275655904,0
3.6142,1.386616409,0
3.6144,1.369399675,0
3.6146,1.315683372,0
3.6148,1.310822577,0
3.615,1.302086247,0
3.6152,1.267679808,0
3.6154,1.225586858,0
3.6156,1.205707498,0
3.6158,1.182265411,0
3.616,1.128968822,0
3.6162,1.130935779,0
3.6164,1.021812717,0
3.6166,1.021435615,0
3.6168,0.9112523381,0
3.617,0.9285581656,0
3.6172,0.836314671,0
3.6174,0.8359001524,0
3.6176,0.7901669167,0
3.6178,0.7758954447,0
3.618,0.7324620917,0
3.6182,0.6809202477,0
3.6184,0.6748958503,0
3.6186,0.5823224509,0
3.6188,0.6510472475,0
3.619,0.5146906696,0
3.6192,0.5343691488,0
3.6194,0.5149789005,0
3.6196,0.4739061609,0
3.6198,0.5090345724,0
3.62,0.4317262948,0
3.6202,0.433283532,0
3.6204,0.4297815735,0
3.6206,0.3944535982,0
3.6208,0.4030483151,0
3.621,0.3864179752,0
3.6212,0.4156392258,0
3.6214,0.3821731141,0
3.6216,0.3278973974,0
3.6218,0.3350584741,0
3.622,0.3481529357,0
3.6222,0.2363998377,0
3.6224,0.2847360263,0
3.6226,0.2832219193,0
3.6228,0.1720849215,0
3.623,0.1318301613,0
3.6232,0.1192879163,0
3.6234,0.1061889983,0
3.6236,0.03367022175,0
3.6238,0.0888621281,0
3.624,0.01212068982,0
3.6242,-0.02658581561,0
3.6244,-0.01669008318,0
3.6246,-0.04655653796,0
3.6248,-0.09316483678,0
3.625,-0.1177327376,0
3.6252,-0.1040268651,0
3.6254,-0.1252304188,0
3.6256,-0.1729889603,0
3.6258,-0.1693521385,0
3.626,-0.2164395394,0
3.6262,-0.2536927734,0
3.6264,-0.3115862395,0
3.6266,-0.2871296253,0
3.6268,-0.3922665331,0
3.627,-0.3433347454,0
3.6272,-0.3603137422,0
3.6274,-0.4066906715,0
3.6276,-0.3803934277,0
3.6278,-0.3973111763,0
3.628,-0.4587517784,0
3.6282,-0.4598480227,0
3.6284,-0.5181176019,0
3.6286,-0.4674826515,0
3.6288,-0.4483098266,0
3.629,-0.532040372,0
3.6292,-0.5122013822,0
3.6294,-0.5671062296,0
3.6296,-0.6205466083,0
3.6298,-0.559883036,0
3.63,-0.6134270707,0
3.6302,-0.7098211221,0
3.6304,-0.6590680355,0
3.6306,-0.7266379615,0
3.6308,-0.8219367615,0
3.631,-0.7221142885,0
3.6312,-0.8860237655,0
3.6314,-0.8519748088,0
3.6316,-0.9026232954,0
3.6318,-0.9428853474,0
3.632,-1.078597324,0
3.6322,-1.038166574,0
3.6324,-1.036938574,0
3.6326,-1.186200419,0
3.6328,-1.13318575,0
3.633,-1.185753501,0
3.6332,-1.248755852,0
3.6334,-1.29756548,0
3.6336,-1.286614557,0
3.6338,-1.236348524,0
3.634,-1.307241405,0
3.6342,-1.279158827,0
3.6344,-1.303920014,0
3.6346,-1.341263172,0
3.6348,-1.325046148,0
3.635,-1.127212321,0
3.6352,-1.082212269,0
3.6354,-1.065643656,0
3.6356,-1.039737408,0
3.6358,-0.9873659502,0
3.636,-0.8246075362,0
3.6362,-0.7936643882,0
3.6364,-0.6632827087,0
3.6366,-0.574529007,0
3.6368,-0.5870120035,0
3.637,-0.4553045759,0
3.6372,-0.2471336439,0
3.6374,-0.1575363317,0
3.6376,-0.1050527282,0
3.6378,0.1051444508,1
3.638,0.2071758506,1
3.6382,0.2860889128,1
3.6384,0.4414147705,1
3.6386,0.5221384883,1
3.6388,0.6452515562,1
3.639,0.7569532727,1
3.6392,0.8804787778,1
3.6394,0.9088474215,1
3.6396,1.010844954,1
3.6398,1.063046391,1
3.64,1.091971738,0
3.6402,1.110421756,0
3.6404,1.191202062,0
3.6406,1.257937834,0
3.6408,1.281290733,0
3.641,1.252038066,0
3.6412,1.309455416,0
3.6414,1.332594165,0
3.6416,1.300046704,0
3.6418,1.353371253,0
3.642,1.258750377,0
3.6422,1.338270695,0
3.6424,1.209150884,0
3.6426,1.293004336,0
3.6428,1.188339875,0
3.643,1.14338861,0
3.6432,1.098134737,0
3.6434,1.070726376,0
3.6436,0.9621204003,0
3.6438,0.9148046941,0
3.644,0.860788114,0
3.6442,0.8623512178,0
3.6444,0.815645885,0
3.6446,0.8110592792,0
3.6448,0.6512920414,0
3.645,0.6901853023,0
3.6452,0.619484492,0
3.6454,0.7051154912,0
3.6456,0.6085621506,0
3.6458,0.4934421991,0
3.646,0.5058536702,0
3.6462,0.4249287444,0
3.6464,0.5625829808,0
3.6466,0.4813177935,0
3.6468,0.4329083517,0
3.647,0.4717195026,0
3.6472,0.4359270321,0
3.6474,0.4227076407,0
3.6476,0.3679462509,0
3.6478,0.3856658644,0
3.648,0.3184315412,0
3.6482,0.3932353154,0
3.6484,0.3623300142,0
3.6486,0.3097323669,0
3.6488,0.2559979426,0
3.649,0.3055771481,0
3.6492,0.3106712036,0
3.6494,0.2884968479,0
3.6496,0.1995718572,0
3.6498,0.1493291551,0
3.65,0.1446826148,0
3.6502,0.1157474859,0
3.6504,0.1366473736,0
3.6506,0.08539445387,0
3.6508,0.08489184939,0
3.651,0.02268881498,0
3.6512,-0.02086177789,0
3.6514,-0.03080721808,0
3.6516,-0.06590149439,0
3.6518,-0.1318582088,0
3.652,-0.13647529,0
3.6522,-0.2438791193,0
3.6524,-0.2087334727,0
3.6526,-0.295924398,0
3.6528,-0.231931347,0
3.653,-0.3317072672,0
3.6532,-0.2840329508,0
3.6534,-0.3276048054,0
3.6536,-0.3370899023,0
3.6538,-0.4250810019,0
3.654,-0.4000402293,0
3.6542,-0.3550881858,0
3.6544,-0.4231798045,0
3.6546,-0.4418099483,0
3.6548,-0.4593905098,0
3.655,-0.4577199909,0
3.6552,-0.4119638722,0
3.6554,-0.4056387593,0
3.6556,-0.4937468594,0
3.6558,-0.5100992557,0
3.656,-0.5120591739,0
3.6562,-0.5381076297,0
3.6564,-0.609840995,0
3.6566,-0.608519415,0
3.6568,-0.6161737072,0
3.657,-0.6703975854,0
3.6572,-0.6703513016,0
3.6574,-0.6900482849,0
3.6576,-0.8076688698,0
3.6578,-0.8422558469,0
3.658,-0.8560892174,0
3.6582,-0.9511595157,0
3.6584,-0.8831460274,0
3.6586,-0.9796447724,0
3.6588,-1.016188393,0
3.659,-1.041372075,0
3.6592,-1.202659601,0
3.6594,-1.149406114,0
3.6596,-1.241786317,0
3.6598,-1.223514168,0
3.66,-1.260217913,0
3.6602,-1.307603398,0
3.6604,-1.294075397,0
3.6606,-1.262895973,0
3.6608,-1.260084537,0
3.661,-1.28982856,0
3.6612,-1.344959875,0
3.6614,-1.251178732,0
3.6616,-1.26769923,0
3.6618,-1.221533725,0
3.662,-1.1307212,0
3.6622,-1.086379625,0
3.6624,-1.01320742,0
3.6626,-0.9322696289,0
3.6628,-0.8774988477,0
3.663,-0.7500268219,0
3.6632,-0.6974090018,0
3.6634,-0.6535692136,0
3.6636,-0.4528702673,0
3.6638,-0.4188731923,0
3.664,-0.2695479527,0
3.6642,-0.1163233858,0
3.6644,0.03849049164,0
3.6646,0.07302887435,1
3.6648,0.1742289855,1
3.665,0.3058461176,1
3.6652,0.499681631,1
3.6654,0.5432362786,1
3.6656,0.6457967483,1
3.6658,0.7536703654,1
3.666,0.8499663436,1
3.6662,0.8643083743,1
3.6664,0.9982320217,1
3.6666,1.097488706,1
3.6668,1.113971063,0
3.667,1.182708649,0
3.6672,1.223642619,0
3.6674,1.248710264,0
3.6676,1.242569903,0
3.6678,1.283548534,0
3.668,1.286241792,0
3.6682,1.335791921,0
3.6684,1.368526462,0
3.6686,1.217996462,0
3.6688,1.25442249,0
3.669,1.232452703,0
3.6692,1.174061883,0
3.6694,1.250350096,0
3.6696,1.12483592,0
3.6698,1.027672703,0
3.67,1.019807948,0
3.6702,1.064832536,0
3.6704,0.9199369669,0
3.6706,0.8959470678,0
3.6708,0.8287700635,0
3.671,0.771701607,0
3.6712,0.7987842299,0
3.6714,0.7823363959,0
3.6716,0.647732474,0
3.6718,0.7525067193,0
3.672,0.641034743,0
3.6722,0.5481903326,0
3.6724,0.5956476502,0
3.6726,0.554971078,0
3.6728,0.520215869,0
3.673,0.5212650047,0
3.6732,0.4812722005,0
3.6734,0.4834586818,0
3.6736,0.47868647,0
3.6738,0.4006249679,0
3.674,0.5014463413,0
3.6742,0.4281367252,0
3.6744,0.3713094448,0
3.6746,0.3565424793,0
3.6748,0.3974370331,0
3.675,0.3586229004,0
3.6752,0.3273924065,0
3.6754,0.2907102344,0
3.6756,0.3001472582,0
3.6758,0.284293816,0
3.676,0.2731555154,0
3.6762,0.2890743882,0
3.6764,0.1875037358,0
3.6766,0.1843411236,0
3.6768,0.133918068,0
3.677,0.04066761492,0
3.6772,0.06150406122,0
3.6774,0.04082650452,0
3.6776,0.07368131605,0
3.6778,0.01693756823,0
3.678,-0.1148562877,0
3.6782,0.03034629701,0
3.6784,-0.05078329388,0
3.6786,-0.1748984781,0
3.6788,-0.1796083942,0
3.679,-0.1568373569,0
3.6792,-0.212510264,0
3.6794,-0.2425780013,0
3.6796,-0.2748379973,0
3.6798,-0.2545246426,0
3.68,-0.3077935395,0
3.6802,-0.267822205,0
3.6804,-0.3611527458,0
3.6806,-0.3692953588,0
3.6808,-0.3286195406,0
3.681,-0.4067258175,0
3.6812,-0.4214689488,0
3.6814,-0.4143916947,0
3.6816,-0.4592600984,0
3.6818,-0.4564177175,0
3.682,-0.4601617133,0
3.6822,-0.4640613535,0
3.6824,-0.5534486244,0
3.6826,-0.5552571201,0
3.6828,-0.5180771241,0
3.683,-0.5158006711,0
3.6832,-0.5793176959,0
3.6834,-0.6098017795,0
3.6836,-0.6522808632,0
3.6838,-0.6897326611,0
3.684,-0.6845775402,0
3.6842,-0.7481959672,0
3.6844,-0.8033654424,0
3.6846,-0.8798128887,0
3.6848,-0.8749082345,0
3.685,-0.9595005497,0
3.6852,-0.9279165532,0
3.6854,-1.044080529,0
3.6856,-1.144444315,0
3.6858,-1.084197576,0
3.686,-1.150904498,0
3.6862,-1.172826988,0
3.6864,-1.218885444,0
3.6866,-1.251813718,0
3.6868,-1.236747863,0
3.687,-1.311482268,0
3.6872,-1.337030951,0
3.6874,-1.356494989,0
3.6876,-1.285088137,0
3.6878,-1.203683314,0
3.688,-1.285847276,0
3.6882,-1.219680435,0
3.6884,-1.097832185,0
3.6886,-1.17476533,0
3.6888,-1.150694218,0
3.689,-1.047920393,0
3.6892,-0.9687479172,0
3.6894,-0.8937719316,0
3.6896,-0.7911986202,0
3.6898,-0.6783586876,0
3.69,-0.5985259589,0
3.6902,-0.4360889413,0
3.6904,-0.345874358,0
3.6906,-0.2747199835,0
3.6908,-0.1293617743,0
3.691,-0.1060383129,0
3.6912,0.1171667582,1
3.6914,0.236925459,1
3.6916,0.3787145566,1
3.6918,0.3829370337,1
3.692,0.5519553886,1
3.6922,0.6405708111,1
3.6924,0.6985581586,1
3.6926,0.8646233362,1
3.6928,0.9033208387,1
3.693,1.067974223,1
3.6932,1.081241956,1
3.6934,1.169192959,0
3.6936,1.197084061,0
3.6938,1.248591509,0
3.694,1.228124317,0
3.6942,1.258774566,0
3.6944,1.309065889,0
3.6946,1.332710606,0
3.6948,1.277329271,0
3.695,1.284933481,0
3.6952,1.259802303,0
3.6954,1.234585075,0
3.6956,1.231155969,0
3.6958,1.169549995,0
3.696,1.1442019,0
3.6962,1.177837876,0
3.6964,1.120298384,0
3.6966,0.9410009673,0
3.6968,1.03383979,0
3.697,1.038686219,0
3.6972,0.9193362091,0
3.6974,0.8558600767,0
3.6976,0.8043979656,0
3.6978,0.7102545692,0
3.698,0.745833242,0
3.6982,0.6669222629,0
3.6984,0.6342866197,0
3.6986,0.6601858491,0
3.6988,0.5833859722,0
3.699,0.6151959019,0
3.6992,0.5820518966,0
3.6994,0.4625834315,0
3.6996,0.53645231,0
3.6998,0.4977520345,0
3.7,0.4303332435,0
3.7002,0.4068955457,0
3.7004,0.4637982358,0
3.7006,0.4192752317,0
3.7008,0.370156844,0
3.701,0.3526312704,0
3.7012,0.3515179992,0
3.7014,0.428205677,0
3.7016,0.3740436354,0
3.7018,0.3077050361,0
3.702,0.341585587,0
3.7022,0.3126897001,0
3.7024,0.2853034088,0
3.7026,0.2519313354,0
3.7028,0.2343798308,0
3.703,0.2222291574,0
3.7032,0.09079182271,0
3.7034,0.1115539555,0
3.7036,0.0758833183,0
3.7038,0.09488172001,0
3.704,0.0509469796,0
3.7042,0.0005900399108,0
3.7044,0.01504269199,0
3.7046,-0.06847809375,0
3.7048,-0.1051939525,0
3.705,-0.1279187792,0
3.7052,-0.1487275865,0
3.7054,-0.2713083718,0
3.7056,-0.1285778232,0
3.7058,-0.233278521,0
3.706,-0.2580614855,0
3.7062,-0.3023529351,0
3.7064,-0.2780189017,0
3.7066,-0.2903149843,0
3.7068,-0.3468296405,0
3.707,-0.3578946244,0
3.7072,-0.3262183301,0
3.7074,-0.3434414488,0
3.7076,-0.3735629284,0
3.7078,-0.4580802037,0
3.708,-0.4385431184,0
3.7082,-0.4444032212,0
3.7084,-0.5531809357,0
3.7086,-0.564181768,0
3.7088,-0.5731708474,0
3.709,-0.4570279461,0
3.7092,-0.5066793319,0
3.7094,-0.5645595339,0
3.7096,-0.5833502984,0
3.7098,-0.5764903571,0
3.71,-0.5739563953,0
3.7102,-0.656845085,0
3.7104,-0.7504398021,0
3.7106,-0.7259306999,0
3.7108,-0.7543419639,0
3.711,-0.8057996235,0
3.7112,-0.9256106366,0
3.7114,-0.9040300101,0
3.7116,-0.984472828,0
3.7118,-1.049922967,0
3.712,-1.090700608,0
3.7122,-1.082519169,0
3.7124,-1.121014109,0
3.7126,-1.162665237,0
3.7128,-1.203709902,0
3.713,-1.264364216,0
3.7132,-1.332340273,0
3.7134,-1.250274255,0
3.7136,-1.272249619,0
3.7138,-1.352447903,0
3.714,-1.268983794,0
3.7142,-1.298259908,0
3.7144,-1.274179228,0
3.7146,-1.340437725,0
3.7148,-1.247962264,0
3.715,-1.188626944,0
3.7152,-1.149430574,0
3.7154,-1.058035349,0
3.7156,-0.9521169011,0
3.7158,-0.8455591644,0
3.716,-0.7746725603,0
3.7162,-0.8088351267,0
3.7164,-0.5979637303,0
3.7166,-0.5668676587,0
3.7168,-0.457882242,0
3.717,-0.2670178933,0
3.7172,-0.2055315384,0
3.7174,-0.07151415633,0
3.7176,-0.007760021541,1
3.7178,0.1427521364,1
3.718,0.2758294695,1
3.7182,0.4204036141,1
3.7184,0.5402182361,1
3.7186,0.6474061267,1
3.7188,0.621482323,1
3.719,0.7936126758,1
3.7192,0.8768758219,1
3.7194,0.9430460071,1
3.7196,1.053261998,1
3.7198,1.100845101,0
3.72,1.128600007,0
3.7202,1.171320783,0
3.7204,1.244043567,0
3.7206,1.400785057,0
3.7208,1.347755162,0
3.721,1.245234734,0
3.7212,1.300027862,0
3.7214,1.299001936,0
3.7216,1.27673839,0
3.7218,1.319022873,0
3.722,1.214592077,0
3.7222,1.197754889,0
3.7224,1.203602391,0
3.7226,1.145029098,0
3.7228,1.110044144,0
3.723,1.013426791,0
3.7232,0.9839430893,0
3.7234,0.9900261829,0
3.7236,0.9200127055,0
3.7238,0.9376672319,0
3.724,0.7478034768,0
3.7242,0.7393043821,0
3.7244,0.7703019575,0
3.7246,0.7488775749,0
3.7248,0.6912025149,0
3.725,0.6499922042,0
3.7252,0.576962176,0
3.7254,0.5565017047,0
3.7256,0.5017005238,0
3.7258,0.5075673092,0
3.726,0.4474453045,0
3.7262,0.4830735919,0
3.7264,0.4418818439,0
3.7266,0.440188752,0
3.7268,0.407671324,0
3.727,0.4511395116,0
3.7272,0.422302086,0
3.7274,0.3620652799,0
3.7276,0.4072659324,0
3.7278,0.3658430908,0
3.728,0.3239854566,0
3.7282,0.2770819094,0
3.7284,0.3648594675,0
3.7286,0.2726585433,0
3.7288,0.3142156704,0
3.729,0.2841201756,0
3.7292,0.2104444324,0
3.7294,0.2127063425,0
3.7296,0.1433688404,0
3.7298,0.1486821276,0
3.73,0.09002652069,0
3.7302,0.05811786282,0
3.7304,0.1000106051,0
3.7306,0.0382950227,0
3.7308,-0.02685218645,0
3.731,-0.0521990366,0
3.7312,-0.04626570828,0
3.7314,-0.1463307922,0
3.7316,-0.1421349046,0
3.7318,-0.178434957,0
3.732,-0.2527079787,0
3.7322,-0.2002045817,0
3.7324,-0.27657897,0
3.7326,-0.3633699201,0
3.7328,-0.2913493143,0
3.733,-0.3344350618,0
3.7332,-0.4198894891,0
3.7334,-0.3734125348,0
3.7336,-0.3235986691,0
3.7338,-0.3768900222,0
3.734,-0.440688394,0
3.7342,-0.3926207313,0
3.7344,-0.4242221344,0
3.7346,-0.4289752647,0
3.7348,-0.4388438722,0
3.735,-0.5081853499,0
3.7352,-0.5153710833,0
3.7354,-0.437105802,0
3.7356,-0.4873770183,0
3.7358,-0.5057007183,0
3.736,-0.5912956845,0
3.7362,-0.6144411269,0
3.7364,-0.618064293,0
3.7366,-0.6327082818,0
3.7368,-0.7301172237,0
3.737,-0.6763490616,0
3.7372,-0.8485651119,0
3.7374,-0.823571723,0
3.7376,-0.8896349557,0
3.7378,-1.009452169,0
3.738,-0.9593111441,0
3.7382,-1.023042431,0
3.7384,-1.10655367,0
3.7386,-1.119054738,0
3.7388,-1.127894992,0
3.739,-1.144302052,0
3.7392,-1.244630857,0
3.7394,-1.233428556,0
3.7396,-1.327554382,0
3.7398,-1.281278499,0
3.74,-1.330273428,0
3.7402,-1.301500525,0
3.7404,-1.24822114,0
3.7406,-1.255570325,0
3.7408,-1.335232881,0
3.741,-1.246890115,0
3.7412,-1.252397177,0
3.7414,-1.180014859,0
3.7416,-1.071328731,0
3.7418,-1.094449511,0
3.742,-0.9239126859,0
3.7422,-0.8642221242,0
3.7424,-0.8374120513,0
3.7426,-0.6825255263,0
3.7428,-0.6173398958,0
3.743,-0.506225971,0
3.7432,-0.3952361318,0
3.7434,-0.1981045711,0
3.7436,-0.1315269404,0
3.7438,-0.01785959601,0
3.744,0.1243006788,1
3.7442,0.1886953579,1
3.7444,0.3655206943,1
3.7446,0.448956149,1
3.7448,0.5194177684,1
3.745,0.6493588163,1
3.7452,0.7689469485,1
3.7454,0.8526722128,1
3.7456,0.9880850307,1
3.7458,1.050687438,1
3.746,1.098283395,1
3.7462,1.130511262,0
3.7464,1.212276359,0
3.7466,1.241546509,0
3.7468,1.270296363,0
3.747,1.251905501,0
3.7472,1.266087401,0
3.7474,1.290712633,0
3.7476,1.249930366,0
3.7478,1.265055964,0
3.748,1.261629994,0
3.7482,1.291098594,0
3.7484,1.222788417,0
3.7486,1.27245167,0
3.7488,1.240821237,0
3.749,1.124322816,0
3.7492,1.09759705,0
3.7494,1.031028396,0
3.7496,0.9900915215,0
3.7498,0.9556506175,0
3.75,0.917409587,0
3.7502,0.837218431,0
3.7504,0.7714898798,0
3.7506,0.8036745187,0
3.7508,0.6744161204,0
3.751,0.7235790003,0
3.7512,0.7379633153,0
3.7514,0.6155239848,0
3.7516,0.5943746758,0
3.7518,0.5447670289,0
3.752,0.4821647972,0
3.7522,0.4992081589,0
3.7524,0.434898981,0
3.7526,0.4998335504,0
3.7528,0.4446918226,0
3.753,0.4734140149,0
3.7532,0.4140540236,0
3.7534,0.3930460142,0
3.7536,0.4331073632,0
3.7538,0.4293279775,0
3.754,0.3444154513,0
3.7542,0.3804281941,0
3.7544,0.4173895743,0
3.7546,0.2754164031,0
3.7548,0.3227583229,0
3.755,0.2706872352,0
3.7552,0.2726752419,0
3.7554,0.2704563044,0
3.7556,0.2100203305,0
3.7558,0.1381948973,0
3.756,0.1841830337,0
3.7562,0.1253472766,0
3.7564,0.1598674622,0
3.7566,0.08399879419,0
3.7568,0.02688797768,0
3.757,0.01782184421,0
3.7572,-0.001069688532,0
3.7574,-0.1189634209,0
3.7576,-0.1307277078,0
3.7578,-0.1159859627,0
3.758,-0.1475169813,0
3.7582,-0.2178797693,0
3.7584,-0.2156151681,0
3.7586,-0.2216173028,0
3.7588,-0.2672350522,0
3.759,-0.3322901579,0
3.7592,-0.4150009309,0
3.7594,-0.3566221949,0
3.7596,-0.3571417377,0
3.7598,-0.3914377913,0
3.76,-0.3660938795,0
3.7602,-0.3804241679,0
3.7604,-0.4622607839,0
3.7606,-0.4120794605,0
3.7608,-0.4105319863,0
3.761,-0.4179660065,0
3.7612,-0.4596627808,0
3.7614,-0.4750044422,0
3.7616,-0.5234292728,0
3.7618,-0.4608427769,0
3.762,-0.519029189,0
3.7622,-0.5519645077,0
3.7624,-0.5768896707,0
3.7626,-0.5896633426,0
3.7628,-0.6791625757,0
3.763,-0.764414432,0
3.7632,-0.7755370032,0
3.7634,-0.7169285935,0
3.7636,-0.8400031212,0
3.7638,-0.8495273337,0
3.764,-0.896590798,0
3.7642,-0.9064226095,0
3.7644,-1.005207823,0
3.7646,-1.012115376,0
3.7648,-1.04884269,0
3.765,-1.157003973,0
3.7652,-1.187295993,0
3.7654,-1.212786319,0
3.7656,-1.266097981,0
3.7658,-1.267191676,0
3.766,-1.295207902,0
3.7662,-1.249419222,0
3.7664,-1.291469992,0
3.7666,-1.271217697,0
3.7668,-1.243235102,0
3.767,-1.208015305,0
3.7672,-1.270293937,0
3.7674,-1.159512248,0
3.7676,-1.10384448,0
3.7678,-1.1322704,0
3.768,-1.106940783,0
3.7682,-0.9579561592,0
3.7684,-0.9867069076,0
3.7686,-0.7963448933,0
3.7688,-0.7175361086,0
3.769,-0.582093603,0
3.7692,-0.52726142,0
3.7694,-0.3861889341,0
3.7696,-0.2745089406,0
3.7698,-0.1861379029,0
3.77,-0.005878636974,0
3.7702,0.1144645397,1
3.7704,0.2491641763,1
3.7706,0.295247931,1
3.7708,0.4478087126,1
3.771,0.4591523033,1
3.7712,0.634787515,1
3.7714,0.7510755637,1
3.7716,0.8824487098,1
3.7718,0.9525179688,1
3.772,1.102072203,1
3.7722,1.065893744,0
3.7724,1.125935231,0
3.7726,1.199051168,0
3.7728,1.295994103,0
3.773,1.24566292,0
3.7732,1.298275984,0
3.7734,1.323037424,0
3.7736,1.309350942,0
3.7738,1.262612973,0
3.774,1.29790521,0
3.7742,1.257296361,0
3.7744,1.206921022,0
3.7746,1.238835045,0
3.7748,1.203260947,0
3.775,1.189574102,0
3.7752,1.083503868,0
3.7754,1.036345455,0
3.7756,1.057137066,0
3.7758,0.9865890138,0
3.776,0.902705266,0
3.7762,0.8531728857,0
3.7764,0.8572441569,0
3.7766,0.7325838332,0
3.7768,0.7780700495,0
3.777,0.690000223,0
3.7772,0.644392912,0
3.7774,0.7285476003,0
3.7776,0.6759209788,0
3.7778,0.5053946651,0
3.778,0.4995416611,0
3.7782,0.5354903166,0
3.7784,0.5404019614,0
3.7786,0.4826780467,0
3.7788,0.4399769376,0
3.779,0.4475782319,0
3.7792,0.4422789001,0
3.7794,0.374553751,0
3.7796,0.3569183211,0
3.7798,0.3280326401,0
3.78,0.4315174025,0
3.7802,0.3940461746,0
3.7804,0.3775988298,0
3.7806,0.3300632278,0
3.7808,0.36417772,0
3.781,0.2969231774,0
3.7812,0.3136236005,0
3.7814,0.2170914795,0
3.7816,0.2503652853,0
3.7818,0.2268395775,0
3.782,0.1939541892,0
3.7822,0.1335603993,0
3.7824,0.08159163737,0
3.7826,0.09345979193,0
3.7828,0.0643170166,0
3.783,0.03383789063,0
3.7832,-0.02573280374,0
3.7834,-0.05481739459,0
3.7836,-0.1326262629,0
3.7838,-0.1421074605,0
3.784,-0.07331929801,0
3.7842,-0.1804243013,0
3.7844,-0.212373993,0
3.7846,-0.2145027358,0
3.7848,-0.2316088927,0
3.785,-0.3200662549,0
3.7852,-0.2879879089,0
3.7854,-0.3230383063,0
3.7856,-0.3371460167,0
3.7858,-0.3486966875,0
3.786,-0.4516904419,0
3.7862,-0.417803441,0
3.7864,-0.3964282804,0
3.7866,-0.4042273454,0
3.7868,-0.3569738206,0
3.787,-0.4153744118,0
3.7872,-0.3738071201,0
3.7874,-0.5194253204,0
3.7876,-0.4554609586,0
3.7878,-0.4264065443,0
3.788,-0.4886886117,0
3.7882,-0.526360588,0
3.7884,-0.5707509197,0
3.7886,-0.5661473066,0
3.7888,-0.6502891679,0
3.789,-0.7312570228,0
3.7892,-0.7619097048,0
3.7894,-0.863443387,0
3.7896,-0.8120061813,0
3.7898,-0.8414745466,0
3.79,-0.9811178564,0
3.7902,-0.8864789695,0
3.7904,-0.9839037519,0
3.7906,-1.072048853,0
3.7908,-1.117197053,0
3.791,-1.143990017,0
3.7912,-1.124903314,0
3.7914,-1.172651065,0
3.7916,-1.230868593,0
3.7918,-1.249392277,0
3.792,-1.30356886,0
3.7922,-1.321326531,0
3.7924,-1.289449042,0
3.7926,-1.30336811,0
3.7928,-1.28952463,0
3.793,-1.292098528,0
3.7932,-1.218146019,0
3.7934,-1.202597979,0
3.7936,-1.188680687,0
3.7938,-1.076713856,0
3.794,-1.115961678,0
3.7942,-1.074281408,0
3.7944,-1.009407359,0
3.7946,-0.8146717088,0
3.7948,-0.7262307797,0
3.795,-0.6305500752,0
3.7952,-0.448900817,0
3.7954,-0.4164293649,0
3.7956,-0.3451769089,0
3.7958,-0.1330098342,0
3.796,-0.1109022006,0
3.7962,0.01914648104,1
3.7964,0.2822979506,1
3.7966,0.3166274761,1
3.7968,0.4081921461,1
3.797,0.5456840603,1
3.7972,0.5967907102,1
3.7974,0.7881673563,1
3.7976,0.7902393875,1
3.7978,0.925010218,1
3.798,0.9217624959,1
3.7982,1.077848819,0
3.7984,1.156780096,0
3.7986,1.25339857,0
3.7988,1.269622903,0
3.799,1.249605457,0
3.7992,1.285296578,0
3.7994,1.309189269,0
3.7996,1.29327171,0
3.7998,1.279368973,0
3.8,1.297444712,0
3.8002,1.333451987,0
3.8004,1.204139377,0
3.8006,1.233674304,0
3.8008,1.251343492,0
3.801,1.12388574,0
3.8012,1.036290199,0
3.8014,1.082147478,0
3.8016,0.9562686861,0
3.8018,0.9994017126,0
3.802,0.9208117019,0
3.8022,0.9006548271,0
3.8024,0.7906373131,0
3.8026,0.7354959352,0
3.8028,0.8211551641,0
3.803,0.7763767115,0
3.8032,0.7020079773,0
3.8034,0.6364565819,0
3.8036,0.5953819241,0
3.8038,0.5290979088,0
3.804,0.546851314,0
3.8042,0.5849876282,0
3.8044,0.4932833112,0
3.8046,0.508013227,0
3.8048,0.4966897312,0
3.805,0.4432590551,0
3.8052,0.4085967502,0
3.8054,0.3847850666,0
3.8056,0.4440832537,0
3.8058,0.3055826299,0
3.806,0.4159540986,0
3.8062,0.3548250438,0
3.8064,0.3239118834,0
3.8066,0.3703597829,0
3.8068,0.2764486206,0
3.807,0.3019414766,0
3.8072,0.3361002624,0
3.8074,0.2307951244,0
3.8076,0.1704068384,0
3.8078,0.1827955902,0
3.808,0.1941457694,0
3.8082,0.1117605711,0
3.8084,0.1465894257,0
3.8086,0.003088598786,0
3.8088,0.07192761191,0
3.809,0.06045544435,0
3.8092,-0.06786971995,0
3.8094,-0.04554004023,0
3.8096,-0.1361148714,0
3.8098,-0.1934771619,0
3.81,-0.1070233561,0
3.8102,-0.2236251146,0
3.8104,-0.2772278161,0
3.8106,-0.2337325113,0
3.8108,-0.2641115806,0
3.811,-0.3091334795,0
3.8112,-0.2923745951,0
3.8114,-0.2964611115,0
3.8116,-0.3573661093,0
3.8118,-0.3857295592,0
3.812,-0.3617429883,0
3.8122,-0.4026752418,0
3.8124,-0.514146927,0
3.8126,-0.4416030956,0
3.8128,-0.4423400161,0
3.813,-0.3820179214,0
3.8132,-0.529627014,0
3.8134,-0.4414344395,0
3.8136,-0.5533463864,0
3.8138,-0.4729326979,0
3.814,-0.5696752488,0
3.8142,-0.5174561631,0
3.8144,-0.499365274,0
3.8146,-0.6582671464,0
3.8148,-0.6843820785,0
3.815,-0.7292425946,0
3.8152,-0.7134038847,0
3.8154,-0.7284447586,0
3.8156,-0.8073682596,0
3.8158,-0.8879829951,0
3.816,-0.9390167625,0
3.8162,-0.9821157664,0
3.8164,-1.016728451,0
3.8166,-1.123657109,0
3.8168,-1.053768478,0
3.817,-1.180554664,0
3.8172,-1.177561621,0
3.8174,-1.127767969,0
3.8176,-1.237235442,0
3.8178,-1.322973883,0
3.818,-1.254758603,0
3.8182,-1.307304888,0
3.8184,-1.361634471,0
3.8186,-1.279255201,0
3.8188,-1.286272028,0
3.819,-1.244941727,0
3.8192,-1.203975484,0
3.8194,-1.289303877,0
3.8196,-1.153200239,0
3.8198,-1.152576648,0
3.82,-1.00341054,0
3.8202,-1.058729659,0
3.8204,-0.8834920229,0
3.8206,-0.7763825693,0
3.8208,-0.64596166,0
3.821,-0.5866527566,0
3.8212,-0.4240457537,0
3.8214,-0.3883194609,0
3.8216,-0.2934185362,0
3.8218,-0.1620058357,0
3.822,-0.04489140424,0
3.8222,0.1014599377,1
3.8224,0.1671511179,1
3.8226,0.3309519998,1
3.8228,0.4656975518,1
3.823,0.6556208089,1
3.8232,0.6178376575,1
3.8234,0.7797035535,1
3.8236,0.8933132693,1
3.8238,0.9261608806,1
3.824,1.062500624,1
3.8242,1.075840558,0
3.8244,1.135999658,0
3.8246,1.240389874,0
3.8248,1.258618036,0
3.825,1.164959424,0
3.8252,1.258221493,0
3.8254,1.308166866,0
3.8256,1.222099409,0
3.8258,1.339995411,0
3.826,1.361770975,0
3.8262,1.326737758,0
3.8264,1.217770368,0
3.8266,1.170946248,0
3.8268,1.143192125,0
3.827,1.094492567,0
3.8272,1.058567825,0
3.8274,1.055243193,0
3.8276,0.9490352314,0
3.8278,0.9574751796,0
3.828,0.8971176325,0
3.8282,0.8586798431,0
3.8284,0.8121320278,0
3.8286,0.7684931463,0
3.8288,0.6921401975,0
3.829,0.6747790136,0
3.8292,0.640794195,0
3.8294,0.6375609412,0
3.8296,0.5989792011,0
3.8298,0.5875390584,0
3.83,0.4981713754,0
3.8302,0.5077700361,0
3.8304,0.5080962504,0
3.8306,0.4633058573,0
3.8308,0.4613974876,0
3.831,0.495308189,0
3.8312,0.472907939,0
3.8314,0.3927132689,0
3.8316,0.4152882538,0
3.8318,0.3545376652,0
3.832,0.369239386,0
3.8322,0.2905569907,0
3.8324,0.3526222332,0
3.8326,0.3069551313,0
3.8328,0.3173498293,0
3.833,0.3322068821,0
3.8332,0.2582294564,0
3.8334,0.2546899543,0
3.8336,0.1891838536,0
3.8338,0.2186199057,0
3.834,0.1521429153,0
3.8342,0.2129952639,0
3.8344,0.1554457107,0
3.8346,0.02867102344,0
3.8348,0.06577505264,0
3.835,-0.03900309145,0
3.8352,-0.01861341056,0
3.8354,-0.01018750221,0
3.8356,-0.1142285182,0
3.8358,-0.2163461975,0
3.836,-0.1867328952,0
3.8362,-0.2428210372,0
3.8364,-0.2548684444,0
3.8366,-0.2252705734,0
3.8368,-0.2176668358,0
3.837,-0.2556814465,0
3.8372,-0.3380616962,0
3.8374,-0.304732054,0
3.8376,-0.4346916824,0
3.8378,-0.2945443024,0
3.838,-0.3710600552,0
3.8382,-0.3972084256,0
3.8384,-0.4152224256,0
3.8386,-0.333185955,0
3.8388,-0.4232081222,0
3.839,-0.4831107055,0
3.8392,-0.4802753363,0
3.8394,-0.5368985391,0
3.8396,-0.4808397391,0
3.8398,-0.4948530919,0
3.84,-0.5938670354,0
3.8402,-0.565526389,0
3.8404,-0.6119975962,0
3.8406,-0.6062945271,0
3.8408,-0.6438065337,0
3.841,-0.6643384627,0
3.8412,-0.7527343417,0
3.8414,-0.8608514949,0
3.8416,-0.875260953,0
3.8418,-0.9085593658,0
3.842,-0.9736473887,0
3.8422,-0.9705822107,0
3.8424,-1.053212866,0
3.8426,-1.061487604,0
3.8428,-1.147138241,0
3.843,-1.163734184,0
3.8432,-1.167512865,0
3.8434,-1.162688159,0
3.8436,-1.232776257,0
3.8438,-1.276139151,0
3.844,-1.324884884,0
3.8442,-1.333585954,0
3.8444,-1.26929179,0
3.8446,-1.286193647,0
3.8448,-1.243152449,0
3.845,-1.258498586,0
3.8452,-1.220335704,0
3.8454,-1.216898227,0
3.8456,-1.138284107,0
3.8458,-1.032048215,0
3.846,-0.8932405399,0
3.8462,-0.8262348267,0
3.8464,-0.8158630694,0
3.8466,-0.6934743493,0
3.8468,-0.6406767199,0
3.847,-0.5342500953,0
3.8472,-0.4586724576,0
3.8474,-0.2332838733,0
3.8476,-0.1407489395,0
3.8478,-0.1241771522,0
3.848,0.08905261368,1
3.8482,0.298804054,1
3.8484,0.3590928686,1
3.8486,0.4045150961,1
3.8488,0.5905154845,1
3.849,0.6989099238,1
3.8492,0.7440756395,1
3.8494,0.8214821202,1
3.8496,0.942556145,1
3.8498,1.02422235,1
3.85,1.125970657,0
3.8502,1.119245832,0
3.8504,1.190268832,0
3.8506,1.261731743,0
3.8508,1.323282413,0
3.851,1.289183226,0
3.8512,1.321285718,0
3.8514,1.37580158,0
3.8516,1.333674162,0
3.8518,1.322204441,0
3.852,1.226410059,0
3.8522,1.259316679,0
3.8524,1.17521298,0
3.8526,1.140763579,0
3.8528,1.176622338,0
3.853,1.062574745,0
3.8532,1.056374598,0
3.8534,1.004902461,0
3.8536,0.9169476151,0
3.8538,0.8418896531,0
3.854,0.7615929682,0
3.8542,0.7876789176,0
3.8544,0.7741392481,0
3.8546,0.6948458574,0
3.8548,0.7161204613,0
3.855,0.6104337068,0
3.8552,0.7141689529,0
3.8554,0.5515077316,0
3.8556,0.5813910709,0
3.8558,0.5378117738,0
3.856,0.5041688602,0
3.8562,0.467100485,0
3.8564,0.3927921814,0
3.8566,0.4028837805,0
3.8568,0.4098528642,0
3.857,0.3450197557,0
3.8572,0.4385054082,0
3.8574,0.34291373,0
3.8576,0.3930582581,0
3.8578,0.3541299195,0
3.858,0.3125422061,0
3.8582,0.3768795025,0
3.8584,0.3823920547,0
3.8586,0.2676993466,0
3.8588,0.2986719015,0
3.859,0.2463855957,0
3.8592,0.2285072187,0
3.8594,0.2176825768,0
3.8596,0.08851755315,0
3.8598,0.1063429428,0
3.86,0.07334856009,0
3.8602,0.06735940529,0
3.8604,0.06632164733,0
3.8606,-0.05750342001,0
3.8608,0.007443648237,0
3.861,-0.04572647363,0
3.8612,-0.08295203455,0
3.8614,-0.1579321226,0
3.8616,-0.1424087097,0
3.8618,-0.1637269755,0
3.862,-0.2029673005,0
3.8622,-0.194754279,0
3.8624,-0.2268698105,0
3.8626,-0.3185358375,0
3.8628,-0.308292017,0
3.863,-0.3209884474,0
3.8632,-0.3407041478,0
3.8634,-0.4237610569,0
3.8636,-0.4325224735,0
3.8638,-0.3701937947,0
3.864,-0.3791510476,0
3.8642,-0.4291926417,0
3.8644,-0.5111181918,0
3.8646,-0.4606939121,0
3.8648,-0.5152085062,0
3.865,-0.4193665383,0
3.8652,-0.4934634075,0
3.8654,-0.5348816375,0
3.8656,-0.4416736138,0
3.8658,-0.5990514772,0
3.866,-0.588537592,0
3.8662,-0.5862502851,0
3.8664,-0.6213167143,0
3.8666,-0.723604352,0
3.8668,-0.7612505562,0
3.867,-0.7537862405,0
3.8672,-0.8370709285,0
3.8674,-0.8233585572,0
3.8676,-0.9016321749,0
3.8678,-0.9509069839,0
3.868,-1.020829718,0
3.8682,-1.071584607,0
3.8684,-1.088870506,0
3.8686,-1.106978048,0
3.8688,-1.164511115,0
3.869,-1.25195468,0
3.8692,-1.255979795,0
3.8694,-1.323291666,0
3.8696,-1.33802812,0
3.8698,-1.356620021,0
3.87,-1.283513951,0
3.8702,-1.231184383,0
3.8704,-1.248675561,0
3.8706,-1.260009474,0
3.8708,-1.285108505,0
3.871,-1.232428784,0
3.8712,-1.096379237,0
3.8714,-0.9802211795,0
3.8716,-0.9742601216,0
3.8718,-0.9675569883,0
3.872,-0.8289076658,0
3.8722,-0.6400243231,0
3.8724,-0.631913046,0
3.8726,-0.5555361916,0
3.8728,-0.4229902875,0
3.873,-0.2660235147,0
3.8732,-0.1933654699,0
3.8734,-0.1216827925,0
3.8736,0.04191239174,1
3.8738,0.1974876515,1
3.874,0.2805317099,1
3.8742,0.3366835736,1
3.8744,0.546195021,1
3.8746,0.6491752613,1
3.8748,0.6735397576,1
3.875,0.7574490395,1
3.8752,0.9724530566,1
3.8754,1.036531187,1
3.8756,1.095140525,0
3.8758,1.205295753,0
3.876,1.205434827,0
3.8762,1.156732624,0
3.8764,1.294604089,0
3.8766,1.264230158,0
3.8768,1.338987065,0
3.877,1.367516737,0
3.8772,1.294503155,0
3.8774,1.313325243,0
3.8776,1.32865903,0
3.8778,1.242869414,0
3.878,1.18227952,0
3.8782,1.167309931,0
3.8784,1.108161332,0
3.8786,1.170744369,0
3.8788,1.087574499,0
3.879,0.9914272517,0
3.8792,0.9911629705,0
3.8794,1.003563434,0
3.8796,0.8735755374,0
3.8798,0.8868511254,0
3.88,0.7079776946,0
3.8802,0.6946443625,0
3.8804,0.6786058728,0
3.8806,0.68474955,0
3.8808,0.6150094087,0
3.881,0.5244063385,0
3.8812,0.5519271469,0
3.8814,0.5688951636,0
3.8816,0.5438480641,0
3.8818,0.4528423942,0
3.882,0.452737175,0
3.8822,0.4547478228,0
3.8824,0.44710693,0
3.8826,0.449720293,0
3.8828,0.4418104667,0
3.883,0.3190989791,0
3.8832,0.41189223,0
3.8834,0.3501305912,0
3.8836,0.3726691702,0
3.8838,0.3194648974,0
3.884,0.3927770376,0
3.8842,0.2713681099,0
3.8844,0.2545514969,0
3.8846,0.2031586718,0
3.8848,0.1945830191,0
3.885,0.2060566642,0
3.8852,0.2339597845,0
3.8854,0.1089577142,0
3.8856,0.132822645,0
3.8858,0.09581919579,0
3.886,0.1436639962,0
3.8862,-0.05424742028,0
3.8864,0.02741285276,0
3.8866,0.02840003338,0
3.8868,-0.0661106577,0
3.887,-0.1570674421,0
3.8872,-0.07875541912,0
3.8874,-0.1951483342,0
3.8876,-0.2530141033,0
3.8878,-0.1787911946,0
3.888,-0.2872565947,0
3.8882,-0.2454867456,0
3.8884,-0.28896636,0
3.8886,-0.320846218,0
3.8888,-0.338442117,0
3.889,-0.33538075,0
3.8892,-0.4550884683,0
3.8894,-0.4584438528,0
3.8896,-0.4188519347,0
3.8898,-0.3585956058,0
3.89,-0.42080417,0
3.8902,-0.4498787257,0
3.8904,-0.4544526918,0
3.8906,-0.5107828544,0
3.8908,-0.4941795746,0
3.891,-0.4937845971,0
3.8912,-0.5145177462,0
3.8914,-0.513942738,0
3.8916,-0.6277561493,0
3.8918,-0.6494778081,0
3.892,-0.6384222207,0
3.8922,-0.6338070483,0
3.8924,-0.7655177854,0
3.8926,-0.7141251995,0
3.8928,-0.846716962,0
3.893,-0.8833423338,0
3.8932,-0.8718735724,0
3.8934,-0.9671603136,0
3.8936,-1.012613741,0
3.8938,-1.108162392,0
3.894,-1.11340931,0
3.8942,-1.075887979,0
3.8944,-1.199926083,0
3.8946,-1.217669773,0
3.8948,-1.317376056,0
3.895,-1.281740998,0
3.8952,-1.301617395,0
3.8954,-1.330534606,0
3.8956,-1.313157619,0
3.8958,-1.306864552,0
3.896,-1.279249951,0
3.8962,-1.276808516,0
3.8964,-1.242685061,0
3.8966,-1.187040386,0
3.8968,-1.163782909,0
3.897,-1.092011011,0
3.8972,-0.9854393449,0
3.8974,-0.925065806,0
3.8976,-0.7972513518,0
3.8978,-0.7412636437,0
3.898,-0.5675989602,0
3.8982,-0.4847877397,0
3.8984,-0.3197009474,0
3.8986,-0.332588524,0
3.8988,-0.2315155694,0
3.899,0.04938645051,0
3.8992,0.06632944752,1
3.8994,0.168683745,1
3.8996,0.3767972073,1
3.8998,0.5227226723,1
3.9,0.6738858404,1
3.9002,0.7431502516,1
3.9004,0.7445153852,1
3.9006,0.8420011698,1
3.9008,0.9667549159,1
3.901,0.9941914577,1
3.9012,1.118858623,0
3.9014,1.140532023,0
3.9016,1.233839718,0
3.9018,1.222987428,0
3.902,1.188831254,0
3.9022,1.271867874,0
3.9024,1.268206992,0
3.9026,1.299796676,0
3.9028,1.310195571,0
3.903,1.2694829,0
3.9032,1.273685142,0
3.9034,1.223145696,0
3.9036,1.238388085,0
3.9038,1.110138368,0
3.904,1.153208789,0
3.9042,1.097147282,0
3.9044,0.9958216592,0
3.9046,1.043936969,0
3.9048,0.9839711182,0
3.905,0.9217900091,0
3.9052,0.8451087654,0
3.9054,0.8091863139,0
3.9056,0.7340270567,0
3.9058,0.7188742845,0
3.906,0.719207528,0
3.9062,0.6016124254,0
3.9064,0.5606173465,0
3.9066,0.5968015114,0
3.9068,0.5847155094,0
3.907,0.5213563534,0
3.9072,0.5750901897,0
3.9074,0.5684153291,0
3.9076,0.3936983466,0
3.9078,0.4229204694,0
3.908,0.3711391963,0
3.9082,0.4754451436,0
3.9084,0.329697941,0
3.9086,0.400283786,0
3.9088,0.3345094104,0
3.909,0.2969064388,0
3.9092,0.398253011,0
3.9094,0.3358249435,0
3.9096,0.2922340387,0
3.9098,0.2740389837,0
3.91,0.2837196198,0
3.9102,0.3040723684,0
3.9104,0.2249730157,0
3.9106,0.2173357492,0
3.9108,0.1288263909,0
3.911,0.1251129359,0
3.9112,0.09581347562,0
3.9114,-0.001246222921,0
3.9116,0.08283763781,0
3.9118,-0.02877728201,0
3.912,-0.02645188171,0
3.9122,-0.07303152988,0
3.9124,-0.05302832891,0
3.9126,-0.187400678,0
3.9128,-0.1704595252,0
3.913,-0.192616174,0
3.9132,-0.2443914182,0
3.9134,-0.2146727231,0
3.9136,-0.3329245023,0
3.9138,-0.2808942923,0
3.914,-0.3411644281,0
3.9142,-0.3322735094,0
3.9144,-0.4016973845,0
3.9146,-0.3466313513,0
3.9148,-0.316543737,0
3.915,-0.4086693786,0
3.9152,-0.4396820056,0
3.9154,-0.4797977403,0
3.9156,-0.4608323751,0
3.9158,-0.43709136,0
3.916,-0.5361082729,0
3.9162,-0.5273274177,0
3.9164,-0.4920124014,0
3.9166,-0.4789051283,0
3.9168,-0.4377155377,0
3.917,-0.5669143653,0
3.9172,-0.5993178927,0
3.9174,-0.6032247495,0
3.9176,-0.7578412394,0
3.9178,-0.7027878849,0
3.918,-0.7863264611,0
3.9182,-0.841666228,0
3.9184,-0.8737686498,0
3.9186,-0.9311036614,0
3.9188,-1.076423062,0
3.919,-1.026927684,0
3.9192,-1.014177881,0
3.9194,-1.122631693,0
3.9196,-1.112383398,0
3.9198,-1.186561692,0
3.92,-1.215788222,0
3.9202,-1.251970169,0
3.9204,-1.27821575,0
3.9206,-1.325790727,0
3.9208,-1.318965975,0
3.921,-1.245695306,0
3.9212,-1.3967298,0
3.9214,-1.279636994,0
3.9216,-1.217420118,0
3.9218,-1.29245189,0
3.922,-1.138951671,0
3.9222,-1.155800739,0
3.9224,-1.078953738,0
3.9226,-1.053952858,0
3.9228,-0.8535991548,0
3.923,-0.8082557299,0
3.9232,-0.6853251777,0
3.9234,-0.6016340658,0
3.9236,-0.5076841088,0
3.9238,-0.3646720367,0
3.924,-0.3194070315,0
3.9242,-0.1731375085,0
3.9244,-0.01483752578,0
3.9246,0.119193157,1
3.9248,0.2051137872,1
3.925,0.3319638149,1
3.9252,0.4082250361,1
3.9254,0.6352344687,1
3.9256,0.6731816063,1
3.9258,0.7687995542,1
3.926,0.912232863,1
3.9262,0.9347913542,1
3.9264,1.057360507,1
3.9266,1.009646964,0
3.9268,1.169370253,0
3.927,1.21041466,0
3.9272,1.254789792,0
3.9274,1.330321756,0
3.9276,1.335229522,0
3.9278,1.313312097,0
3.928,1.316868262,0
3.9282,1.294929878,0
3.9284,1.278842377,0
3.9286,1.258401505,0
3.9288,1.240612705,0
3.929,1.158871769,0
3.9292,1.187607313,0
3.9294,1.063311715,0
3.9296,1.105739404,0
3.9298,1.01160301,0
3.93,0.9432295098,0
3.9302,0.9642855269,0
3.9304,0.9163966197,0
3.9306,0.8280031511,0
3.9308,0.8148851259,0
3.931,0.7332685537,0
3.9312,0.7657476112,0
3.9314,0.716159172,0
3.9316,0.6401638661,0
3.9318,0.6348230705,0
3.932,0.5990511118,0
3.9322,0.5372662596,0
3.9324,0.5174605654,0
3.9326,0.5154234535,0
3.9328,0.5389124053,0
3.933,0.3421344468,0
3.9332,0.4178686836,0
3.9334,0.4655028292,0
3.9336,0.4265591308,0
3.9338,0.4230819827,0
3.934,0.374898925,0
3.9342,0.3588402541,0
3.9344,0.3869972718,0
3.9346,0.2996107586,0
3.9348,0.3300513884,0
3.935,0.3694734367,0
3.9352,0.2197943775,0
3.9354,0.2827295428,0
3.9356,0.1980612556,0
3.9358,0.2151080902,0
3.936,0.1475205488,0
3.9362,0.1810494097,0
3.9364,0.1276778143,0
3.9366,0.1210424797,0
3.9368,0.07520658546,0
3.937,0.04691404759,0
3.9372,-0.005767169216,0
3.9374,-0.1211937665,0
3.9376,-0.1212423127,0
3.9378,-0.1603896169,0
3.938,-0.1266769258,0
3.9382,-0.1007369024,0
3.9384,-0.2844411716,0
3.9386,-0.2054277195,0
3.9388,-0.2785548553,0
3.939,-0.3076585482,0
3.9392,-0.3279264111,0
3.9394,-0.345834452,0
3.9396,-0.30659755,0
3.9398,-0.3506285343,0
3.94,-0.380240991,0
3.9402,-0.4080778472,0
3.9404,-0.4684034362,0
3.9406,-0.4446455696,0
3.9408,-0.4725234876,0
3.941,-0.4997161647,0
3.9412,-0.463141885,0
3.9414,-0.5003822522,0
3.9416,-0.4841227544,0
3.9418,-0.5192149271,0
3.942,-0.5259664241,0
3.9422,-0.5818273169,0
3.9424,-0.5828160816,0
3.9426,-0.6453640127,0
3.9428,-0.7401348858,0
3.943,-0.7294773947,0
3.9432,-0.7223721041,0
3.9434,-0.8270655217,0
3.9436,-0.7725031029,0
3.9438,-0.7784983026,0
3.944,-0.9492029492,0
3.9442,-0.9074360684,0
3.9444,-1.064797929,0
3.9446,-0.9997634329,0
3.9448,-1.087779704,0
3.945,-1.099496463,0
3.9452,-1.125336906,0
3.9454,-1.219065502,0
3.9456,-1.214040723,0
3.9458,-1.331180784,0
3.946,-1.316811274,0
3.9462,-1.335052693,0
3.9464,-1.326739946,0
3.9466,-1.299593233,0
3.9468,-1.281154656,0
3.947,-1.265729214,0
3.9472,-1.191066332,0
3.9474,-1.142095013,0
3.9476,-1.101771695,0
3.9478,-1.029825594,0
3.948,-0.9494693604,0
3.9482,-0.9641204927,0
3.9484,-0.8261245814,0
3.9486,-0.5919141535,0
3.9488,-0.6539154811,0
3.949,-0.4632704318,0
3.9492,-0.4096061541,0
3.9494,-0.3119768952,0
3.9496,-0.08927421408,0
3.9498,0.004701946335,1
3.95,0.103570305,1
3.9502,0.2249184918,1
3.9504,0.3654050762,1
3.9506,0.5263375958,1
3.9508,0.6336144228,1
3.951,0.7202560609,1
3.9512,0.9247102294,1
3.9514,0.9226952354,1
3.9516,1.005714316,1
3.9518,1.09317275,0
3.952,1.041352954,0
3.9522,1.165601784,0
3.9524,1.196951085,0
3.9526,1.242738028,0
3.9528,1.241239665,0
3.953,1.305265643,0
3.9532,1.306659173,0
3.9534,1.343145517,0
3.9536,1.24523236,0
3.9538,1.292772541,0
3.954,1.193400798,0
3.9542,1.244161137,0
3.9544,1.191482015,0
3.9546,1.183418121,0
3.9548,1.12859727,0
3.955,1.103370338,0
3.9552,1.055823487,0
3.9554,0.9374400947,0
3.9556,0.8718348311,0
3.9558,0.8847605991,0
3.956,0.8114628972,0
3.9562,0.7987910215,0
3.9564,0.7418417702,0
3.9566,0.6703558254,0
3.9568,0.6415876446,0
3.957,0.5787882526,0
3.9572,0.5823418115,0
3.9574,0.529648748,0
3.9576,0.5357129171,0
3.9578,0.4947433747,0
3.958,0.5493221234,0
3.9582,0.4371025781,0
3.9584,0.3731845407,0
3.9586,0.4586196561,0
3.9588,0.3917869525,0
3.959,0.423260147,0
3.9592,0.4441665795,0
3.9594,0.3905649302,0
3.9596,0.3245128288,0
3.9598,0.3903762721,0
3.96,0.3323804028,0
3.9602,0.2946341757,0
3.9604,0.3169304409,0
3.9606,0.2807419267,0
3.9608,0.2823237288,0
3.961,0.2330084818,0
3.9612,0.2229626287,0
3.9614,0.2285987028,0
3.9616,0.0731843158,0
3.9618,0.03044487838,0
3.962,0.08241889829,0
3.9622,0.0560375132,0
3.9624,-0.0100994105,0
3.9626,-0.03420350503,0
3.9628,-0.05067933017,0
3.963,-0.0668932321,0
3.9632,-0.1831327907,0
3.9634,-0.1676969726,0
3.9636,-0.2115167373,0
3.9638,-0.2588136455,0
3.964,-0.3009208344,0
3.9642,-0.2735479893,0
3.9644,-0.3539316566,0
3.9646,-0.3599253933,0
3.9648,-0.3407819699,0
3.965,-0.4001066388,0
3.9652,-0.3778715862,0
3.9654,-0.3970114607,0
3.9656,-0.3854817215,0
3.9658,-0.411687657,0
3.966,-0.4178315231,0
3.9662,-0.425931328,0
3.9664,-0.397040775,0
3.9666,-0.4853569172,0
3.9668,-0.5938473327,0
3.967,-0.5150167372,0
3.9672,-0.5680834666,0
3.9674,-0.4940668063,0
3.9676,-0.5695387343,0
3.9678,-0.5843238021,0
3.968,-0.6631548375,0
3.9682,-0.7180734628,0
3.9684,-0.7487792768,0
3.9686,-0.792953462,0
3.9688,-0.903870509,0
3.969,-0.8303822153,0
3.9692,-0.9664929726,0
3.9694,-0.9689224536,0
3.9696,-1.087293097,0
3.9698,-1.050044706,0
3.97,-1.108692072,0
3.9702,-1.184561666,0
3.9704,-1.20571807,0
3.9706,-1.30564902,0
3.9708,-1.262825827,0
3.971,-1.306579493,0
3.9712,-1.181383531,0
3.9714,-1.399862785,0
3.9716,-1.306195926,0
3.9718,-1.31076495,0
3.972,-1.262259579,0
3.9722,-1.225284951,0
3.9724,-1.147327015,0
3.9726,-1.198943382,0
3.9728,-1.059945237,0
3.973,-1.004318237,0
3.9732,-0.9372814241,0
3.9734,-0.7574094727,0
3.9736,-0.7565395354,0
3.9738,-0.6563352856,0
3.974,-0.574034923,0
3.9742,-0.4711879948,0
3.9744,-0.3760223029,0
3.9746,-0.1957271177,0
3.9748,-0.08229909503,0
3.975,0.01200616194,1
3.9752,0.145136892,1
3.9754,0.2706162808,1
3.9756,0.4169057205,1
3.9758,0.5376203922,1
3.976,0.6176296819,1
3.9762,0.7005139682,1
3.9764,0.8366368093,1
3.9766,1.008398908,1
3.9768,0.9888091783,1
3.977,1.104406388,0
3.9772,1.15690552,0
3.9774,1.15167173,0
3.9776,1.229639669,0
3.9778,1.274488884,0
3.978,1.357666998,0
3.9782,1.315936905,0
3.9784,1.319013296,0
3.9786,1.316362491,0
3.9788,1.31413999,0
3.979,1.293234227,0
3.9792,1.218705244,0
3.9794,1.167347166,0
3.9796,1.177316214,0
3.9798,1.159401287,0
3.98,1.077011374,0
3.9802,1.039046416,0
3.9804,0.9934966911,0
3.9806,0.9483084918,0
3.9808,0.9675810996,0
3.981,0.8537042436,0
3.9812,0.8964692231,0
3.9814,0.8126122956,0
3.9816,0.6661474544,0
3.9818,0.6534322856,0
3.982,0.6265351879,0
3.9822,0.6096482595,0
3.9824,0.5485653883,0
3.9826,0.5576603592,0
3.9828,0.5372580742,0
3.983,0.4540361644,0
3.9832,0.5073800073,0
3.9834,0.4589507264,0
3.9836,0.4180970055,0
3.9838,0.4604671553,0
3.984,0.3770579788,0
3.9842,0.4819086918,0
3.9844,0.3812432116,0
3.9846,0.4096482984,0
3.9848,0.4349792846,0
3.985,0.3027558065,0
3.9852,0.3177118082,0
3.9854,0.3248284321,0
3.9856,0.2939125568,0
3.9858,0.3380492934,0
3.986,0.2399393277,0
3.9862,0.2211255305,0
3.9864,0.1640132412,0
3.9866,0.1794709198,0
3.9868,0.07121705373,0
3.987,0.1155627049,0
3.9872,0.05790423451,0
3.9874,-0.03648017157,0
3.9876,-0.03588214782,0
3.9878,-0.04574539264,0
3.988,-0.07935156185,0
3.9882,-0.1706503423,0
3.9884,-0.2489925143,0
3.9886,-0.2451386088,0
3.9888,-0.1585863942,0
3.989,-0.2649242748,0
3.9892,-0.3508827238,0
3.9894,-0.2669647017,0
3.9896,-0.3212317704,0
3.9898,-0.2907384255,0
3.99,-0.3584894577,0
3.9902,-0.3894432874,0
3.9904,-0.3594216252,0
3.9906,-0.3982318415,0
3.9908,-0.4930561622,0
3.991,-0.3621697497,0
3.9912,-0.4434907397,0
3.9914,-0.3880287301,0
3.9916,-0.5068782244,0
3.9918,-0.4504347254,0
3.992,-0.4756490273,0
3.9922,-0.5929959343,0
3.9924,-0.525230806,0
3.9926,-0.5739589274,0
3.9928,-0.699589868,0
3.993,-0.6368183193,0
3.9932,-0.6396145498,0
3.9934,-0.7282768349,0
3.9936,-0.7941589431,0
3.9938,-0.7617589923,0
3.994,-0.8356978513,0
3.9942,-0.8498789928,0
3.9944,-0.9300069023,0
3.9946,-0.9918567982,0
3.9948,-1.066946321,0
3.995,-1.117538501,0
3.9952,-1.139857103,0
3.9954,-1.087826488,0
3.9956,-1.220581523,0
3.9958,-1.222762977,0
3.996,-1.312430321,0
3.9962,-1.30085825,0
3.9964,-1.291187564,0
3.9966,-1.360929626,0
3.9968,-1.324055932,0
3.997,-1.25044176,0
3.9972,-1.168515877,0
3.9974,-1.199950801,0
3.9976,-1.190423707,0
3.9978,-1.1103224,0
3.998,-1.122293657,0
3.9982,-1.011737951,0
3.9984,-0.9460447651,0
3.9986,-0.8117617052,0
3.9988,-0.697878105,0
3.999,-0.6194752505,0
3.9992,-0.5167791475,0
3.9994,-0.2970300936,0
3.9996,-0.181067502,0
3.9998,-0.1162962793,1
