time_s,Vibration [a.u.],RPM [rpm]
0,0.007562135272,600
0.0002,0.01050503716,600.09
0.0004,0.04629227087,600.18
0.0006,-0.003479027667,600.27
0.0008,0.1974780118,600.36
0.001,0.202491813,600.45
0.0012,0.1748494204,600.54
0.0014,0.2498458111,600.63
0.0016,0.2610357122,600.72
0.0018,0.2583752221,600.81
0.002,0.3501995262,600.9
0.0022,0.329051993,600.99
0.0024,0.3584885318,601.08
0.0026,0.3698939293,601.17
0.0028,0.4494690035,601.26
0.003,0.4567279379,601.35
0.0032,0.5116488706,601.44
0.0034,0.4943898976,601.53
0.0036,0.552271535,601.62
0.0038,0.5396925069,601.71
0.004,0.6368742536,601.8
0.0042,0.6381999125,601.89
0.0044,0.6709787613,601.98
0.0046,0.700852312,602.07
0.0048,0.6702615682,602.16
0.005,0.7678473609,602.25
0.0052,0.8441705091,602.34
0.0054,0.7212869108,602.43
0.0056,0.7420966711,602.52
0.0058,0.7750415224,602.61
0.006,0.8923552137,602.7
0.0062,0.8867957779,602.79
0.0064,0.9472076392,602.88
0.0066,0.9548632515,602.97
0.0068,0.9557355558,603.06
0.007,0.9794653008,603.15
0.0072,0.9815392408,603.24
0.0074,1.042719662,603.33
0.0076,0.9818613807,603.42
0.0078,1.028653627,603.51
0.008,1.073125278,603.6
0.0082,1.152739244,603.69
0.0084,1.066767207,603.78
0.0086,1.070229703,603.87
0.0088,1.106284866,603.96
0.009,1.182384841,604.05
0.0092,1.148380766,604.14
0.0094,1.224287994,604.23
0.0096,1.109309401,604.32
0.0098,1.241609155,604.41
0.01,1.249480134,604.5
0.0102,1.162314735,604.59
0.0104,1.23553874,604.68
0.0106,1.28771828,604.77
0.0108,1.251656419,604.86
0.011,1.296539907,604.95
0.0112,1.359321941,605.04
0.0114,1.282423265,605.13
0.0116,1.266758121,605.22
0.0118,1.253010282,605.31
0.012,1.315029553,605.4
0.0122,1.28587268,605.49
0.0124,1.290612451,605.58
0.0126,1.296963559,605.67
0.0128,1.329977827,605.76
0.013,1.263542712,605.85
0.0132,1.246625868,605.94
0.0134,1.211509549,606.03
0.0136,1.357282348,606.12
0.0138,1.312193946,606.21
0.014,1.368998529,606.3
0.0142,1.307041342,606.39
0.0144,1.275983391,606.48
0.0146,1.322531235,606.57
0.0148,1.297580066,606.66
0.015,1.247201774,606.75
0.0152,1.258199676,606.84
0.0154,1.360025769,606.93
0.0156,1.298812046,607.02
0.0158,1.296120394,607.11
0.016,1.262785856,607.2
0.0162,1.240211078,607.29
0.0164,1.297000086,607.38
0.0166,1.250278189,607.47
0.0168,1.216837272,607.56
0.017,1.234197513,607.65
0.0172,1.195336106,607.74
0.0174,1.230810595,607.83
0.0176,1.259691229,607.92
0.0178,1.172071377,608.01
0.018,1.253342949,608.1
0.0182,1.159891078,608.19
0.0184,1.18284993,608.28
0.0186,1.13311308,608.37
0.0188,1.147286435,608.46
0.019,1.14744621,608.55
0.0192,1.117318396,608.64
0.0194,1.095542258,608.73
0.0196,1.085305132,608.82
0.0198,1.068162359,608.91
0.02,1.02663357,609
0.0202,1.067200201,609.09
0.0204,1.081915984,609.18
0.0206,1.09023898,609.27
0.0208,1.067716809,609.36
0.021,1.127966315,609.45
0.0212,1.030184259,609.54
0.0214,0.9868851949,609.63
0.0216,1.067656131,609.72
0.0218,0.9385178495,609.81
0.022,1.006737891,609.9
0.0222,0.9173740951,609.99
0.0224,0.9573265676,610.08
0.0226,0.852021513,610.17
0.0228,0.9543483356,610.26
0.023,0.8997035596,610.35
0.0232,0.8550293875,610.44
0.0234,0.9486343998,610.53
0.0236,0.8999409923,610.62
0.0238,0.8590664763,610.71
0.024,0.8154116345,610.8
0.0242,0.8315872138,610.89
0.0244,0.8149629701,610.98
0.0246,0.8388241721,611.07
0.0248,0.8301918428,611.16
0.025,0.7601247816,611.25
0.0252,0.7535642382,611.34
0.0254,0.7431052311,611.43
0.0256,0.6994152236,611.52
0.0258,0.718882383,611.61
0.026,0.7281696075,611.7
0.0262,0.7489929166,611.79
0.0264,0.7638321306,611.88
0.0266,0.6685228535,611.97
0.0268,0.7129171094,612.06
0.027,0.6633063277,612.15
0.0272,0.754487004,612.24
0.0274,0.6601165056,612.33
0.0276,0.6729298441,612.42
0.0278,0.6063728422,612.51
0.028,0.6025630236,612.6
0.0282,0.6344274521,612.69
0.0284,0.6025649088,612.78
0.0286,0.6238247275,612.87
0.0288,0.5391848101,612.96
0.029,0.6203005103,613.05
0.0292,0.5502006457,613.14
0.0294,0.6476320445,613.23
0.0296,0.559945685,613.32
0.0298,0.6083162147,613.41
0.03,0.5017570924,613.5
0.0302,0.5680319172,613.59
0.0304,0.5088542749,613.68
0.0306,0.5185816392,613.77
0.0308,0.5328994275,613.86
0.031,0.5132635511,613.95
0.0312,0.530716045,614.04
0.0314,0.5444150048,614.13
0.0316,0.5351418745,614.22
0.0318,0.500206844,614.31
0.032,0.4439927463,614.4
0.0322,0.4613107399,614.49
0.0324,0.4807698949,614.58
0.0326,0.3989615885,614.67
0.0328,0.5092770532,614.76
0.033,0.4650858388,614.85
0.0332,0.4602079203,614.94
0.0334,0.5038901612,615.03
0.0336,0.4884642205,615.12
0.0338,0.4664718463,615.21
0.034,0.4135467394,615.3
0.0342,0.4620623472,615.39
0.0344,0.4596078953,615.48
0.0346,0.4065478,615.57
0.0348,0.4799044525,615.66
0.035,0.4547686611,615.75
0.0352,0.351989971,615.84
0.0354,0.4320078972,615.93
0.0356,0.3729228111,616.02
0.0358,0.4653626496,616.11
0.036,0.448601679,616.2
0.0362,0.3685914093,616.29
0.0364,0.373751397,616.38
0.0366,0.4096213959,616.47
0.0368,0.3923784868,616.56
0.037,0.4592985026,616.65
0.0372,0.4242578267,616.74
0.0374,0.3796126763,616.83
0.0376,0.4102524012,616.92
0.0378,0.3020617593,617.01
0.038,0.3918872897,617.1
0.0382,0.4102261703,617.19
0.0384,0.3644205901,617.28
0.0386,0.3391049444,617.37
0.0388,0.3860023024,617.46
0.039,0.4374844674,617.55
0.0392,0.3630160705,617.64
0.0394,0.305581458,617.73
0.0396,0.4037293639,617.82
0.0398,0.2661410294,617.91
0.04,0.3566900781,618
0.0402,0.308452168,618.09
0.0404,0.3640088631,618.18
0.0406,0.287743488,618.27
0.0408,0.3694940213,618.36
0.041,0.3232462183,618.45
0.0412,0.2367321133,618.54
0.0414,0.2212969309,618.63
0.0416,0.2819209205,618.72
0.0418,0.3405186733,618.81
0.042,0.2878859559,618.9
0.0422,0.2794124081,618.99
0.0424,0.2610820304,619.08
0.0426,0.2936923707,619.17
0.0428,0.2727952887,619.26
0.043,0.2623099703,619.35
0.0432,0.2049698893,619.44
0.0434,0.2850053435,619.53
0.0436,0.2850178328,619.62
0.0438,0.1713164354,619.71
0.044,0.3081807307,619.8
0.0442,0.2376480384,619.89
0.0444,0.1817332665,619.98
0.0446,0.1174665307,620.07
0.0448,0.2121863193,620.16
0.045,0.2003722063,620.25
0.0452,0.1462967629,620.34
0.0454,0.09044482558,620.43
0.0456,0.1988894515,620.52
0.0458,0.1221236417,620.61
0.046,0.1184395095,620.7
0.0462,0.2426994244,620.79
0.0464,0.2054729086,620.88
0.0466,0.1499048555,620.97
0.0468,0.08486592418,621.06
0.047,0.1203198159,621.15
0.0472,-0.005722248644,621.24
0.0474,0.08093509993,621.33
0.0476,0.03736600229,621.42
0.0478,0.007372896029,621.51
0.048,-0.0135174461,621.6
0.0482,0.06176321482,621.69
0.0484,0.03526357395,621.78
0.0486,0.02899176922,621.87
0.0488,0.04719250088,621.96
0.049,-0.02946172885,622.05
0.0492,-0.05416188611,622.14
0.0494,-0.08491135477,622.23
0.0496,-0.03637474544,622.32
0.0498,-0.001656513709,622.41
0.05,-0.04711517179,622.5
0.0502,-0.02454205491,622.59
0.0504,-0.1064457139,622.68
0.0506,-0.08694624798,622.77
0.0508,-0.1077522334,622.86
0.051,-0.1359329809,622.95
0.0512,-0.02044605451,623.04
0.0514,-0.06950493045,623.13
0.0516,-0.1427611297,623.22
0.0518,-0.1515560086,623.31
0.052,-0.1317519136,623.4
0.0522,-0.1956124269,623.49
0.0524,-0.1288761107,623.58
0.0526,-0.2063657411,623.67
0.0528,-0.1776041378,623.76
0.053,-0.2118697669,623.85
0.0532,-0.1980562485,623.94
0.0534,-0.2399856966,624.03
0.0536,-0.2574174835,624.12
0.0538,-0.24080024,624.21
0.054,-0.2368867742,624.3
0.0542,-0.2288927295,624.39
0.0544,-0.2216250709,624.48
0.0546,-0.1704700971,624.57
0.0548,-0.2060897068,624.66
0.055,-0.2556002396,624.75
0.0552,-0.2232213152,624.84
0.0554,-0.2864559318,624.93
0.0556,-0.2074698257,625.02
0.0558,-0.2498068266,625.11
0.056,-0.332262731,625.2
0.0562,-0.2539239727,625.29
0.0564,-0.2574733858,625.38
0.0566,-0.403386808,625.47
0.0568,-0.3316020345,625.56
0.057,-0.3262171075,625.65
0.0572,-0.3898631169,625.74
0.0574,-0.3607426272,625.83
0.0576,-0.3611995766,625.92
0.0578,-0.3080706061,626.01
0.058,-0.3213075187,626.1
0.0582,-0.2331363687,626.19
0.0584,-0.3587001879,626.28
0.0586,-0.3014401119,626.37
0.0588,-0.3489522026,626.46
0.059,-0.3457073093,626.55
0.0592,-0.4072740511,626.64
0.0594,-0.441580541,626.73
0.0596,-0.4000025343,626.82
0.0598,-0.3429237196,626.91
0.06,-0.3141195735,627
0.0602,-0.357226875,627.09
0.0604,-0.365349507,627.18
0.0606,-0.422671483,627.27
0.0608,-0.3315414883,627.36
0.061,-0.342912504,627.45
0.0612,-0.4216155394,627.54
0.0614,-0.4059275651,627.63
0.0616,-0.4475855241,627.72
0.0618,-0.3527134196,627.81
0.062,-0.3988007644,627.9
0.0622,-0.4225132979,627.99
0.0624,-0.406100682,628.08
0.0626,-0.4084356765,628.17
0.0628,-0.4462300234,628.26
0.063,-0.4831758837,628.35
0.0632,-0.4886476092,628.44
0.0634,-0.5106662491,628.53
0.0636,-0.4265724154,628.62
0.0638,-0.3602368246,628.71
0.064,-0.5209700733,628.8
0.0642,-0.4515852251,628.89
0.0644,-0.4448751175,628.98
0.0646,-0.5049932117,629.07
0.0648,-0.4618283479,629.16
0.065,-0.5183909493,629.25
0.0652,-0.4311236592,629.34
0.0654,-0.5076612838,629.43
0.0656,-0.4847527547,629.52
0.0658,-0.4664284077,629.61
0.066,-0.5161593825,629.7
0.0662,-0.5759363813,629.79
0.0664,-0.5310160577,629.88
0.0666,-0.4848887378,629.97
0.0668,-0.5246022367,630.06
0.067,-0.5180167634,630.15
0.0672,-0.5765918844,630.24
0.0674,-0.5339992145,630.33
0.0676,-0.517143044,630.42
0.0678,-0.551546772,630.51
0.068,-0.4836162104,630.6
0.0682,-0.575381166,630.69
0.0684,-0.6160596118,630.78
0.0686,-0.6466543407,630.87
0.0688,-0.5436185362,630.96
0.069,-0.6000205708,631.05
0.0692,-0.5653677263,631.14
0.0694,-0.5959112768,631.23
0.0696,-0.5578133338,631.32
0.0698,-0.5809844303,631.41
0.07,-0.6557559333,631.5
0.0702,-0.6389355869,631.59
0.0704,-0.6159242746,631.68
0.0706,-0.7184395316,631.77
0.0708,-0.6208250419,631.86
0.071,-0.6404497874,631.95
0.0712,-0.6598822277,632.04
0.0714,-0.7177037179,632.13
0.0716,-0.7082412235,632.22
0.0718,-0.7758654764,632.31
0.072,-0.7398902403,632.4
0.0722,-0.7769139048,632.49
0.0724,-0.7613381634,632.58
0.0726,-0.7961328266,632.67
0.0728,-0.776700632,632.76
0.073,-0.7527348255,632.85
0.0732,-0.8642898441,632.94
0.0734,-0.7870213941,633.03
0.0736,-0.9159655261,633.12
0.0738,-0.9351055428,633.21
0.074,-0.8659153852,633.3
0.0742,-0.8734427396,633.39
0.0744,-0.8686551682,633.48
0.0746,-0.9649906441,633.57
0.0748,-0.9142818657,633.66
0.075,-0.9196613774,633.75
0.0752,-0.8873886756,633.84
0.0754,-0.9546485526,633.93
0.0756,-0.9422437269,634.02
0.0758,-1.015405571,634.11
0.076,-0.9966986582,634.2
0.0762,-1.019874302,634.29
0.0764,-0.9867310295,634.38
0.0766,-1.067165304,634.47
0.0768,-1.073658606,634.56
0.077,-1.029827777,634.65
0.0772,-0.9937641856,634.74
0.0774,-1.062384729,634.83
0.0776,-1.077762427,634.92
0.0778,-1.115806999,635.01
0.078,-1.070308804,635.1
0.0782,-1.103945105,635.19
0.0784,-1.067704798,635.28
0.0786,-1.135072718,635.37
0.0788,-1.197277989,635.46
0.079,-1.192902429,635.55
0.0792,-1.220101958,635.64
0.0794,-1.240849784,635.73
0.0796,-1.150172619,635.82
0.0798,-1.178008467,635.91
0.08,-1.269087731,636
0.0802,-1.157171732,636.09
0.0804,-1.22715064,636.18
0.0806,-1.283326607,636.27
0.0808,-1.237312856,636.36
0.081,-1.262817032,636.45
0.0812,-1.297803678,636.54
0.0814,-1.351007986,636.63
0.0816,-1.277744293,636.72
0.0818,-1.2729698,636.81
0.082,-1.392748359,636.9
0.0822,-1.271809018,636.99
0.0824,-1.273190116,637.08
0.0826,-1.320033536,637.17
0.0828,-1.299545597,637.26
0.083,-1.317475024,637.35
0.0832,-1.341367602,637.44
0.0834,-1.323324825,637.53
0.0836,-1.255290093,637.62
0.0838,-1.367191702,637.71
0.084,-1.298862417,637.8
0.0842,-1.299528498,637.89
0.0844,-1.333091767,637.98
0.0846,-1.319634516,638.07
0.0848,-1.354604302,638.16
0.085,-1.32855747,638.25
0.0852,-1.289089111,638.34
0.0854,-1.271136946,638.43
0.0856,-1.3139631,638.52
0.0858,-1.148895329,638.61
0.086,-1.286377532,638.7
0.0862,-1.250174848,638.79
0.0864,-1.25548166,638.88
0.0866,-1.252523405,638.97
0.0868,-1.174044507,639.06
0.087,-1.234074722,639.15
0.0872,-1.149661054,639.24
0.0874,-1.144757747,639.33
0.0876,-1.218931096,639.42
0.0878,-1.12164073,639.51
0.088,-1.174315795,639.6
0.0882,-1.023369825,639.69
0.0884,-1.132080018,639.78
0.0886,-1.137398182,639.87
0.0888,-1.158619535,639.96
0.089,-1.115620734,640.05
0.0892,-1.068161232,640.14
0.0894,-1.065214193,640.23
0.0896,-1.05412811,640.32
0.0898,-1.011820544,640.41
0.09,-0.9706437005,640.5
0.0902,-0.8821417081,640.59
0.0904,-0.9853513598,640.68
0.0906,-0.9157711856,640.77
0.0908,-0.9077418526,640.86
0.091,-0.9054804036,640.95
0.0912,-0.8702300673,641.04
0.0914,-0.8299603882,641.13
0.0916,-0.7386471322,641.22
0.0918,-0.748150071,641.31
0.092,-0.7344623637,641.4
0.0922,-0.6605409575,641.49
0.0924,-0.6453298624,641.58
0.0926,-0.6365983156,641.67
0.0928,-0.5829534401,641.76
0.093,-0.6016930237,641.85
0.0932,-0.5132919428,641.94
0.0934,-0.4891526909,642.03
0.0936,-0.4933992645,642.12
0.0938,-0.4944195199,642.21
0.094,-0.3532487243,642.3
0.0942,-0.3783933836,642.39
0.0944,-0.2279424638,642.48
0.0946,-0.3437051277,642.57
0.0948,-0.2507976654,642.66
0.095,-0.269412834,642.75
0.0952,-0.2088434849,642.84
0.0954,-0.1524377841,642.93
0.0956,-0.1843898879,643.02
0.0958,-0.1229502611,643.11
0.096,-0.07894712565,643.2
0.0962,-0.04721708764,643.29
0.0964,0.005772523285,643.38
0.0966,0.05662562688,643.47
0.0968,0.08263022758,643.56
0.097,0.09345649077,643.65
0.0972,0.1026364114,643.74
0.0974,0.1048593683,643.83
0.0976,0.1540378703,643.92
0.0978,0.1955984488,644.01
0.098,0.277178963,644.1
0.0982,0.2682794791,644.19
0.0984,0.2658835742,644.28
0.0986,0.3731604882,644.37
0.0988,0.3482590209,644.46
0.099,0.3817683245,644.55
0.0992,0.4350703081,644.64
0.0994,0.4944528787,644.73
0.0996,0.4100659093,644.82
0.0998,0.492443815,644.91
0.1,0.5746542644,645
0.1002,0.5829921654,645.09
0.1004,0.5924835487,645.18
0.1006,0.6344728618,645.27
0.1008,0.7401463119,645.36
0.101,0.6946328406,645.45
0.1012,0.7689966941,645.54
0.1014,0.7992775042,645.63
0.1016,0.7761738623,645.72
0.1018,0.8379509375,645.81
0.102,0.82766926,645.9
0.1022,0.8461468132,645.99
0.1024,0.8498131372,646.08
0.1026,0.9535311633,646.17
0.1028,0.9256637779,646.26
0.103,0.9419262562,646.35
0.1032,0.9406885502,646.44
0.1034,1.079255882,646.53
0.1036,1.05702086,646.62
0.1038,1.041804039,646.71
0.104,1.038406413,646.8
0.1042,1.023387058,646.89
0.1044,1.113931048,646.98
0.1046,1.130764226,647.07
0.1048,1.079143597,647.16
0.105,1.19747211,647.25
0.1052,1.196852581,647.34
0.1054,1.141405701,647.43
0.1056,1.171002323,647.52
0.1058,1.188743991,647.61
0.106,1.224134371,647.7
0.1062,1.223018036,647.79
0.1064,1.173680259,647.88
0.1066,1.307863112,647.97
0.1068,1.270479129,648.06
0.107,1.316453732,648.15
0.1072,1.323683584,648.24
0.1074,1.271918313,648.33
0.1076,1.299936926,648.42
0.1078,1.321034952,648.51
0.108,1.326954753,648.6
0.1082,1.293514016,648.69
0.1084,1.278550053,648.78
0.1086,1.30720991,648.87
0.1088,1.275580737,648.96
0.109,1.2865815,649.05
0.1092,1.228130506,649.14
0.1094,1.312555203,649.23
0.1096,1.267369821,649.32
0.1098,1.284823745,649.41
0.11,1.302949311,649.5
0.1102,1.315011624,649.59
0.1104,1.374840151,649.68
0.1106,1.303692089,649.77
0.1108,1.234670672,649.86
0.111,1.291572853,649.95
0.1112,1.25712738,650.04
0.1114,1.291032341,650.13
0.1116,1.24123915,650.22
0.1118,1.233446233,650.31
0.112,1.23398948,650.4
0.1122,1.221546992,650.49
0.1124,1.165436579,650.58
0.1126,1.203061264,650.67
0.1128,1.220199338,650.76
0.113,1.259367837,650.85
0.1132,1.189848197,650.94
0.1134,1.176588973,651.03
0.1136,1.204209763,651.12
0.1138,1.191842062,651.21
0.114,1.223206891,651.3
0.1142,1.171318474,651.39
0.1144,1.135570368,651.48
0.1146,1.178080136,651.57
0.1148,1.173707012,651.66
0.115,1.081293373,651.75
0.1152,1.09423264,651.84
0.1154,1.008115332,651.93
0.1156,1.048062603,652.02
0.1158,1.014434499,652.11
0.116,1.028265713,652.2
0.1162,1.004511324,652.29
0.1164,1.004003455,652.38
0.1166,0.9933297967,652.47
0.1168,1.003948662,652.56
0.117,0.9801750032,652.65
0.1172,0.9351769902,652.74
0.1174,0.8927935699,652.83
0.1176,0.9804790072,652.92
0.1178,0.9745300998,653.01
0.118,0.8864553916,653.1
0.1182,0.9139405558,653.19
0.1184,0.8173592316,653.28
0.1186,0.8029155275,653.37
0.1188,0.8417028345,653.46
0.119,0.8985646278,653.55
0.1192,0.7851506762,653.64
0.1194,0.7810900513,653.73
0.1196,0.8663381821,653.82
0.1198,0.7140225803,653.91
0.12,0.8034913559,654
0.1202,0.7852014522,654.09
0.1204,0.7456570107,654.18
0.1206,0.7498518155,654.27
0.1208,0.8357624491,654.36
0.121,0.6745984233,654.45
0.1212,0.6960931683,654.54
0.1214,0.688309019,654.63
0.1216,0.6596391861,654.72
0.1218,0.6231570673,654.81
0.122,0.7303874517,654.9
0.1222,0.6655024813,654.99
0.1224,0.5766449317,655.08
0.1226,0.6093430639,655.17
0.1228,0.6443879896,655.26
0.123,0.635252505,655.35
0.1232,0.552673732,655.44
0.1234,0.5980280853,655.53
0.1236,0.603745333,655.62
0.1238,0.6008632317,655.71
0.124,0.5930183622,655.8
0.1242,0.49660941,655.89
0.1244,0.6359238533,655.98
0.1246,0.563220331,656.07
0.1248,0.6199573816,656.16
0.125,0.6553929628,656.25
0.1252,0.5278019494,656.34
0.1254,0.478428231,656.43
0.1256,0.5560925447,656.52
0.1258,0.5082311198,656.61
0.126,0.4915278735,656.7
0.1262,0.4625490519,656.79
0.1264,0.5658580239,656.88
0.1266,0.4752688409,656.97
0.1268,0.4317775203,657.06
0.127,0.4647916681,657.15
0.1272,0.431478663,657.24
0.1274,0.4792926933,657.33
0.1276,0.4515344013,657.42
0.1278,0.4214611657,657.51
0.128,0.4833862033,657.6
0.1282,0.4292353304,657.69
0.1284,0.4796712841,657.78
0.1286,0.4969905467,657.87
0.1288,0.4279768143,657.96
0.129,0.4125624755,658.05
0.1292,0.4424184415,658.14
0.1294,0.4661745471,658.23
0.1296,0.4265122201,658.32
0.1298,0.4283579748,658.41
0.13,0.4178393767,658.5
0.1302,0.4275294361,658.59
0.1304,0.4363981723,658.68
0.1306,0.3791665715,658.77
0.1308,0.3842528006,658.86
0.131,0.4014187315,658.95
0.1312,0.3691345404,659.04
0.1314,0.3972569712,659.13
0.1316,0.4092575508,659.22
0.1318,0.3828860822,659.31
0.132,0.3554925266,659.4
0.1322,0.3443548462,659.49
0.1324,0.4412221814,659.58
0.1326,0.4019586132,659.67
0.1328,0.3175751941,659.76
0.133,0.3241868722,659.85
0.1332,0.4281338922,659.94
0.1334,0.4088748129,660.03
0.1336,0.3486780903,660.12
0.1338,0.3848734827,660.21
0.134,0.2739644867,660.3
0.1342,0.3282518685,660.39
0.1344,0.3524549242,660.48
0.1346,0.2429109844,660.57
0.1348,0.2803377968,660.66
0.135,0.3371776009,660.75
0.1352,0.3451899646,660.84
0.1354,0.2701073055,660.93
0.1356,0.2991986293,661.02
0.1358,0.3452519401,661.11
0.136,0.2594129564,661.2
0.1362,0.2146717217,661.29
0.1364,0.2587150408,661.38
0.1366,0.2384594405,661.47
0.1368,0.2990920854,661.56
0.137,0.246170241,661.65
0.1372,0.2002497818,661.74
0.1374,0.3207775766,661.83
0.1376,0.1970297895,661.92
0.1378,0.228069951,662.01
0.138,0.2282208832,662.1
0.1382,0.2244090848,662.19
0.1384,0.1916860549,662.28
0.1386,0.1998421154,662.37
0.1388,0.1651415484,662.46
0.139,0.1024540644,662.55
0.1392,0.1416786701,662.64
0.1394,0.1336754903,662.73
0.1396,0.125540521,662.82
0.1398,0.1290324493,662.91
0.14,0.08944805463,663
0.1402,0.1581278793,663.09
0.1404,0.1585478958,663.18
0.1406,-0.001526647457,663.27
0.1408,0.07740284083,663.36
0.141,0.0390882992,663.45
0.1412,-0.04630811538,663.54
0.1414,0.0647310237,663.63
0.1416,0.013919166,663.72
0.1418,0.01395626487,663.81
0.142,-0.006786636257,663.9
0.1422,0.05303132929,663.99
0.1424,0.04938895728,664.08
0.1426,0.001153595662,664.17
0.1428,0.008077236622,664.26
0.143,-0.03385927566,664.35
0.1432,-0.0334494369,664.44
0.1434,-0.07839117314,664.53
0.1436,-0.05696764435,664.62
0.1438,-0.09648140479,664.71
0.144,-0.06254812119,664.8
0.1442,-0.05385280355,664.89
0.1444,-0.08391659418,664.98
0.1446,-0.0583339977,665.07
0.1448,-0.007352217569,665.16
0.145,-0.2084029472,665.25
0.1452,-0.1326810148,665.34
0.1454,-0.1649668993,665.43
0.1456,-0.1693764838,665.52
0.1458,-0.2142168503,665.61
0.146,-0.1664565893,665.7
0.1462,-0.1874390867,665.79
0.1464,-0.210846561,665.88
0.1466,-0.2040092239,665.97
0.1468,-0.2257156573,666.06
0.147,-0.3037576758,666.15
0.1472,-0.1748412767,666.24
0.1474,-0.2378323141,666.33
0.1476,-0.2712909582,666.42
0.1478,-0.2285150391,666.51
0.148,-0.2745872084,666.6
0.1482,-0.3422182902,666.69
0.1484,-0.2268004382,666.78
0.1486,-0.3362117227,666.87
0.1488,-0.2845947957,666.96
0.149,-0.2776158012,667.05
0.1492,-0.2348476968,667.14
0.1494,-0.2474940783,667.23
0.1496,-0.2945796239,667.32
0.1498,-0.3377108885,667.41
0.15,-0.3296315047,667.5
0.1502,-0.2751651367,667.59
0.1504,-0.2527528903,667.68
0.1506,-0.3078603276,667.77
0.1508,-0.3606736809,667.86
0.151,-0.2988441147,667.95
0.1512,-0.3600432054,668.04
0.1514,-0.3662424914,668.13
0.1516,-0.3658676623,668.22
0.1518,-0.3357743627,668.31
0.152,-0.3529376121,668.4
0.1522,-0.3287079191,668.49
0.1524,-0.3209452254,668.58
0.1526,-0.3565685652,668.67
0.1528,-0.4746099465,668.76
0.153,-0.4533353299,668.85
0.1532,-0.3832186097,668.94
0.1534,-0.3961877876,669.03
0.1536,-0.3112237974,669.12
0.1538,-0.4027555619,669.21
0.154,-0.4115785588,669.3
0.1542,-0.3716263867,669.39
0.1544,-0.3707018591,669.48
0.1546,-0.4265915189,669.57
0.1548,-0.4021508002,669.66
0.155,-0.4703417049,669.75
0.1552,-0.4666734602,669.84
0.1554,-0.3836080916,669.93
0.1556,-0.4932456699,670.02
0.1558,-0.404152113,670.11
0.156,-0.4180781438,670.2
0.1562,-0.4186267409,670.29
0.1564,-0.4172106478,670.38
0.1566,-0.4355694403,670.47
0.1568,-0.5482847801,670.56
0.157,-0.5074156912,670.65
0.1572,-0.496027746,670.74
0.1574,-0.4402468257,670.83
0.1576,-0.5269545432,670.92
0.1578,-0.5151876656,671.01
0.158,-0.5068090176,671.1
0.1582,-0.4451071236,671.19
0.1584,-0.5610453224,671.28
0.1586,-0.5633776506,671.37
0.1588,-0.490136883,671.46
0.159,-0.6064397419,671.55
0.1592,-0.5145337106,671.64
0.1594,-0.5525736657,671.73
0.1596,-0.604299983,671.82
0.1598,-0.5650586566,671.91
0.16,-0.595579976,672
0.1602,-0.5562550177,672.09
0.1604,-0.5561145705,672.18
0.1606,-0.5190426045,672.27
0.1608,-0.5872815903,672.36
0.161,-0.5911550639,672.45
0.1612,-0.6269164469,672.54
0.1614,-0.6136573507,672.63
0.1616,-0.5798576694,672.72
0.1618,-0.70824231,672.81
0.162,-0.6144621502,672.9
0.1622,-0.6720887423,672.99
0.1624,-0.657819576,673.08
0.1626,-0.6581038892,673.17
0.1628,-0.6476465881,673.26
0.163,-0.6829296523,673.35
0.1632,-0.7191883205,673.44
0.1634,-0.7022642979,673.53
0.1636,-0.7257180174,673.62
0.1638,-0.7460445755,673.71
0.164,-0.741534498,673.8
0.1642,-0.7268699795,673.89
0.1644,-0.7685418335,673.98
0.1646,-0.7802989077,674.07
0.1648,-0.8506322016,674.16
0.165,-0.8169881678,674.25
0.1652,-0.8991558441,674.34
0.1654,-0.8091026978,674.43
0.1656,-0.8886702737,674.52
0.1658,-0.8125987665,674.61
0.166,-0.7580946572,674.7
0.1662,-0.9072371773,674.79
0.1664,-0.8517422154,674.88
0.1666,-0.9024324879,674.97
0.1668,-0.9545529145,675.06
0.167,-0.9796554451,675.15
0.1672,-0.9372716476,675.24
0.1674,-0.917703207,675.33
0.1676,-0.9730783187,675.42
0.1678,-1.061399431,675.51
0.168,-1.056259793,675.6
0.1682,-1.03726526,675.69
0.1684,-0.9873491726,675.78
0.1686,-1.043682755,675.87
0.1688,-1.055187489,675.96
0.169,-1.032972236,676.05
0.1692,-1.102526951,676.14
0.1694,-1.110675134,676.23
0.1696,-1.126949198,676.32
0.1698,-1.203133651,676.41
0.17,-1.125445139,676.5
0.1702,-1.13951186,676.59
0.1704,-1.128476476,676.68
0.1706,-1.226294236,676.77
0.1708,-1.222291267,676.86
0.171,-1.16285081,676.95
0.1712,-1.197513777,677.04
0.1714,-1.165255317,677.13
0.1716,-1.264190949,677.22
0.1718,-1.230623968,677.31
0.172,-1.274235605,677.4
0.1722,-1.242878668,677.49
0.1724,-1.28225768,677.58
0.1726,-1.248499076,677.67
0.1728,-1.233240962,677.76
0.173,-1.255499752,677.85
0.1732,-1.360295657,677.94
0.1734,-1.255224046,678.03
0.1736,-1.27921788,678.12
0.1738,-1.342506766,678.21
0.174,-1.339253524,678.3
0.1742,-1.305882205,678.39
0.1744,-1.285004187,678.48
0.1746,-1.327028793,678.57
0.1748,-1.374266941,678.66
0.175,-1.297765798,678.75
0.1752,-1.30118298,678.84
0.1754,-1.208548039,678.93
0.1756,-1.355213913,679.02
0.1758,-1.199449087,679.11
0.176,-1.226577949,679.2
0.1762,-1.279438182,679.29
0.1764,-1.21962245,679.38
0.1766,-1.275752152,679.47
0.1768,-1.233341064,679.56
0.177,-1.293846452,679.65
0.1772,-1.252545366,679.74
0.1774,-1.286746559,679.83
0.1776,-1.298799741,679.92
0.1778,-1.235451774,680.01
0.178,-1.238930372,680.1
0.1782,-1.176835658,680.19
0.1784,-1.135274178,680.28
0.1786,-1.178416622,680.37
0.1788,-1.154025647,680.46
0.179,-1.132790093,680.55
0.1792,-1.190545222,680.64
0.1794,-1.094983715,680.73
0.1796,-1.086820348,680.82
0.1798,-1.069868708,680.91
0.18,-1.091994238,681
0.1802,-1.106448885,681.09
0.1804,-1.015619444,681.18
0.1806,-0.9706498553,681.27
0.1808,-0.9066102199,681.36
0.181,-0.8912265278,681.45
0.1812,-0.8537774896,681.54
0.1814,-0.8720130758,681.63
0.1816,-0.8147050012,681.72
0.1818,-0.8426686013,681.81
0.182,-0.7821202506,681.9
0.1822,-0.7421852821,681.99
0.1824,-0.643474713,682.08
0.1826,-0.7123413873,682.17
0.1828,-0.7433775977,682.26
0.183,-0.6072440111,682.35
0.1832,-0.6633558298,682.44
0.1834,-0.6029759188,682.53
0.1836,-0.5806798706,682.62
0.1838,-0.5731251846,682.71
0.184,-0.4508931541,682.8
0.1842,-0.4475011254,682.89
0.1844,-0.4624999038,682.98
0.1846,-0.4015624018,683.07
0.1848,-0.3876506055,683.16
0.185,-0.3113936233,683.25
0.1852,-0.3165463161,683.34
0.1854,-0.2972031332,683.43
0.1856,-0.257259439,683.52
0.1858,-0.2136981188,683.61
0.186,-0.1492209875,683.7
0.1862,-0.1619860642,683.79
0.1864,-0.09313392048,683.88
0.1866,-0.03606581939,683.97
0.1868,0.07548087924,684.06
0.187,0.05205811989,684.15
0.1872,-0.06573378626,684.24
0.1874,0.06894296489,684.33
0.1876,0.1092094812,684.42
0.1878,0.1735043817,684.51
0.188,0.258939682,684.6
0.1882,0.2611662925,684.69
0.1884,0.1745008193,684.78
0.1886,0.3138165293,684.87
0.1888,0.3405380873,684.96
0.189,0.3871428136,685.05
0.1892,0.4590884081,685.14
0.1894,0.3948844801,685.23
0.1896,0.5160740797,685.32
0.1898,0.4388508034,685.41
0.19,0.5396876757,685.5
0.1902,0.5850979279,685.59
0.1904,0.6930194742,685.68
0.1906,0.6048296055,685.77
0.1908,0.5959468462,685.86
0.191,0.7214443124,685.95
0.1912,0.6972162716,686.04
0.1914,0.815354168,686.13
0.1916,0.7530228976,686.22
0.1918,0.7741864817,686.31
0.192,0.8863579685,686.4
0.1922,0.8666459222,686.49
0.1924,0.9292427151,686.58
0.1926,0.8573004168,686.67
0.1928,1.005149045,686.76
0.193,0.9394292783,686.85
0.1932,1.018912296,686.94
0.1934,0.9683418121,687.03
0.1936,0.9681597148,687.12
0.1938,1.040793713,687.21
0.194,1.078145372,687.3
0.1942,1.153544186,687.39
0.1944,1.12299399,687.48
0.1946,1.155321219,687.57
0.1948,1.169953746,687.66
0.195,1.28408187,687.75
0.1952,1.142205996,687.84
0.1954,1.239567678,687.93
0.1956,1.196991651,688.02
0.1958,1.226162593,688.11
0.196,1.20579902,688.2
0.1962,1.285271506,688.29
0.1964,1.198856338,688.38
0.1966,1.205606871,688.47
0.1968,1.258806756,688.56
0.197,1.228598751,688.65
0.1972,1.310035575,688.74
0.1974,1.324953819,688.83
0.1976,1.263327893,688.92
0.1978,1.329374756,689.01
0.198,1.275325451,689.1
0.1982,1.303045576,689.19
0.1984,1.307324803,689.28
0.1986,1.383594856,689.37
0.1988,1.309256646,689.46
0.199,1.272799512,689.55
0.1992,1.271860786,689.64
0.1994,1.355141688,689.73
0.1996,1.23826956,689.82
0.1998,1.283433009,689.91
0.2,1.283587301,690
0.2002,1.196685291,690.09
0.2004,1.271219427,690.18
0.2006,1.324751792,690.27
0.2008,1.287963914,690.36
0.201,1.236234345,690.45
0.2012,1.292837026,690.54
0.2014,1.278316444,690.63
0.2016,1.330549739,690.72
0.2018,1.211298242,690.81
0.202,1.216392308,690.9
0.2022,1.224081804,690.99
0.2024,1.206957591,691.08
0.2026,1.205616848,691.17
0.2028,1.187132455,691.26
0.203,1.15253575,691.35
0.2032,1.104710325,691.44
0.2034,1.134680309,691.53
0.2036,1.089344988,691.62
0.2038,1.090615609,691.71
0.204,1.098157634,691.8
0.2042,1.127347934,691.89
0.2044,1.128081956,691.98
0.2046,1.039134087,692.07
0.2048,1.07937263,692.16
0.205,1.085566696,692.25
0.2052,1.03786011,692.34
0.2054,0.9601245973,692.43
0.2056,0.9255449129,692.52
0.2058,1.029479301,692.61
0.206,1.02025236,692.7
0.2062,0.9805565569,692.79
0.2064,0.9131849971,692.88
0.2066,0.9993085107,692.97
0.2068,0.975633632,693.06
0.207,0.9111616591,693.15
0.2072,0.8900507826,693.24
0.2074,0.8067101824,693.33
0.2076,0.9012089073,693.42
0.2078,0.7928336401,693.51
0.208,0.8709650556,693.6
0.2082,0.8593943423,693.69
0.2084,0.8205974432,693.78
0.2086,0.8668103773,693.87
0.2088,0.7776766586,693.96
0.209,0.8012864059,694.05
0.2092,0.7968835437,694.14
0.2094,0.7624582064,694.23
0.2096,0.7234684018,694.32
0.2098,0.7773446765,694.41
0.21,0.7331763479,694.5
0.2102,0.6969205093,694.59
0.2104,0.6865803652,694.68
0.2106,0.6872571148,694.77
0.2108,0.7623567736,694.86
0.211,0.6646856074,694.95
0.2112,0.6404351801,695.04
0.2114,0.5972285057,695.13
0.2116,0.5811020453,695.22
0.2118,0.5443096213,695.31
0.212,0.6201724059,695.4
0.2122,0.6027610941,695.49
0.2124,0.5515649933,695.58
0.2126,0.5245644457,695.67
0.2128,0.5625674442,695.76
0.213,0.5464838551,695.85
0.2132,0.5060900975,695.94
0.2134,0.5639287156,696.03
0.2136,0.5501297966,696.12
0.2138,0.5351934901,696.21
0.214,0.561112415,696.3
0.2142,0.4973853425,696.39
0.2144,0.5713551767,696.48
0.2146,0.4700433401,696.57
0.2148,0.5250848732,696.66
0.215,0.5239895703,696.75
0.2152,0.4824138642,696.84
0.2154,0.5013162364,696.93
0.2156,0.4304913866,697.02
0.2158,0.4164834002,697.11
0.216,0.4634738783,697.2
0.2162,0.4373757116,697.29
0.2164,0.4854327766,697.38
0.2166,0.4582782097,697.47
0.2168,0.4771693465,697.56
0.217,0.4607656633,697.65
0.2172,0.4517693768,697.74
0.2174,0.4430230947,697.83
0.2176,0.4201356628,697.92
0.2178,0.4122672182,698.01
0.218,0.508117887,698.1
0.2182,0.3521522323,698.19
0.2184,0.4110387118,698.28
0.2186,0.4545894246,698.37
0.2188,0.4271378103,698.46
0.219,0.4626446542,698.55
0.2192,0.4241636769,698.64
0.2194,0.347536735,698.73
0.2196,0.3807135522,698.82
0.2198,0.3334965448,698.91
0.22,0.4248232543,699
0.2202,0.4388120153,699.09
0.2204,0.358997993,699.18
0.2206,0.3938681553,699.27
0.2208,0.3511073701,699.36
0.221,0.3052903026,699.45
0.2212,0.3401575544,699.54
0.2214,0.2898012696,699.63
0.2216,0.3253264218,699.72
0.2218,0.3513707995,699.81
0.222,0.366676002,699.9
0.2222,0.384016398,699.99
0.2224,0.3132885295,700.08
0.2226,0.3303214045,700.17
0.2228,0.3318675691,700.26
0.223,0.3312163926,700.35
0.2232,0.1887449743,700.44
0.2234,0.2653008466,700.53
0.2236,0.3217529019,700.62
0.2238,0.2384213686,700.71
0.224,0.2862450651,700.8
0.2242,0.3026685637,700.89
0.2244,0.1862454999,700.98
0.2246,0.247113864,701.07
0.2248,0.2566896454,701.16
0.225,0.2399303247,701.25
0.2252,0.1704133573,701.34
0.2254,0.2374516666,701.43
0.2256,0.1929337156,701.52
0.2258,0.2399192205,701.61
0.226,0.2157038466,701.7
0.2262,0.167811575,701.79
0.2264,0.1880145156,701.88
0.2266,0.1443805459,701.97
0.2268,0.1348751182,702.06
0.227,0.09043740281,702.15
0.2272,0.1347094784,702.24
0.2274,0.1669279742,702.33
0.2276,0.1296467985,702.42
0.2278,0.114417163,702.51
0.228,0.08019896297,702.6
0.2282,0.07442943634,702.69
0.2284,0.1151513259,702.78
0.2286,0.01553706682,702.87
0.2288,0.1476808392,702.96
0.229,0.05240389397,703.05
0.2292,0.1316127001,703.14
0.2294,0.08140145123,703.23
0.2296,0.0073488561,703.32
0.2298,0.04308335011,703.41
0.23,0.01358260543,703.5
0.2302,0.01141537018,703.59
0.2304,0.01429040197,703.68
0.2306,-0.04974631148,703.77
0.2308,-0.06294819425,703.86
0.231,-0.06527707765,703.95
0.2312,-0.1135045014,704.04
0.2314,-0.07955607405,704.13
0.2316,-0.07005573526,704.22
0.2318,-0.07933952379,704.31
0.232,-0.09167101011,704.4
0.2322,-0.1251839721,704.49
0.2324,-0.08773944824,704.58
0.2326,-0.2111170022,704.67
0.2328,-0.1546488218,704.76
0.233,-0.1615163248,704.85
0.2332,-0.1219927616,704.94
0.2334,-0.140630729,705.03
0.2336,-0.144414383,705.12
0.2338,-0.1849737781,705.21
0.234,-0.1565497243,705.3
0.2342,-0.2434836932,705.39
0.2344,-0.2091764159,705.48
0.2346,-0.3050557192,705.57
0.2348,-0.1603709235,705.66
0.235,-0.1734054442,705.75
0.2352,-0.2690193328,705.84
0.2354,-0.2868471487,705.93
0.2356,-0.3444865931,706.02
0.2358,-0.3293081161,706.11
0.236,-0.2704523117,706.2
0.2362,-0.2887300609,706.29
0.2364,-0.3483936753,706.38
0.2366,-0.3161219684,706.47
0.2368,-0.3293164737,706.56
0.237,-0.2903523034,706.65
0.2372,-0.2869747485,706.74
0.2374,-0.3302253459,706.83
0.2376,-0.3227588206,706.92
0.2378,-0.3333439816,707.01
0.238,-0.4223232598,707.1
0.2382,-0.3370498698,707.19
0.2384,-0.3521442439,707.28
0.2386,-0.3247420527,707.37
0.2388,-0.43327034,707.46
0.239,-0.3341823604,707.55
0.2392,-0.3951412237,707.64
0.2394,-0.3636265122,707.73
0.2396,-0.3304661002,707.82
0.2398,-0.4424816544,707.91
0.24,-0.4403544637,708
0.2402,-0.3524605945,708.09
0.2404,-0.4421816552,708.18
0.2406,-0.4391667232,708.27
0.2408,-0.3808903169,708.36
0.241,-0.4172797595,708.45
0.2412,-0.3821415037,708.54
0.2414,-0.4053864772,708.63
0.2416,-0.4225243738,708.72
0.2418,-0.3862045899,708.81
0.242,-0.3421799751,708.9
0.2422,-0.437869648,708.99
0.2424,-0.3788809092,709.08
0.2426,-0.396979562,709.17
0.2428,-0.4422337967,709.26
0.243,-0.4327375512,709.35
0.2432,-0.4930046747,709.44
0.2434,-0.4847289616,709.53
0.2436,-0.4536359844,709.62
0.2438,-0.4714131776,709.71
0.244,-0.4223890698,709.8
0.2442,-0.5314993364,709.89
0.2444,-0.4964421535,709.98
0.2446,-0.5155886999,710.07
0.2448,-0.5016909717,710.16
0.245,-0.4547450021,710.25
0.2452,-0.555489983,710.34
0.2454,-0.4792960863,710.43
0.2456,-0.5432156272,710.52
0.2458,-0.5390917881,710.61
0.246,-0.4928991681,710.7
0.2462,-0.5511490751,710.79
0.2464,-0.5203058477,710.88
0.2466,-0.5498774882,710.97
0.2468,-0.5690531089,711.06
0.247,-0.584487354,711.15
0.2472,-0.6475373352,711.24
0.2474,-0.6165826677,711.33
0.2476,-0.5887473527,711.42
0.2478,-0.5962988406,711.51
0.248,-0.6733104714,711.6
0.2482,-0.5830306109,711.69
0.2484,-0.6099863464,711.78
0.2486,-0.6950799241,711.87
0.2488,-0.6950524374,711.96
0.249,-0.6436064861,712.05
0.2492,-0.7451820164,712.14
0.2494,-0.7156159902,712.23
0.2496,-0.6994074965,712.32
0.2498,-0.7139739671,712.41
0.25,-0.7230495701,712.5
0.2502,-0.7172366528,712.59
0.2504,-0.7771836182,712.68
0.2506,-0.7773055866,712.77
0.2508,-0.6884334785,712.86
0.251,-0.8397485921,712.95
0.2512,-0.8148133321,713.04
0.2514,-0.8057801991,713.13
0.2516,-0.8496741448,713.22
0.2518,-0.7886107842,713.31
0.252,-0.8484810915,713.4
0.2522,-0.8350679406,713.49
0.2524,-0.9842192223,713.58
0.2526,-0.8462344103,713.67
0.2528,-0.8621279462,713.76
0.253,-0.9527840411,713.85
0.2532,-0.8846741641,713.94
0.2534,-0.9408145935,714.03
0.2536,-0.928796837,714.12
0.2538,-0.9078770366,714.21
0.254,-0.9908609943,714.3
0.2542,-1.049865442,714.39
0.2544,-1.024126822,714.48
0.2546,-1.089038197,714.57
0.2548,-1.084241944,714.66
0.255,-1.096765777,714.75
0.2552,-1.108547709,714.84
0.2554,-1.047103606,714.93
0.2556,-1.073824745,715.02
0.2558,-1.156493953,715.11
0.256,-1.088341879,715.2
0.2562,-1.213641008,715.29
0.2564,-1.18517292,715.38
0.2566,-1.176615369,715.47
0.2568,-1.13526485,715.56
0.257,-1.165182656,715.65
0.2572,-1.187140661,715.74
0.2574,-1.163829756,715.83
0.2576,-1.197509478,715.92
0.2578,-1.181245291,716.01
0.258,-1.276691486,716.1
0.2582,-1.321632003,716.19
0.2584,-1.278918472,716.28
0.2586,-1.236642109,716.37
0.2588,-1.266584215,716.46
0.259,-1.247911153,716.55
0.2592,-1.260968056,716.64
0.2594,-1.274024788,716.73
0.2596,-1.266509243,716.82
0.2598,-1.331855793,716.91
0.26,-1.262660983,717
0.2602,-1.349202417,717.09
0.2604,-1.315274583,717.18
0.2606,-1.368366363,717.27
0.2608,-1.29171235,717.36
0.261,-1.373550634,717.45
0.2612,-1.253783657,717.54
0.2614,-1.361732788,717.63
0.2616,-1.294524442,717.72
0.2618,-1.306666119,717.81
0.262,-1.331487422,717.9
0.2622,-1.240787278,717.99
0.2624,-1.30153898,718.08
0.2626,-1.218352098,718.17
0.2628,-1.309938513,718.26
0.263,-1.291879506,718.35
0.2632,-1.32982697,718.44
0.2634,-1.216693301,718.53
0.2636,-1.190300862,718.62
0.2638,-1.205284367,718.71
0.264,-1.207115478,718.8
0.2642,-1.222967884,718.89
0.2644,-1.076501882,718.98
0.2646,-1.124501786,719.07
0.2648,-1.21083815,719.16
0.265,-1.131241276,719.25
0.2652,-1.204252861,719.34
0.2654,-1.016585346,719.43
0.2656,-0.9798122018,719.52
0.2658,-0.9787677747,719.61
0.266,-1.016954063,719.7
0.2662,-1.015158104,719.79
0.2664,-1.02347407,719.88
0.2666,-0.9209219715,719.97
0.2668,-0.9463242578,720.06
0.267,-0.9049463025,720.15
0.2672,-0.8881774828,720.24
0.2674,-0.8468492036,720.33
0.2676,-0.7697017541,720.42
0.2678,-0.7084809925,720.51
0.268,-0.7399498514,720.6
0.2682,-0.7143879042,720.69
0.2684,-0.7283460071,720.78
0.2686,-0.7009442552,720.87
0.2688,-0.6616624244,720.96
0.269,-0.5503425604,721.05
0.2692,-0.5421780438,721.14
0.2694,-0.4790470857,721.23
0.2696,-0.4661995288,721.32
0.2698,-0.4642181684,721.41
0.27,-0.4624472771,721.5
0.2702,-0.3914579702,721.59
0.2704,-0.3977841994,721.68
0.2706,-0.2235320513,721.77
0.2708,-0.2562358501,721.86
0.271,-0.2447351548,721.95
0.2712,-0.1126026441,722.04
0.2714,-0.1706641719,722.13
0.2716,-0.09525894009,722.22
0.2718,-0.08649998865,722.31
0.272,-0.02775455372,722.4
0.2722,-0.01910366371,722.49
0.2724,0.05337953993,722.58
0.2726,0.128728633,722.67
0.2728,0.05830151817,722.76
0.273,0.05730520544,722.85
0.2732,0.2386794109,722.94
0.2734,0.2283777818,723.03
0.2736,0.2939684572,723.12
0.2738,0.2840253092,723.21
0.274,0.3945901406,723.3
0.2742,0.4421442634,723.39
0.2744,0.357516467,723.48
0.2746,0.4674435272,723.57
0.2748,0.4509313311,723.66
0.275,0.4453137845,723.75
0.2752,0.5324391138,723.84
0.2754,0.6013780223,723.93
0.2756,0.5564526046,724.02
0.2758,0.5925557082,724.11
0.276,0.7264271194,724.2
0.2762,0.70947945,724.29
0.2764,0.7553685328,724.38
0.2766,0.723237991,724.47
0.2768,0.7725703901,724.56
0.277,0.8327828702,724.65
0.2772,0.8636087955,724.74
0.2774,0.8893092353,724.83
0.2776,0.9743718578,724.92
0.2778,0.9426450284,725.01
0.278,0.8990869777,725.1
0.2782,0.9498870525,725.19
0.2784,1.006294907,725.28
0.2786,1.082831823,725.37
0.2788,1.025141839,725.46
0.279,1.057942969,725.55
0.2792,1.092646416,725.64
0.2794,1.084215166,725.73
0.2796,1.097641642,725.82
0.2798,1.138698797,725.91
0.28,1.204752211,726
0.2802,1.199585999,726.09
0.2804,1.182957051,726.18
0.2806,1.224484329,726.27
0.2808,1.169035585,726.36
0.281,1.273057308,726.45
0.2812,1.273519782,726.54
0.2814,1.265607385,726.63
0.2816,1.196638661,726.72
0.2818,1.352946329,726.81
0.282,1.159682864,726.9
0.2822,1.243913146,726.99
0.2824,1.252532376,727.08
0.2826,1.322401792,727.17
0.2828,1.237378576,727.26
0.283,1.310332202,727.35
0.2832,1.296615855,727.44
0.2834,1.292162237,727.53
0.2836,1.338866166,727.62
0.2838,1.361388222,727.71
0.284,1.318595651,727.8
0.2842,1.289386623,727.89
0.2844,1.205529879,727.98
0.2846,1.353676354,728.07
0.2848,1.277787314,728.16
0.285,1.210077326,728.25
0.2852,1.285865165,728.34
0.2854,1.33176501,728.43
0.2856,1.260543952,728.52
0.2858,1.21146481,728.61
0.286,1.341940479,728.7
0.2862,1.266905814,728.79
0.2864,1.246870505,728.88
0.2866,1.264358049,728.97
0.2868,1.125218979,729.06
0.287,1.199556148,729.15
0.2872,1.184608259,729.24
0.2874,1.271513594,729.33
0.2876,1.145030267,729.42
0.2878,1.133205777,729.51
0.288,1.086649773,729.6
0.2882,1.096713906,729.69
0.2884,1.108442069,729.78
0.2886,1.113894883,729.87
0.2888,1.081467862,729.96
0.289,1.156755473,730.05
0.2892,1.081312901,730.14
0.2894,1.072901631,730.23
0.2896,1.087978498,730.32
0.2898,1.043629981,730.41
0.29,0.9821089961,730.5
0.2902,0.9258471271,730.59
0.2904,0.9881814327,730.68
0.2906,0.9251614481,730.77
0.2908,0.9973345297,730.86
0.291,0.8979614938,730.95
0.2912,0.8239354382,731.04
0.2914,0.9011621936,731.13
0.2916,0.9282654855,731.22
0.2918,0.8617545064,731.31
0.292,0.86304622,731.4
0.2922,0.8475179618,731.49
0.2924,0.8968775728,731.58
0.2926,0.8251376998,731.67
0.2928,0.7973015622,731.76
0.293,0.7602180307,731.85
0.2932,0.7050191939,731.94
0.2934,0.8154483306,732.03
0.2936,0.791800462,732.12
0.2938,0.6935813252,732.21
0.294,0.7443444122,732.3
0.2942,0.720477427,732.39
0.2944,0.6795935385,732.48
0.2946,0.6704500998,732.57
0.2948,0.7021436417,732.66
0.295,0.6112413896,732.75
0.2952,0.6279589437,732.84
0.2954,0.6351853844,732.93
0.2956,0.6275197814,733.02
0.2958,0.6090454629,733.11
0.296,0.6165112994,733.2
0.2962,0.619569313,733.29
0.2964,0.5523583128,733.38
0.2966,0.5830156982,733.47
0.2968,0.5493312256,733.56
0.297,0.6234691301,733.65
0.2972,0.4968878107,733.74
0.2974,0.5364716325,733.83
0.2976,0.5666779122,733.92
0.2978,0.5192707037,734.01
0.298,0.510116428,734.1
0.2982,0.4948228574,734.19
0.2984,0.5227011044,734.28
0.2986,0.4562593611,734.37
0.2988,0.4939484355,734.46
0.299,0.4870963588,734.55
0.2992,0.4259595881,734.64
0.2994,0.4908430185,734.73
0.2996,0.4553781524,734.82
0.2998,0.4815363717,734.91
0.3,0.4987932202,735
0.3002,0.4728274328,735.09
0.3004,0.4060959465,735.18
0.3006,0.4623540226,735.27
0.3008,0.3797582324,735.36
0.301,0.409049178,735.45
0.3012,0.503412926,735.54
0.3014,0.431499175,735.63
0.3016,0.4901482958,735.72
0.3018,0.415337592,735.81
0.302,0.4188145106,735.9
0.3022,0.3689388061,735.99
0.3024,0.4481834659,736.08
0.3026,0.39767693,736.17
0.3028,0.4268590339,736.26
0.303,0.4149265463,736.35
0.3032,0.414655093,736.44
0.3034,0.4018994013,736.53
0.3036,0.3827318249,736.62
0.3038,0.3797799277,736.71
0.304,0.3472066923,736.8
0.3042,0.2844616056,736.89
0.3044,0.3856838919,736.98
0.3046,0.4453780274,737.07
0.3048,0.3998487553,737.16
0.305,0.4456605499,737.25
0.3052,0.3654843004,737.34
0.3054,0.3015287004,737.43
0.3056,0.2950274544,737.52
0.3058,0.3595105859,737.61
0.306,0.337304981,737.7
0.3062,0.3107435528,737.79
0.3064,0.3412742331,737.88
0.3066,0.2693856458,737.97
0.3068,0.3194350015,738.06
0.307,0.280095533,738.15
0.3072,0.2909057669,738.24
0.3074,0.3254587584,738.33
0.3076,0.2644404083,738.42
0.3078,0.3182469181,738.51
0.308,0.3086132621,738.6
0.3082,0.2161894876,738.69
0.3084,0.3329466467,738.78
0.3086,0.1803918261,738.87
0.3088,0.218068546,738.96
0.309,0.2433125022,739.05
0.3092,0.1122813097,739.14
0.3094,0.2374945417,739.23
0.3096,0.2326064945,739.32
0.3098,0.1726315178,739.41
0.31,0.1787428418,739.5
0.3102,0.1668110759,739.59
0.3104,0.1398440176,739.68
0.3106,0.1818181761,739.77
0.3108,0.1132499295,739.86
0.311,0.1163989822,739.95
0.3112,0.1227189954,740.04
0.3114,0.1319816811,740.13
0.3116,0.1317447584,740.22
0.3118,0.01655663296,740.31
0.312,-0.01653877823,740.4
0.3122,0.04956837371,740.49
0.3124,0.04219154093,740.58
0.3126,-0.01029596324,740.67
0.3128,0.03513718631,740.76
0.313,0.0374178835,740.85
0.3132,0.01652742324,740.94
0.3134,0.05706854563,741.03
0.3136,-0.06271292884,741.12
0.3138,-0.03061370391,741.21
0.314,0.0358864817,741.3
0.3142,-0.02558794912,741.39
0.3144,-0.109190611,741.48
0.3146,-0.06633401896,741.57
0.3148,-0.03728397067,741.66
0.315,-0.01114479198,741.75
0.3152,-0.07918902803,741.84
0.3154,-0.06904615448,741.93
0.3156,-0.1717107046,742.02
0.3158,-0.1468517494,742.11
0.316,-0.09828743648,742.2
0.3162,-0.1955688305,742.29
0.3164,-0.1688619527,742.38
0.3166,-0.2517285773,742.47
0.3168,-0.1253182492,742.56
0.317,-0.1999609772,742.65
0.3172,-0.1807611094,742.74
0.3174,-0.2736717237,742.83
0.3176,-0.2747190357,742.92
0.3178,-0.1563330984,743.01
0.318,-0.2523035191,743.1
0.3182,-0.2686924692,743.19
0.3184,-0.2338759922,743.28
0.3186,-0.2399713696,743.37
0.3188,-0.349725648,743.46
0.319,-0.31715532,743.55
0.3192,-0.2827709689,743.64
0.3194,-0.2916920803,743.73
0.3196,-0.2845350094,743.82
0.3198,-0.3229265661,743.91
0.32,-0.3233972224,744
0.3202,-0.3096465898,744.09
0.3204,-0.3525068331,744.18
0.3206,-0.3644340255,744.27
0.3208,-0.3586562637,744.36
0.321,-0.3418398886,744.45
0.3212,-0.3537101272,744.54
0.3214,-0.3724353407,744.63
0.3216,-0.3684737424,744.72
0.3218,-0.3654307152,744.81
0.322,-0.3554455658,744.9
0.3222,-0.3586437812,744.99
0.3224,-0.4302986237,745.08
0.3226,-0.3433771086,745.17
0.3228,-0.4523012005,745.26
0.323,-0.3698646584,745.35
0.3232,-0.4251034642,745.44
0.3234,-0.3774589664,745.53
0.3236,-0.3624289358,745.62
0.3238,-0.4858721437,745.71
0.324,-0.3897472297,745.8
0.3242,-0.4074058358,745.89
0.3244,-0.4416234905,745.98
0.3246,-0.4117111896,746.07
0.3248,-0.4517066559,746.16
0.325,-0.4313807011,746.25
0.3252,-0.4831902322,746.34
0.3254,-0.4136643159,746.43
0.3256,-0.4262552679,746.52
0.3258,-0.4248846046,746.61
0.326,-0.4862571058,746.7
0.3262,-0.3906321745,746.79
0.3264,-0.3902985824,746.88
0.3266,-0.47895981,746.97
0.3268,-0.497778731,747.06
0.327,-0.5031188664,747.15
0.3272,-0.4648190342,747.24
0.3274,-0.4571377198,747.33
0.3276,-0.5350598475,747.42
0.3278,-0.5932638434,747.51
0.328,-0.4998828264,747.6
0.3282,-0.5268774158,747.69
0.3284,-0.5255596904,747.78
0.3286,-0.5191434927,747.87
0.3288,-0.5926318876,747.96
0.329,-0.5532631608,748.05
0.3292,-0.5762384365,748.14
0.3294,-0.5576916006,748.23
0.3296,-0.5325891507,748.32
0.3298,-0.5909816362,748.41
0.33,-0.6351424219,748.5
0.3302,-0.5601616787,748.59
0.3304,-0.5919430954,748.68
0.3306,-0.6391807222,748.77
0.3308,-0.7144257101,748.86
0.331,-0.6880834317,748.95
0.3312,-0.658314379,749.04
0.3314,-0.6536428746,749.13
0.3316,-0.7089193211,749.22
0.3318,-0.682255718,749.31
0.332,-0.7378701971,749.4
0.3322,-0.74207119,749.49
0.3324,-0.7165636307,749.58
0.3326,-0.7621644534,749.67
0.3328,-0.7591028803,749.76
0.333,-0.7431928356,749.85
0.3332,-0.7468788185,749.94
0.3334,-0.8302445918,750.03
0.3336,-0.831028063,750.12
0.3338,-0.8886968583,750.21
0.334,-0.9025650812,750.3
0.3342,-0.8528789095,750.39
0.3344,-0.9007889584,750.48
0.3346,-0.9694862948,750.57
0.3348,-0.8887654353,750.66
0.335,-0.9590458914,750.75
0.3352,-0.9531368982,750.84
0.3354,-0.9390918245,750.93
0.3356,-0.9551852957,751.02
0.3358,-0.9887561584,751.11
0.336,-1.081755845,751.2
0.3362,-0.9941678518,751.29
0.3364,-1.055880201,751.38
0.3366,-1.103875234,751.47
0.3368,-1.150480672,751.56
0.337,-1.023476277,751.65
0.3372,-1.085281717,751.74
0.3374,-1.100749684,751.83
0.3376,-1.094804714,751.92
0.3378,-1.136157188,752.01
0.338,-1.205770389,752.1
0.3382,-1.132309948,752.19
0.3384,-1.132167214,752.28
0.3386,-1.163977897,752.37
0.3388,-1.134997358,752.46
0.339,-1.131761263,752.55
0.3392,-1.251253132,752.64
0.3394,-1.247629405,752.73
0.3396,-1.204309176,752.82
0.3398,-1.242275956,752.91
0.34,-1.249806624,753
0.3402,-1.22910883,753.09
0.3404,-1.244579179,753.18
0.3406,-1.298990443,753.27
0.3408,-1.282626187,753.36
0.341,-1.32179044,753.45
0.3412,-1.305997691,753.54
0.3414,-1.346867859,753.63
0.3416,-1.384419297,753.72
0.3418,-1.328206196,753.81
0.342,-1.333744348,753.9
0.3422,-1.275170131,753.99
0.3424,-1.247998839,754.08
0.3426,-1.309184047,754.17
0.3428,-1.289586405,754.26
0.343,-1.331310079,754.35
0.3432,-1.339402073,754.44
0.3434,-1.309230874,754.53
0.3436,-1.303821832,754.62
0.3438,-1.274148679,754.71
0.344,-1.274094679,754.8
0.3442,-1.203903915,754.89
0.3444,-1.269586194,754.98
0.3446,-1.316636439,755.07
0.3448,-1.234438826,755.16
0.345,-1.253332788,755.25
0.3452,-1.205431416,755.34
0.3454,-1.154262545,755.43
0.3456,-1.209627009,755.52
0.3458,-1.170621412,755.61
0.346,-1.129562601,755.7
0.3462,-1.169746539,755.79
0.3464,-1.103950704,755.88
0.3466,-1.070467622,755.97
0.3468,-1.038495638,756.06
0.347,-1.004872199,756.15
0.3472,-1.003385848,756.24
0.3474,-0.9857862882,756.33
0.3476,-1.03203426,756.42
0.3478,-1.057606639,756.51
0.348,-0.9622145138,756.6
0.3482,-0.8390691206,756.69
0.3484,-0.8627398836,756.78
0.3486,-0.9281633447,756.87
0.3488,-0.8247607153,756.96
0.349,-0.7625342963,757.05
0.3492,-0.8193033724,757.14
0.3494,-0.6900005638,757.23
0.3496,-0.7256525779,757.32
0.3498,-0.6044272575,757.41
0.35,-0.6104556201,757.5
0.3502,-0.4529048948,757.59
0.3504,-0.5943125957,757.68
0.3506,-0.4936800732,757.77
0.3508,-0.527327041,757.86
0.351,-0.3853591135,757.95
0.3512,-0.3887687113,758.04
0.3514,-0.3190259345,758.13
0.3516,-0.3134684064,758.22
0.3518,-0.3257962172,758.31
0.352,-0.2661554444,758.4
0.3522,-0.250436105,758.49
0.3524,-0.2034870512,758.58
0.3526,-0.1164322242,758.67
0.3528,-0.03985023066,758.76
0.353,-0.008635775481,758.85
0.3532,0.01734490439,758.94
0.3534,0.01402309899,759.03
0.3536,0.09663655589,759.12
0.3538,0.08175293333,759.21
0.354,0.1636457299,759.3
0.3542,0.2282345168,759.39
0.3544,0.2265100076,759.48
0.3546,0.2541606895,759.57
0.3548,0.2943154681,759.66
0.355,0.37442916,759.75
0.3552,0.3755884078,759.84
0.3554,0.3688551181,759.93
0.3556,0.4462655673,760.02
0.3558,0.457083103,760.11
0.356,0.5956454516,760.2
0.3562,0.5720185608,760.29
0.3564,0.5479703549,760.38
0.3566,0.6518556263,760.47
0.3568,0.7038969308,760.56
0.357,0.7236182855,760.65
0.3572,0.7267240748,760.74
0.3574,0.7789071061,760.83
0.3576,0.8152195233,760.92
0.3578,0.8744564122,761.01
0.358,0.878526735,761.1
0.3582,0.9831643588,761.19
0.3584,0.9120939392,761.28
0.3586,1.008624808,761.37
0.3588,0.9745487102,761.46
0.359,0.9311143112,761.55
0.3592,0.9766058407,761.64
0.3594,0.9742649649,761.73
0.3596,1.000664156,761.82
0.3598,1.138496836,761.91
0.36,1.084826657,762
0.3602,1.15453545,762.09
0.3604,1.113495096,762.18
0.3606,1.1659728,762.27
0.3608,1.140951494,762.36
0.361,1.232834642,762.45
0.3612,1.202645177,762.54
0.3614,1.208143527,762.63
0.3616,1.232017013,762.72
0.3618,1.336535854,762.81
0.362,1.278036494,762.9
0.3622,1.302805415,762.99
0.3624,1.228353657,763.08
0.3626,1.259267394,763.17
0.3628,1.303209296,763.26
0.363,1.222810624,763.35
0.3632,1.354367161,763.44
0.3634,1.315355896,763.53
0.3636,1.306334069,763.62
0.3638,1.300679747,763.71
0.364,1.299857571,763.8
0.3642,1.288817234,763.89
0.3644,1.363229605,763.98
0.3646,1.333160756,764.07
0.3648,1.352462542,764.16
0.365,1.287203149,764.25
0.3652,1.259819127,764.34
0.3654,1.343701327,764.43
0.3656,1.235209322,764.52
0.3658,1.252726528,764.61
0.366,1.297949914,764.7
0.3662,1.304766784,764.79
0.3664,1.200511846,764.88
0.3666,1.23267077,764.97
0.3668,1.234784011,765.06
0.367,1.217930692,765.15
0.3672,1.178036716,765.24
0.3674,1.227681576,765.33
0.3676,1.167913397,765.42
0.3678,1.166851355,765.51
0.368,1.07403096,765.6
0.3682,1.14603736,765.69
0.3684,1.059576028,765.78
0.3686,1.151090745,765.87
0.3688,1.128415492,765.96
0.369,1.074099509,766.05
0.3692,1.086101452,766.14
0.3694,1.069089502,766.23
0.3696,1.043813573,766.32
0.3698,1.048851044,766.41
0.37,1.014165658,766.5
0.3702,0.9846574811,766.59
0.3704,0.9564807406,766.68
0.3706,1.039146134,766.77
0.3708,0.9645934437,766.86
0.371,0.9404614215,766.95
0.3712,0.9544154891,767.04
0.3714,0.8946783836,767.13
0.3716,0.8794605166,767.22
0.3718,0.9057677732,767.31
0.372,0.9049197964,767.4
0.3722,0.8755812868,767.49
0.3724,0.7749648737,767.58
0.3726,0.8213670552,767.67
0.3728,0.8035128446,767.76
0.373,0.8080499072,767.85
0.3732,0.7406094168,767.94
0.3734,0.720086399,768.03
0.3736,0.7433862078,768.12
0.3738,0.6992161095,768.21
0.374,0.6789737608,768.3
0.3742,0.7055587846,768.39
0.3744,0.7323843656,768.48
0.3746,0.6886241578,768.57
0.3748,0.7154381695,768.66
0.375,0.6198326978,768.75
0.3752,0.6759127128,768.84
0.3754,0.6362256407,768.93
0.3756,0.5909929732,769.02
0.3758,0.5986560355,769.11
0.376,0.5709904829,769.2
0.3762,0.5865247179,769.29
0.3764,0.5558694012,769.38
0.3766,0.6260308043,769.47
0.3768,0.5529652704,769.56
0.377,0.5021834206,769.65
0.3772,0.5423367425,769.74
0.3774,0.5572353396,769.83
0.3776,0.5215649378,769.92
0.3778,0.5606246491,770.01
0.378,0.4832841404,770.1
0.3782,0.4784662157,770.19
0.3784,0.5697122873,770.28
0.3786,0.4991174696,770.37
0.3788,0.5140406229,770.46
0.379,0.5061089225,770.55
0.3792,0.503426466,770.64
0.3794,0.4766342712,770.73
0.3796,0.4618798683,770.82
0.3798,0.5068239043,770.91
0.38,0.4394621789,771
0.3802,0.4583262291,771.09
0.3804,0.4758577841,771.18
0.3806,0.428376122,771.27
0.3808,0.3787560905,771.36
0.381,0.452679049,771.45
0.3812,0.4725310455,771.54
0.3814,0.4354638783,771.63
0.3816,0.3548840069,771.72
0.3818,0.4416563111,771.81
0.382,0.489414489,771.9
0.3822,0.3466128419,771.99
0.3824,0.2962814243,772.08
0.3826,0.3887811187,772.17
0.3828,0.3968482667,772.26
0.383,0.4199276279,772.35
0.3832,0.416661516,772.44
0.3834,0.383369215,772.53
0.3836,0.3960734224,772.62
0.3838,0.3829815192,772.71
0.384,0.3695447304,772.8
0.3842,0.357185251,772.89
0.3844,0.3480112946,772.98
0.3846,0.3760477284,773.07
0.3848,0.3586576141,773.16
0.385,0.3201407348,773.25
0.3852,0.3737008182,773.34
0.3854,0.2961431933,773.43
0.3856,0.3091496992,773.52
0.3858,0.3168774179,773.61
0.386,0.2303548957,773.7
0.3862,0.2830293524,773.79
0.3864,0.3240656308,773.88
0.3866,0.3150560653,773.97
0.3868,0.2289109826,774.06
0.387,0.2353584169,774.15
0.3872,0.2176943056,774.24
0.3874,0.2423239248,774.33
0.3876,0.2406025165,774.42
0.3878,0.1721865392,774.51
0.388,0.2380576115,774.6
0.3882,0.219403593,774.69
0.3884,0.2045273971,774.78
0.3886,0.1717114297,774.87
0.3888,0.1812015896,774.96
0.389,0.1091499818,775.05
0.3892,0.1777032674,775.14
0.3894,0.1668107139,775.23
0.3896,0.1441808849,775.32
0.3898,0.09184881369,775.41
0.39,0.177059126,775.5
0.3902,0.1607905617,775.59
0.3904,0.03281262993,775.68
0.3906,0.1111419613,775.77
0.3908,0.08995094777,775.86
0.391,-0.02724685694,775.95
0.3912,0.08194069581,776.04
0.3914,0.07589171466,776.13
0.3916,0.06734458833,776.22
0.3918,0.03420207276,776.31
0.392,-0.008853950746,776.4
0.3922,-0.01477328959,776.49
0.3924,0.01377428883,776.58
0.3926,0.02811172487,776.67
0.3928,-0.04796538451,776.76
0.393,-0.0510798316,776.85
0.3932,-0.02434081519,776.94
0.3934,-0.1466245591,777.03
0.3936,-0.05647710048,777.12
0.3938,-0.09398123023,777.21
0.394,-0.1814411047,777.3
0.3942,-0.07687453806,777.39
0.3944,-0.1533120081,777.48
0.3946,-0.0975259808,777.57
0.3948,-0.08530160976,777.66
0.395,-0.1978034468,777.75
0.3952,-0.2062472943,777.84
0.3954,-0.1701398974,777.93
0.3956,-0.2477751561,778.02
0.3958,-0.1609912038,778.11
0.396,-0.1917068774,778.2
0.3962,-0.1701743984,778.29
0.3964,-0.2889214395,778.38
0.3966,-0.2187588255,778.47
0.3968,-0.2173885508,778.56
0.397,-0.314069324,778.65
0.3972,-0.217717391,778.74
0.3974,-0.3143510159,778.83
0.3976,-0.2616236989,778.92
0.3978,-0.3277421605,779.01
0.398,-0.2533766719,779.1
0.3982,-0.2250174091,779.19
0.3984,-0.2961941096,779.28
0.3986,-0.304263523,779.37
0.3988,-0.2615676095,779.46
0.399,-0.3361903708,779.55
0.3992,-0.3231537553,779.64
0.3994,-0.2993185945,779.73
0.3996,-0.3207176155,779.82
0.3998,-0.2816196839,779.91
0.4,-0.3018259959,780
0.4002,-0.278911544,780.09
0.4004,-0.3597822134,780.18
0.4006,-0.3204678928,780.27
0.4008,-0.4009841472,780.36
0.401,-0.3386177988,780.45
0.4012,-0.3102085134,780.54
0.4014,-0.2916241189,780.63
0.4016,-0.4367586147,780.72
0.4018,-0.3991932176,780.81
0.402,-0.3691892332,780.9
0.4022,-0.4357899159,780.99
0.4024,-0.3845826792,781.08
0.4026,-0.3894088809,781.17
0.4028,-0.4339610386,781.26
0.403,-0.4404763497,781.35
0.4032,-0.4601093647,781.44
0.4034,-0.4167716848,781.53
0.4036,-0.3838720539,781.62
0.4038,-0.4267796675,781.71
0.404,-0.3345895592,781.8
0.4042,-0.5058260648,781.89
0.4044,-0.4756870256,781.98
0.4046,-0.4319390313,782.07
0.4048,-0.5082685447,782.16
0.405,-0.4555243824,782.25
0.4052,-0.4429851007,782.34
0.4054,-0.4737618229,782.43
0.4056,-0.4956627237,782.52
0.4058,-0.4563944509,782.61
0.406,-0.4834145154,782.7
0.4062,-0.478197666,782.79
0.4064,-0.4922311822,782.88
0.4066,-0.5472414818,782.97
0.4068,-0.5716592831,783.06
0.407,-0.5513035323,783.15
0.4072,-0.5376450339,783.24
0.4074,-0.5605736617,783.33
0.4076,-0.5248363047,783.42
0.4078,-0.5610373686,783.51
0.408,-0.5424598073,783.6
0.4082,-0.5856317943,783.69
0.4084,-0.6285339486,783.78
0.4086,-0.5776658494,783.87
0.4088,-0.6019523997,783.96
0.409,-0.6655964919,784.05
0.4092,-0.6600843857,784.14
0.4094,-0.5461625785,784.23
0.4096,-0.8006318296,784.32
0.4098,-0.6359089894,784.41
0.41,-0.6907010401,784.5
0.4102,-0.7087196699,784.59
0.4104,-0.7310683121,784.68
0.4106,-0.7531116665,784.77
0.4108,-0.6538507848,784.86
0.411,-0.7784995543,784.95
0.4112,-0.7874736387,785.04
0.4114,-0.7586036915,785.13
0.4116,-0.789947683,785.22
0.4118,-0.8271876442,785.31
0.412,-0.8466647764,785.4
0.4122,-0.9033354873,785.49
0.4124,-0.8238087471,785.58
0.4126,-0.9239083892,785.67
0.4128,-0.9937332974,785.76
0.413,-0.8726467041,785.85
0.4132,-0.9003948133,785.94
0.4134,-0.9326167079,786.03
0.4136,-0.9827168288,786.12
0.4138,-0.9311749182,786.21
0.414,-1.03703509,786.3
0.4142,-1.096797583,786.39
0.4144,-1.019708508,786.48
0.4146,-1.0099714,786.57
0.4148,-1.032869675,786.66
0.415,-0.9906119673,786.75
0.4152,-1.055069136,786.84
0.4154,-1.112028053,786.93
0.4156,-1.125336669,787.02
0.4158,-1.096752045,787.11
0.416,-1.148577084,787.2
0.4162,-1.1651322,787.29
0.4164,-1.243045748,787.38
0.4166,-1.198273556,787.47
0.4168,-1.249813008,787.56
0.417,-1.200951138,787.65
0.4172,-1.216299426,787.74
0.4174,-1.204155645,787.83
0.4176,-1.171615976,787.92
0.4178,-1.259378419,788.01
0.418,-1.203835809,788.1
0.4182,-1.314381671,788.19
0.4184,-1.270746778,788.28
0.4186,-1.245858939,788.37
0.4188,-1.212056529,788.46
0.419,-1.338931316,788.55
0.4192,-1.309707531,788.64
0.4194,-1.297444871,788.73
0.4196,-1.309784379,788.82
0.4198,-1.345576592,788.91
0.42,-1.373533761,789
0.4202,-1.3572425,789.09
0.4204,-1.310619385,789.18
0.4206,-1.358859801,789.27
0.4208,-1.231652187,789.36
0.421,-1.24937541,789.45
0.4212,-1.369271151,789.54
0.4214,-1.306873099,789.63
0.4216,-1.22721102,789.72
0.4218,-1.214022145,789.81
0.422,-1.217967901,789.9
0.4222,-1.309200461,789.99
0.4224,-1.25529269,790.08
0.4226,-1.177055499,790.17
0.4228,-1.210275865,790.26
0.423,-1.217812234,790.35
0.4232,-1.16360885,790.44
0.4234,-1.127442491,790.53
0.4236,-1.143133649,790.62
0.4238,-1.119717933,790.71
0.424,-1.066412248,790.8
0.4242,-1.110441889,790.89
0.4244,-1.102061943,790.98
0.4246,-1.011620783,791.07
0.4248,-1.06557389,791.16
0.425,-0.9724236165,791.25
0.4252,-0.9949383347,791.34
0.4254,-0.9048113476,791.43
0.4256,-0.95744485,791.52
0.4258,-0.8352590322,791.61
0.426,-0.8389768117,791.7
0.4262,-0.8313593462,791.79
0.4264,-0.821639336,791.88
0.4266,-0.7605927026,791.97
0.4268,-0.7577160492,792.06
0.427,-0.7342919767,792.15
0.4272,-0.6083259558,792.24
0.4274,-0.5916288715,792.33
0.4276,-0.5297476463,792.42
0.4278,-0.5959025901,792.51
0.428,-0.5819831309,792.6
0.4282,-0.5292319222,792.69
0.4284,-0.4011335339,792.78
0.4286,-0.3556780485,792.87
0.4288,-0.4223695274,792.96
0.429,-0.2673199302,793.05
0.4292,-0.2852926971,793.14
0.4294,-0.2750021575,793.23
0.4296,-0.1893902096,793.32
0.4298,-0.1223506461,793.41
0.43,-0.1123605262,793.5
0.4302,-0.06937507711,793.59
0.4304,-0.05452356069,793.68
0.4306,-0.03613626855,793.77
0.4308,0.04715198448,793.86
0.431,0.03861950345,793.95
0.4312,0.1690311993,794.04
0.4314,0.1520344626,794.13
0.4316,0.2796367975,794.22
0.4318,0.2043714052,794.31
0.432,0.3646597275,794.4
0.4322,0.3131727604,794.49
0.4324,0.3525805096,794.58
0.4326,0.4393619494,794.67
0.4328,0.5025311976,794.76
0.433,0.5031914363,794.85
0.4332,0.5283204617,794.94
0.4334,0.6597748727,795.03
0.4336,0.6368605783,795.12
0.4338,0.6043080698,795.21
0.434,0.6771654359,795.3
0.4342,0.7900257664,795.39
0.4344,0.7692028829,795.48
0.4346,0.8220204186,795.57
0.4348,0.9025248005,795.66
0.435,0.8285292113,795.75
0.4352,0.897715735,795.84
0.4354,0.8854563948,795.93
0.4356,0.9404603162,796.02
0.4358,0.9897819767,796.11
0.436,0.9413756598,796.2
0.4362,1.026210434,796.29
0.4364,1.050600157,796.38
0.4366,1.110624379,796.47
0.4368,1.067040592,796.56
0.437,1.061148952,796.65
0.4372,1.148252813,796.74
0.4374,1.106541009,796.83
0.4376,1.176980753,796.92
0.4378,1.209376461,797.01
0.438,1.16729768,797.1
0.4382,1.212280751,797.19
0.4384,1.189183439,797.28
0.4386,1.129437216,797.37
0.4388,1.196224698,797.46
0.439,1.181075146,797.55
0.4392,1.274604581,797.64
0.4394,1.239102216,797.73
0.4396,1.283176213,797.82
0.4398,1.292872611,797.91
0.44,1.342296635,798
0.4402,1.289538049,798.09
0.4404,1.290113419,798.18
0.4406,1.328235953,798.27
0.4408,1.373497287,798.36
0.441,1.305442235,798.45
0.4412,1.321041478,798.54
0.4414,1.297532487,798.63
0.4416,1.274122792,798.72
0.4418,1.236440968,798.81
0.442,1.290322656,798.9
0.4422,1.277172508,798.99
0.4424,1.271550191,799.08
0.4426,1.353877469,799.17
0.4428,1.252902494,799.26
0.443,1.270990418,799.35
0.4432,1.234408268,799.44
0.4434,1.285718553,799.53
0.4436,1.216140428,799.62
0.4438,1.291155697,799.71
0.444,1.194230293,799.8
0.4442,1.223599694,799.89
0.4444,1.220498018,799.98
0.4446,1.156884073,800.07
0.4448,1.186966456,800.16
0.445,1.141151951,800.25
0.4452,1.093706685,800.34
0.4454,1.082418281,800.43
0.4456,1.107616599,800.52
0.4458,1.150530984,800.61
0.446,1.043659358,800.7
0.4462,1.069424839,800.79
0.4464,0.9993000816,800.88
0.4466,1.025842787,800.97
0.4468,0.9470699007,801.06
0.447,0.9515179636,801.15
0.4472,0.9665398354,801.24
0.4474,0.9204899692,801.33
0.4476,0.9233538441,801.42
0.4478,0.9584099009,801.51
0.448,0.8967293736,801.6
0.4482,0.8568551964,801.69
0.4484,0.8201525382,801.78
0.4486,0.8324476319,801.87
0.4488,0.8842525981,801.96
0.449,0.8193277248,802.05
0.4492,0.8013935232,802.14
0.4494,0.8210639528,802.23
0.4496,0.8108239929,802.32
0.4498,0.8028618772,802.41
0.45,0.7338706347,802.5
0.4502,0.6974357977,802.59
0.4504,0.6534553662,802.68
0.4506,0.6793363849,802.77
0.4508,0.6787085503,802.86
0.451,0.7099419716,802.95
0.4512,0.6809681538,803.04
0.4514,0.6332262349,803.13
0.4516,0.6794437006,803.22
0.4518,0.5820796296,803.31
0.452,0.5791150955,803.4
0.4522,0.5632363343,803.49
0.4524,0.5560834274,803.58
0.4526,0.5794298841,803.67
0.4528,0.545866148,803.76
0.453,0.5397623108,803.85
0.4532,0.6146234127,803.94
0.4534,0.4934806879,804.03
0.4536,0.5022730952,804.12
0.4538,0.5258220693,804.21
0.454,0.5452020692,804.3
0.4542,0.5392814035,804.39
0.4544,0.501824429,804.48
0.4546,0.4906573863,804.57
0.4548,0.4878592587,804.66
0.455,0.5217173161,804.75
0.4552,0.4487152498,804.84
0.4554,0.3853483588,804.93
0.4556,0.4809582903,805.02
0.4558,0.4210055026,805.11
0.456,0.4598905818,805.2
0.4562,0.5124756734,805.29
0.4564,0.4555400399,805.38
0.4566,0.5199859076,805.47
0.4568,0.3778149409,805.56
0.457,0.4461208559,805.65
0.4572,0.4473419288,805.74
0.4574,0.4601754194,805.83
0.4576,0.3930582084,805.92
0.4578,0.4239809094,806.01
0.458,0.4177625585,806.1
0.4582,0.4118150354,806.19
0.4584,0.348583342,806.28
0.4586,0.329761213,806.37
0.4588,0.4156731807,806.46
0.459,0.4030929311,806.55
0.4592,0.385795255,806.64
0.4594,0.4048104904,806.73
0.4596,0.4174357505,806.82
0.4598,0.3224659807,806.91
0.46,0.3949156614,807
0.4602,0.4178101421,807.09
0.4604,0.3934574226,807.18
0.4606,0.3704280393,807.27
0.4608,0.3690530542,807.36
0.461,0.2770014183,807.45
0.4612,0.3085740861,807.54
0.4614,0.3628895019,807.63
0.4616,0.3744466077,807.72
0.4618,0.326663859,807.81
0.462,0.282871409,807.9
0.4622,0.2881951341,807.99
0.4624,0.3202648423,808.08
0.4626,0.3591317438,808.17
0.4628,0.3019441157,808.26
0.463,0.2412093828,808.35
0.4632,0.2785783832,808.44
0.4634,0.2622555442,808.53
0.4636,0.3319325109,808.62
0.4638,0.2506076843,808.71
0.464,0.2188050688,808.8
0.4642,0.2047177975,808.89
0.4644,0.1487297375,808.98
0.4646,0.1457298522,809.07
0.4648,0.1585566175,809.16
0.465,0.1348056305,809.25
0.4652,0.1643128518,809.34
0.4654,0.1499109586,809.43
0.4656,0.1726590291,809.52
0.4658,0.1846187731,809.61
0.466,0.1189660791,809.7
0.4662,0.09364406253,809.79
0.4664,0.01568805323,809.88
0.4666,0.09371389663,809.97
0.4668,0.09330721038,810.06
0.467,0.02435538805,810.15
0.4672,0.02772715842,810.24
0.4674,0.003594658444,810.33
0.4676,0.06208687722,810.42
0.4678,0.03265367771,810.51
0.468,0.04462716273,810.6
0.4682,-0.0641757016,810.69
0.4684,0.07860210288,810.78
0.4686,-0.07387095881,810.87
0.4688,-0.09245226375,810.96
0.469,-0.05566083279,811.05
0.4692,-0.09712069175,811.14
0.4694,-0.01384158219,811.23
0.4696,-0.1145467005,811.32
0.4698,-0.1368617395,811.41
0.47,-0.08167517352,811.5
0.4702,-0.08296097002,811.59
0.4704,-0.176391201,811.68
0.4706,-0.1728038408,811.77
0.4708,-0.178759023,811.86
0.471,-0.1813042813,811.95
0.4712,-0.1167238336,812.04
0.4714,-0.1449738793,812.13
0.4716,-0.1625525733,812.22
0.4718,-0.1639539665,812.31
0.472,-0.2237550318,812.4
0.4722,-0.1988398198,812.49
0.4724,-0.2457619768,812.58
0.4726,-0.2817993249,812.67
0.4728,-0.1937155242,812.76
0.473,-0.3390791475,812.85
0.4732,-0.2768461534,812.94
0.4734,-0.3080287178,813.03
0.4736,-0.3592597437,813.12
0.4738,-0.3155212307,813.21
0.474,-0.3048573514,813.3
0.4742,-0.2962533699,813.39
0.4744,-0.3545961761,813.48
0.4746,-0.298106168,813.57
0.4748,-0.3224271867,813.66
0.475,-0.3085646408,813.75
0.4752,-0.4241512333,813.84
0.4754,-0.3711392751,813.93
0.4756,-0.3834614527,814.02
0.4758,-0.3413973679,814.11
0.476,-0.3994634933,814.2
0.4762,-0.3956894277,814.29
0.4764,-0.4261591367,814.38
0.4766,-0.4333343766,814.47
0.4768,-0.4279662167,814.56
0.477,-0.3569643866,814.65
0.4772,-0.4429259392,814.74
0.4774,-0.5026793533,814.83
0.4776,-0.3984901733,814.92
0.4778,-0.4330408142,815.01
0.478,-0.3976129721,815.1
0.4782,-0.4031274387,815.19
0.4784,-0.4418826555,815.28
0.4786,-0.4510580252,815.37
0.4788,-0.461307335,815.46
0.479,-0.4445754352,815.55
0.4792,-0.4804573418,815.64
0.4794,-0.446797834,815.73
0.4796,-0.4047091864,815.82
0.4798,-0.4921593946,815.91
0.48,-0.4963116607,816
0.4802,-0.5025266105,816.09
0.4804,-0.4586810232,816.18
0.4806,-0.4632262409,816.27
0.4808,-0.4386433346,816.36
0.481,-0.4742138638,816.45
0.4812,-0.5046141991,816.54
0.4814,-0.4987979331,816.63
0.4816,-0.576813471,816.72
0.4818,-0.5099262342,816.81
0.482,-0.533679868,816.9
0.4822,-0.466122201,816.99
0.4824,-0.5029697247,817.08
0.4826,-0.6000524574,817.17
0.4828,-0.5992555391,817.26
0.483,-0.5513941556,817.35
0.4832,-0.679309015,817.44
0.4834,-0.6439813079,817.53
0.4836,-0.6034573412,817.62
0.4838,-0.6037920884,817.71
0.484,-0.6337692969,817.8
0.4842,-0.6066600803,817.89
0.4844,-0.6763477355,817.98
0.4846,-0.6743858985,818.07
0.4848,-0.6989737919,818.16
0.485,-0.7483063418,818.25
0.4852,-0.7165267276,818.34
0.4854,-0.7544000324,818.43
0.4856,-0.7434954187,818.52
0.4858,-0.8657609794,818.61
0.486,-0.7718674099,818.7
0.4862,-0.8130659434,818.79
0.4864,-0.8313673125,818.88
0.4866,-0.8206412568,818.97
0.4868,-0.8571340772,819.06
0.487,-0.8173232156,819.15
0.4872,-0.8207325799,819.24
0.4874,-0.8516309791,819.33
0.4876,-0.8648445936,819.42
0.4878,-0.9054087962,819.51
0.488,-0.9352936104,819.6
0.4882,-1.004421163,819.69
0.4884,-0.9846405703,819.78
0.4886,-0.938237461,819.87
0.4888,-0.9726338928,819.96
0.489,-1.039280307,820.05
0.4892,-1.031824222,820.14
0.4894,-1.010210057,820.23
0.4896,-1.074953788,820.32
0.4898,-1.019662942,820.41
0.49,-1.13026796,820.5
0.4902,-1.08386918,820.59
0.4904,-1.102663617,820.68
0.4906,-1.138181223,820.77
0.4908,-1.147315394,820.86
0.491,-1.151693539,820.95
0.4912,-1.277179513,821.04
0.4914,-1.180699331,821.13
0.4916,-1.166137234,821.22
0.4918,-1.207647842,821.31
0.492,-1.189303774,821.4
0.4922,-1.292440905,821.49
0.4924,-1.257814505,821.58
0.4926,-1.251039892,821.67
0.4928,-1.283087892,821.76
0.493,-1.232774096,821.85
0.4932,-1.267586136,821.94
0.4934,-1.313338304,822.03
0.4936,-1.265434089,822.12
0.4938,-1.26949221,822.21
0.494,-1.322765268,822.3
0.4942,-1.282581377,822.39
0.4944,-1.293777638,822.48
0.4946,-1.294961206,822.57
0.4948,-1.358281412,822.66
0.495,-1.255561881,822.75
0.4952,-1.277680479,822.84
0.4954,-1.300523605,822.93
0.4956,-1.280427289,823.02
0.4958,-1.274658073,823.11
0.496,-1.292750732,823.2
0.4962,-1.295315976,823.29
0.4964,-1.258316883,823.38
0.4966,-1.275039794,823.47
0.4968,-1.258493106,823.56
0.497,-1.272272727,823.65
0.4972,-1.22231376,823.74
0.4974,-1.15538255,823.83
0.4976,-1.170102771,823.92
0.4978,-1.158631145,824.01
0.498,-1.153849114,824.1
0.4982,-1.137753298,824.19
0.4984,-1.158878664,824.28
0.4986,-1.010213732,824.37
0.4988,-1.081384236,824.46
0.499,-1.087190932,824.55
0.4992,-0.9851014872,824.64
0.4994,-0.9636823448,824.73
0.4996,-0.9661834986,824.82
0.4998,-0.974970835,824.91
0.5,-0.9407907789,825
0.5002,-0.7915724684,825.09
0.5004,-0.8265486824,825.18
0.5006,-0.8146710135,825.27
0.5008,-0.6799923357,825.36
0.501,-0.7410174713,825.45
0.5012,-0.720283023,825.54
0.5014,-0.6248553033,825.63
0.5016,-0.5944803175,825.72
0.5018,-0.5084718855,825.81
0.502,-0.594390336,825.9
0.5022,-0.4811167951,825.99
0.5024,-0.5203918539,826.08
0.5026,-0.3935603548,826.17
0.5028,-0.3970737465,826.26
0.503,-0.3478366733,826.35
0.5032,-0.3168651672,826.44
0.5034,-0.2115980552,826.53
0.5036,-0.1376516646,826.62
0.5038,-0.1631881564,826.71
0.504,-0.1270184041,826.8
0.5042,-0.09369746504,826.89
0.5044,-0.00941033249,826.98
0.5046,-0.02826826108,827.07
0.5048,0.1980294589,827.16
0.505,0.09015897042,827.25
0.5052,0.211097072,827.34
0.5054,0.1914564098,827.43
0.5056,0.1733267524,827.52
0.5058,0.2081432461,827.61
0.506,0.2958983513,827.7
0.5062,0.3257876929,827.79
0.5064,0.3859274318,827.88
0.5066,0.3905815851,827.97
0.5068,0.5709764508,828.06
0.507,0.6020039945,828.15
0.5072,0.4835139077,828.24
0.5074,0.6137507732,828.33
0.5076,0.680280377,828.42
0.5078,0.6559180144,828.51
0.508,0.696596395,828.6
0.5082,0.7848752141,828.69
0.5084,0.7974639951,828.78
0.5086,0.7609160102,828.87
0.5088,0.8915112073,828.96
0.509,0.8546971912,829.05
0.5092,0.9796651342,829.14
0.5094,0.8965718796,829.23
0.5096,0.8719087625,829.32
0.5098,0.9956189832,829.41
0.51,1.066982696,829.5
0.5102,1.064534013,829.59
0.5104,1.074517066,829.68
0.5106,1.054481859,829.77
0.5108,1.1504351,829.86
0.511,1.060052184,829.95
0.5112,1.186050851,830.04
0.5114,1.124092171,830.13
0.5116,1.16585638,830.22
0.5118,1.15301407,830.31
0.512,1.184125563,830.4
0.5122,1.294384434,830.49
0.5124,1.199600636,830.58
0.5126,1.265903905,830.67
0.5128,1.236017967,830.76
0.513,1.318537611,830.85
0.5132,1.230072616,830.94
0.5134,1.29149232,831.03
0.5136,1.333182561,831.12
0.5138,1.392187498,831.21
0.514,1.256288231,831.3
0.5142,1.270653625,831.39
0.5144,1.304867704,831.48
0.5146,1.366533087,831.57
0.5148,1.264303911,831.66
0.515,1.336525019,831.75
0.5152,1.274841702,831.84
0.5154,1.254095843,831.93
0.5156,1.22657809,832.02
0.5158,1.290241844,832.11
0.516,1.317715962,832.2
0.5162,1.266112885,832.29
0.5164,1.175966971,832.38
0.5166,1.229774404,832.47
0.5168,1.28160934,832.56
0.517,1.267042962,832.65
0.5172,1.231517072,832.74
0.5174,1.268173042,832.83
0.5176,1.144378681,832.92
0.5178,1.132660442,833.01
0.518,1.265668771,833.1
0.5182,1.182045479,833.19
0.5184,1.132078518,833.28
0.5186,1.105537566,833.37
0.5188,1.005480765,833.46
0.519,1.128342992,833.55
0.5192,0.9944451313,833.64
0.5194,0.9822969279,833.73
0.5196,1.043707089,833.82
0.5198,1.090329324,833.91
0.52,0.9963141527,834
0.5202,1.010743335,834.09
0.5204,0.9609431495,834.18
0.5206,0.9777652351,834.27
0.5208,0.8769317786,834.36
0.521,1.013239901,834.45
0.5212,0.8715612,834.54
0.5214,0.9167322655,834.63
0.5216,0.7939747972,834.72
0.5218,0.9328770514,834.81
0.522,0.8618891746,834.9
0.5222,0.9095424793,834.99
0.5224,0.7851502947,835.08
0.5226,0.8383874846,835.17
0.5228,0.7733967019,835.26
0.523,0.7634616731,835.35
0.5232,0.8032035354,835.44
0.5234,0.6987243042,835.53
0.5236,0.751260055,835.62
0.5238,0.7863566062,835.71
0.524,0.7646835739,835.8
0.5242,0.7233293962,835.89
0.5244,0.680423882,835.98
0.5246,0.6148438239,836.07
0.5248,0.7005287797,836.16
0.525,0.6023132008,836.25
0.5252,0.6675284753,836.34
0.5254,0.5937621943,836.43
0.5256,0.5968723011,836.52
0.5258,0.5858127599,836.61
0.526,0.6005298721,836.7
0.5262,0.548102727,836.79
0.5264,0.5638920704,836.88
0.5266,0.5262432832,836.97
0.5268,0.56031765,837.06
0.527,0.5418887296,837.15
0.5272,0.5396886098,837.24
0.5274,0.4799790003,837.33
0.5276,0.5201888789,837.42
0.5278,0.5014617298,837.51
0.528,0.5165636295,837.6
0.5282,0.4881907251,837.69
0.5284,0.4400658951,837.78
0.5286,0.5029872479,837.87
0.5288,0.4400020761,837.96
0.529,0.4731294688,838.05
0.5292,0.3715221576,838.14
0.5294,0.4708651504,838.23
0.5296,0.4719837343,838.32
0.5298,0.4023631592,838.41
0.53,0.4584390524,838.5
0.5302,0.4144779531,838.59
0.5304,0.4808691396,838.68
0.5306,0.4467540755,838.77
0.5308,0.3640781913,838.86
0.531,0.4016685992,838.95
0.5312,0.3332148995,839.04
0.5314,0.3870845614,839.13
0.5316,0.4173411642,839.22
0.5318,0.4239189192,839.31
0.532,0.3807224131,839.4
0.5322,0.3701940371,839.49
0.5324,0.3812148537,839.58
0.5326,0.3447315777,839.67
0.5328,0.3770165764,839.76
0.533,0.4036144806,839.85
0.5332,0.360167618,839.94
0.5334,0.3813005106,840.03
0.5336,0.3084415203,840.12
0.5338,0.3138238113,840.21
0.534,0.3410008421,840.3
0.5342,0.4026781014,840.39
0.5344,0.3546536184,840.48
0.5346,0.3757407547,840.57
0.5348,0.3009381795,840.66
0.535,0.3416407058,840.75
0.5352,0.2149161441,840.84
0.5354,0.2963507638,840.93
0.5356,0.1819785562,841.02
0.5358,0.3080696,841.11
0.536,0.2687303586,841.2
0.5362,0.2874109123,841.29
0.5364,0.2470673452,841.38
0.5366,0.2009032548,841.47
0.5368,0.1810963471,841.56
0.537,0.2088995973,841.65
0.5372,0.2516417107,841.74
0.5374,0.2058028476,841.83
0.5376,0.1476736045,841.92
0.5378,0.1356463166,842.01
0.538,0.1189023469,842.1
0.5382,0.1276294867,842.19
0.5384,0.1210770971,842.28
0.5386,0.09359136696,842.37
0.5388,0.1017240598,842.46
0.539,0.02562297943,842.55
0.5392,0.1408641067,842.64
0.5394,0.07548200021,842.73
0.5396,0.1151893424,842.82
0.5398,0.05288031935,842.91
0.54,0.02096212914,843
0.5402,0.02010208387,843.09
0.5404,0.01326641535,843.18
0.5406,-0.03479336326,843.27
0.5408,-0.03568253263,843.36
0.541,0.04473869316,843.45
0.5412,-0.006861840367,843.54
0.5414,-0.07803173544,843.63
0.5416,-0.04801381217,843.72
0.5418,-0.1150467792,843.81
0.542,-0.03636850177,843.9
0.5422,-0.1457988277,843.99
0.5424,-0.08049770372,844.08
0.5426,-0.1271443853,844.17
0.5428,-0.138231999,844.26
0.543,-0.1837054424,844.35
0.5432,-0.1724498094,844.44
0.5434,-0.2037391205,844.53
0.5436,-0.2185181504,844.62
0.5438,-0.1755267515,844.71
0.544,-0.1028975009,844.8
0.5442,-0.2284107899,844.89
0.5444,-0.1840387964,844.98
0.5446,-0.2345963547,845.07
0.5448,-0.2723243219,845.16
0.545,-0.1984564762,845.25
0.5452,-0.2358911868,845.34
0.5454,-0.2241885669,845.43
0.5456,-0.2739851185,845.52
0.5458,-0.2809269417,845.61
0.546,-0.3277580382,845.7
0.5462,-0.3132142551,845.79
0.5464,-0.24200586,845.88
0.5466,-0.4090875718,845.97
0.5468,-0.3084003383,846.06
0.547,-0.2715316611,846.15
0.5472,-0.3051126125,846.24
0.5474,-0.3081841904,846.33
0.5476,-0.3605640724,846.42
0.5478,-0.3102611623,846.51
0.548,-0.3149729521,846.6
0.5482,-0.3688017018,846.69
0.5484,-0.3051922254,846.78
0.5486,-0.3977326468,846.87
0.5488,-0.4834003374,846.96
0.549,-0.3890395679,847.05
0.5492,-0.3982600232,847.14
0.5494,-0.4330139914,847.23
0.5496,-0.4222352508,847.32
0.5498,-0.4303884125,847.41
0.55,-0.4873096021,847.5
0.5502,-0.3689078838,847.59
0.5504,-0.4232975665,847.68
0.5506,-0.3203128026,847.77
0.5508,-0.434179818,847.86
0.551,-0.4227551622,847.95
0.5512,-0.5048007415,848.04
0.5514,-0.408386418,848.13
0.5516,-0.4987394802,848.22
0.5518,-0.4388257028,848.31
0.552,-0.4291193284,848.4
0.5522,-0.4416450846,848.49
0.5524,-0.512175498,848.58
0.5526,-0.5174294534,848.67
0.5528,-0.4613664846,848.76
0.553,-0.4511691869,848.85
0.5532,-0.4478562501,848.94
0.5534,-0.5147854587,849.03
0.5536,-0.5257572677,849.12
0.5538,-0.4575179843,849.21
0.554,-0.5620562192,849.3
0.5542,-0.5164717425,849.39
0.5544,-0.5688688154,849.48
0.5546,-0.6231674044,849.57
0.5548,-0.6207713375,849.66
0.555,-0.5679586669,849.75
0.5552,-0.5879951297,849.84
0.5554,-0.5881270238,849.93
0.5556,-0.6335436525,850.02
0.5558,-0.6514593286,850.11
0.556,-0.6320774922,850.2
0.5562,-0.6635136579,850.29
0.5564,-0.733712524,850.38
0.5566,-0.7000112155,850.47
0.5568,-0.6281022438,850.56
0.557,-0.7410831594,850.65
0.5572,-0.7027177632,850.74
0.5574,-0.7429015206,850.83
0.5576,-0.7253427225,850.92
0.5578,-0.8051733874,851.01
0.558,-0.8372497511,851.1
0.5582,-0.7839425288,851.19
0.5584,-0.846364968,851.28
0.5586,-0.8360982152,851.37
0.5588,-0.8639567338,851.46
0.559,-0.8294810054,851.55
0.5592,-0.8748878227,851.64
0.5594,-0.8966714303,851.73
0.5596,-0.9586655717,851.82
0.5598,-0.9998569847,851.91
0.56,-0.9878606643,852
0.5602,-0.9381236013,852.09
0.5604,-0.961174237,852.18
0.5606,-0.9828195549,852.27
0.5608,-1.039536168,852.36
0.561,-1.081597898,852.45
0.5612,-1.011307881,852.54
0.5614,-1.066730739,852.63
0.5616,-1.069065353,852.72
0.5618,-1.144407408,852.81
0.562,-1.149930228,852.9
0.5622,-1.112098623,852.99
0.5624,-1.123423927,853.08
0.5626,-1.207593385,853.17
0.5628,-1.170199008,853.26
0.563,-1.242198659,853.35
0.5632,-1.159556366,853.44
0.5634,-1.194233107,853.53
0.5636,-1.141550984,853.62
0.5638,-1.183214135,853.71
0.564,-1.280382589,853.8
0.5642,-1.255677026,853.89
0.5644,-1.291377489,853.98
0.5646,-1.274617367,854.07
0.5648,-1.256019317,854.16
0.565,-1.293705422,854.25
0.5652,-1.29622116,854.34
0.5654,-1.356351936,854.43
0.5656,-1.282883507,854.52
0.5658,-1.308745909,854.61
0.566,-1.284241862,854.7
0.5662,-1.267572456,854.79
0.5664,-1.306705734,854.88
0.5666,-1.277732829,854.97
0.5668,-1.326288455,855.06
0.567,-1.259677435,855.15
0.5672,-1.292415308,855.24
0.5674,-1.308023787,855.33
0.5676,-1.285181481,855.42
0.5678,-1.322972916,855.51
0.568,-1.281306649,855.6
0.5682,-1.260304143,855.69
0.5684,-1.228642853,855.78
0.5686,-1.21837497,855.87
0.5688,-1.224522656,855.96
0.569,-1.188850839,856.05
0.5692,-1.248089839,856.14
0.5694,-1.13928864,856.23
0.5696,-1.099493488,856.32
0.5698,-1.067838454,856.41
0.57,-1.032623924,856.5
0.5702,-1.058835851,856.59
0.5704,-1.027823618,856.68
0.5706,-1.016189573,856.77
0.5708,-0.987844907,856.86
0.571,-0.9340132522,856.95
0.5712,-0.8546431578,857.04
0.5714,-0.9435712533,857.13
0.5716,-0.8630630137,857.22
0.5718,-0.7983334304,857.31
0.572,-0.8140742198,857.4
0.5722,-0.7219690515,857.49
0.5724,-0.7562011824,857.58
0.5726,-0.6777288503,857.67
0.5728,-0.6911018806,857.76
0.573,-0.5751407707,857.85
0.5732,-0.5772258032,857.94
0.5734,-0.4795244826,858.03
0.5736,-0.4755109933,858.12
0.5738,-0.4599876452,858.21
0.574,-0.3960087404,858.3
0.5742,-0.3313148642,858.39
0.5744,-0.2933375387,858.48
0.5746,-0.2592014166,858.57
0.5748,-0.2187484022,858.66
0.575,-0.1599884281,858.75
0.5752,-0.08220566496,858.84
0.5754,-0.09359955262,858.93
0.5756,-0.008569789647,859.02
0.5758,-0.03360309333,859.11
0.576,0.1005821825,859.2
0.5762,0.1232298895,859.29
0.5764,0.1396632674,859.38
0.5766,0.1850903645,859.47
0.5768,0.175185309,859.56
0.577,0.2900739309,859.65
0.5772,0.3203250927,859.74
0.5774,0.317916453,859.83
0.5776,0.3984436662,859.92
0.5778,0.480977739,860.01
0.578,0.5067309897,860.1
0.5782,0.5515321382,860.19
0.5784,0.5590542324,860.28
0.5786,0.6541855798,860.37
0.5788,0.6584486262,860.46
0.579,0.731002106,860.55
0.5792,0.8222204864,860.64
0.5794,0.6913729569,860.73
0.5796,0.7859816047,860.82
0.5798,0.8403994944,860.91
0.58,0.8442079077,861
0.5802,0.9463893712,861.09
0.5804,0.9227413679,861.18
0.5806,1.032736252,861.27
0.5808,1.025292854,861.36
0.581,1.039679074,861.45
0.5812,1.04852962,861.54
0.5814,1.107963103,861.63
0.5816,1.117916559,861.72
0.5818,1.179342533,861.81
0.582,1.159201917,861.9
0.5822,1.203573606,861.99
0.5824,1.197713539,862.08
0.5826,1.212334747,862.17
0.5828,1.153652014,862.26
0.583,1.230577119,862.35
0.5832,1.259333835,862.44
0.5834,1.209966425,862.53
0.5836,1.212166231,862.62
0.5838,1.264655059,862.71
0.584,1.296737674,862.8
0.5842,1.22489176,862.89
0.5844,1.310426729,862.98
0.5846,1.340632277,863.07
0.5848,1.296228098,863.16
0.585,1.317810275,863.25
0.5852,1.327746736,863.34
0.5854,1.28304933,863.43
0.5856,1.332556439,863.52
0.5858,1.323495496,863.61
0.586,1.253222618,863.7
0.5862,1.318322493,863.79
0.5864,1.32704922,863.88
0.5866,1.24332139,863.97
0.5868,1.313054816,864.06
0.587,1.259937497,864.15
0.5872,1.20824967,864.24
0.5874,1.210381778,864.33
0.5876,1.205740958,864.42
0.5878,1.25073804,864.51
0.588,1.198180705,864.6
0.5882,1.188924784,864.69
0.5884,1.140989762,864.78
0.5886,1.177986521,864.87
0.5888,1.113311031,864.96
0.589,1.121052419,865.05
0.5892,1.1564966,865.14
0.5894,1.142750453,865.23
0.5896,1.079176079,865.32
0.5898,1.081692215,865.41
0.59,1.088019122,865.5
0.5902,1.049511566,865.59
0.5904,1.080460971,865.68
0.5906,1.068475795,865.77
0.5908,0.9944055578,865.86
0.591,0.9314869291,865.95
0.5912,0.9565951347,866.04
0.5914,0.9984947703,866.13
0.5916,0.972165451,866.22
0.5918,0.9568902639,866.31
0.592,0.9368061883,866.4
0.5922,0.8547833573,866.49
0.5924,0.8689338416,866.58
0.5926,0.8840748597,866.67
0.5928,0.8347727124,866.76
0.593,0.8426031798,866.85
0.5932,0.75139021,866.94
0.5934,0.7269687951,867.03
0.5936,0.8395534162,867.12
0.5938,0.774750094,867.21
0.594,0.7534024462,867.3
0.5942,0.7726337452,867.39
0.5944,0.7885391278,867.48
0.5946,0.8005344229,867.57
0.5948,0.5767203888,867.66
0.595,0.6745398915,867.75
0.5952,0.6873816686,867.84
0.5954,0.5574350916,867.93
0.5956,0.5504317092,868.02
0.5958,0.6028753739,868.11
0.596,0.673960673,868.2
0.5962,0.6252850547,868.29
0.5964,0.6632707559,868.38
0.5966,0.5785920321,868.47
0.5968,0.6002476109,868.56
0.597,0.6088435283,868.65
0.5972,0.5573703342,868.74
0.5974,0.5295922465,868.83
0.5976,0.5269287921,868.92
0.5978,0.3664845321,869.01
0.598,0.5191371241,869.1
0.5982,0.4243637808,869.19
0.5984,0.4589673783,869.28
0.5986,0.5131007345,869.37
0.5988,0.4941875057,869.46
0.599,0.3918834216,869.55
0.5992,0.4868158234,869.64
0.5994,0.4898865502,869.73
0.5996,0.4619963741,869.82
0.5998,0.4759570885,869.91
0.6,0.4657224823,870
0.6002,0.3693569285,870.09
0.6004,0.4238903831,870.18
0.6006,0.4151743434,870.27
0.6008,0.3732011876,870.36
0.601,0.4148262676,870.45
0.6012,0.378989654,870.54
0.6014,0.4032140234,870.63
0.6016,0.3667879669,870.72
0.6018,0.438185102,870.81
0.602,0.4797558953,870.9
0.6022,0.3627460772,870.99
0.6024,0.3818627145,871.08
0.6026,0.3768281187,871.17
0.6028,0.3868400467,871.26
0.603,0.3562627912,871.35
0.6032,0.2678894138,871.44
0.6034,0.3650906443,871.53
0.6036,0.3393720829,871.62
0.6038,0.2949144794,871.71
0.604,0.3230823112,871.8
0.6042,0.3037238436,871.89
0.6044,0.326232938,871.98
0.6046,0.2964691599,872.07
0.6048,0.290234812,872.16
0.605,0.2977302532,872.25
0.6052,0.2950205409,872.34
0.6054,0.2773013957,872.43
0.6056,0.3148480148,872.52
0.6058,0.268593492,872.61
0.606,0.2187350333,872.7
0.6062,0.3092704461,872.79
0.6064,0.2350076573,872.88
0.6066,0.2828957127,872.97
0.6068,0.167217305,873.06
0.607,0.2218812686,873.15
0.6072,0.2575317415,873.24
0.6074,0.2285026315,873.33
0.6076,0.1700077635,873.42
0.6078,0.1314231162,873.51
0.608,0.1190677248,873.6
0.6082,0.124049612,873.69
0.6084,0.08056844813,873.78
0.6086,0.07744491444,873.87
0.6088,0.05520836113,873.96
0.609,0.04261331093,874.05
0.6092,0.07972075854,874.14
0.6094,-0.01323708815,874.23
0.6096,0.05147993563,874.32
0.6098,0.05975527512,874.41
0.61,-0.0184053474,874.5
0.6102,-0.02994871543,874.59
0.6104,-0.005350220174,874.68
0.6106,-0.02077805793,874.77
0.6108,0.00622609703,874.86
0.611,-0.1244563391,874.95
0.6112,-0.06007869412,875.04
0.6114,-0.01367996603,875.13
0.6116,-0.07904037841,875.22
0.6118,-0.02392622206,875.31
0.612,-0.0196516314,875.4
0.6122,-0.1412062793,875.49
0.6124,-0.07116760243,875.58
0.6126,-0.1222703764,875.67
0.6128,-0.1552602199,875.76
0.613,-0.1774218411,875.85
0.6132,-0.1862930079,875.94
0.6134,-0.2250322985,876.03
0.6136,-0.2061384454,876.12
0.6138,-0.1723077231,876.21
0.614,-0.1697928496,876.3
0.6142,-0.2457055117,876.39
0.6144,-0.2190038042,876.48
0.6146,-0.2307164519,876.57
0.6148,-0.3538300502,876.66
0.615,-0.2397339912,876.75
0.6152,-0.3266049755,876.84
0.6154,-0.3317208911,876.93
0.6156,-0.260396299,877.02
0.6158,-0.2349083753,877.11
0.616,-0.3544791217,877.2
0.6162,-0.3530051543,877.29
0.6164,-0.3629532109,877.38
0.6166,-0.3531837119,877.47
0.6168,-0.3542589274,877.56
0.617,-0.3788197858,877.65
0.6172,-0.4173255672,877.74
0.6174,-0.287271126,877.83
0.6176,-0.3843908859,877.92
0.6178,-0.400783542,878.01
0.618,-0.3399040738,878.1
0.6182,-0.3962468892,878.19
0.6184,-0.3435539158,878.28
0.6186,-0.360919234,878.37
0.6188,-0.35808622,878.46
0.619,-0.4188402653,878.55
0.6192,-0.382476254,878.64
0.6194,-0.4752708189,878.73
0.6196,-0.4732650842,878.82
0.6198,-0.4205864158,878.91
0.62,-0.4407214673,879
0.6202,-0.3797351775,879.09
0.6204,-0.4498077626,879.18
0.6206,-0.515169386,879.27
0.6208,-0.4472830822,879.36
0.621,-0.467203509,879.45
0.6212,-0.4535771087,879.54
0.6214,-0.5138859625,879.63
0.6216,-0.5044784586,879.72
0.6218,-0.4772850276,879.81
0.622,-0.456741977,879.9
0.6222,-0.4768511237,879.99
0.6224,-0.4703685583,880.08
0.6226,-0.5662512354,880.17
0.6228,-0.5243853033,880.26
0.623,-0.515166092,880.35
0.6232,-0.4937259474,880.44
0.6234,-0.5305844432,880.53
0.6236,-0.5600363748,880.62
0.6238,-0.5647592606,880.71
0.624,-0.5735108146,880.8
0.6242,-0.637509117,880.89
0.6244,-0.5899004965,880.98
0.6246,-0.5699612929,881.07
0.6248,-0.5853565452,881.16
0.625,-0.7004348921,881.25
0.6252,-0.6383178401,881.34
0.6254,-0.7113597739,881.43
0.6256,-0.6206105347,881.52
0.6258,-0.656465341,881.61
0.626,-0.663760037,881.7
0.6262,-0.7332682299,881.79
0.6264,-0.7988915053,881.88
0.6266,-0.7784222642,881.97
0.6268,-0.7663056235,882.06
0.627,-0.8280993031,882.15
0.6272,-0.8245612933,882.24
0.6274,-0.7305660202,882.33
0.6276,-0.8703116705,882.42
0.6278,-0.8126154874,882.51
0.628,-0.926409119,882.6
0.6282,-0.8591608925,882.69
0.6284,-0.853336011,882.78
0.6286,-0.8867219286,882.87
0.6288,-0.8742211282,882.96
0.629,-0.8684846699,883.05
0.6292,-1.013532818,883.14
0.6294,-0.9656501955,883.23
0.6296,-0.9733088364,883.32
0.6298,-0.994911376,883.41
0.63,-0.9659518912,883.5
0.6302,-1.035969707,883.59
0.6304,-1.016214353,883.68
0.6306,-1.035126666,883.77
0.6308,-1.092294398,883.86
0.631,-1.092766593,883.95
0.6312,-1.161409049,884.04
0.6314,-1.133909385,884.13
0.6316,-1.154112065,884.22
0.6318,-1.182408228,884.31
0.632,-1.209118379,884.4
0.6322,-1.165414176,884.49
0.6324,-1.22151562,884.58
0.6326,-1.138234094,884.67
0.6328,-1.188526597,884.76
0.633,-1.221203815,884.85
0.6332,-1.284754657,884.94
0.6334,-1.234333269,885.03
0.6336,-1.273085046,885.12
0.6338,-1.282432909,885.21
0.634,-1.335978225,885.3
0.6342,-1.274149907,885.39
0.6344,-1.291574552,885.48
0.6346,-1.323089293,885.57
0.6348,-1.333357649,885.66
0.635,-1.318157376,885.75
0.6352,-1.359675167,885.84
0.6354,-1.327191971,885.93
0.6356,-1.247107454,886.02
0.6358,-1.32405296,886.11
0.636,-1.200280382,886.2
0.6362,-1.339457055,886.29
0.6364,-1.234275955,886.38
0.6366,-1.225056046,886.47
0.6368,-1.211192389,886.56
0.637,-1.222608861,886.65
0.6372,-1.29615583,886.74
0.6374,-1.171258601,886.83
0.6376,-1.158064227,886.92
0.6378,-1.181491485,887.01
0.638,-1.258412078,887.1
0.6382,-1.100783903,887.19
0.6384,-1.158933572,887.28
0.6386,-1.109794396,887.37
0.6388,-1.024702371,887.46
0.639,-0.9953930036,887.55
0.6392,-1.005997332,887.64
0.6394,-1.015222618,887.73
0.6396,-0.8950871403,887.82
0.6398,-0.8862612898,887.91
0.64,-0.9064723058,888
0.6402,-0.9055970188,888.09
0.6404,-0.8212955657,888.18
0.6406,-0.8514645898,888.27
0.6408,-0.6899770268,888.36
0.641,-0.7029842565,888.45
0.6412,-0.6990671314,888.54
0.6414,-0.6290177151,888.63
0.6416,-0.6719928449,888.72
0.6418,-0.566720843,888.81
0.642,-0.5477857455,888.9
0.6422,-0.5429419667,888.99
0.6424,-0.4617256986,889.08
0.6426,-0.3785352764,889.17
0.6428,-0.4054150485,889.26
0.643,-0.3110739634,889.35
0.6432,-0.3162869388,889.44
0.6434,-0.2041801058,889.53
0.6436,-0.2368592414,889.62
0.6438,-0.09140237778,889.71
0.644,-0.04700522905,889.8
0.6442,0.006239304757,889.89
0.6444,0.09192189998,889.98
0.6446,0.07286057239,890.07
0.6448,0.1171551639,890.16
0.645,0.1829287915,890.25
0.6452,0.1860680893,890.34
0.6454,0.174404655,890.43
0.6456,0.246860716,890.52
0.6458,0.2920472873,890.61
0.646,0.3934236608,890.7
0.6462,0.40409824,890.79
0.6464,0.4573653865,890.88
0.6466,0.5386637712,890.97
0.6468,0.565772857,891.06
0.647,0.6798912536,891.15
0.6472,0.6382149076,891.24
0.6474,0.6421624635,891.33
0.6476,0.7696697918,891.42
0.6478,0.7400506573,891.51
0.648,0.7907028884,891.6
0.6482,0.8693189469,891.69
0.6484,0.8714061749,891.78
0.6486,0.9258343435,891.87
0.6488,0.9054458557,891.96
0.649,0.9498104522,892.05
0.6492,1.017466601,892.14
0.6494,0.9991631359,892.23
0.6496,1.032364862,892.32
0.6498,1.072875222,892.41
0.65,1.163323027,892.5
0.6502,1.182162751,892.59
0.6504,1.154540319,892.68
0.6506,1.168860028,892.77
0.6508,1.157551164,892.86
0.651,1.256623313,892.95
0.6512,1.23679851,893.04
0.6514,1.273383423,893.13
0.6516,1.192952038,893.22
0.6518,1.294075825,893.31
0.652,1.279019341,893.4
0.6522,1.312863121,893.49
0.6524,1.332387918,893.58
0.6526,1.298212106,893.67
0.6528,1.288661785,893.76
0.653,1.33532331,893.85
0.6532,1.2621542,893.94
0.6534,1.369486832,894.03
0.6536,1.326541185,894.12
0.6538,1.267357314,894.21
0.654,1.361701587,894.3
0.6542,1.345594234,894.39
0.6544,1.364286392,894.48
0.6546,1.337714017,894.57
0.6548,1.311061665,894.66
0.655,1.282375706,894.75
0.6552,1.233185432,894.84
0.6554,1.296619466,894.93
0.6556,1.280044763,895.02
0.6558,1.228404983,895.11
0.656,1.257313292,895.2
0.6562,1.185251635,895.29
0.6564,1.250220638,895.38
0.6566,1.199961202,895.47
0.6568,1.189134583,895.56
0.657,1.134996401,895.65
0.6572,1.186496394,895.74
0.6574,1.138964221,895.83
0.6576,1.092899083,895.92
0.6578,1.114489346,896.01
0.658,1.073397664,896.1
0.6582,1.105952917,896.19
0.6584,0.9855533128,896.28
0.6586,0.9824221738,896.37
0.6588,1.091379573,896.46
0.659,0.9722719973,896.55
0.6592,0.9936489546,896.64
0.6594,0.9393656079,896.73
0.6596,0.9457721824,896.82
0.6598,1.023967097,896.91
0.66,0.8216469812,897
0.6602,0.9046425994,897.09
0.6604,0.8671851889,897.18
0.6606,0.848603911,897.27
0.6608,0.7981698215,897.36
0.661,0.7744294406,897.45
0.6612,0.850203223,897.54
0.6614,0.7992573213,897.63
0.6616,0.7145490739,897.72
0.6618,0.7467148649,897.81
0.662,0.6773717474,897.9
0.6622,0.8307224804,897.99
0.6624,0.7158279964,898.08
0.6626,0.6139139711,898.17
0.6628,0.7091786878,898.26
0.663,0.6834606085,898.35
0.6632,0.6575979568,898.44
0.6634,0.639421892,898.53
0.6636,0.5976886732,898.62
0.6638,0.6001701229,898.71
0.664,0.5151733362,898.8
0.6642,0.6374495593,898.89
0.6644,0.6548698224,898.98
0.6646,0.5841856747,899.07
0.6648,0.5788983925,899.16
0.665,0.4899864691,899.25
0.6652,0.5184518644,899.34
0.6654,0.4699818074,899.43
0.6656,0.4659452137,899.52
0.6658,0.5320178966,899.61
0.666,0.5595581691,899.7
0.6662,0.4926157056,899.79
0.6664,0.5876976319,899.88
0.6666,0.5144215782,899.97
0.6668,0.3841787957,900.06
0.667,0.4521414965,900.15
0.6672,0.5145717069,900.24
0.6674,0.4625954946,900.33
0.6676,0.4921764096,900.42
0.6678,0.3772148406,900.51
0.668,0.4905479488,900.6
0.6682,0.3863314598,900.69
0.6684,0.4422296151,900.78
0.6686,0.508326155,900.87
0.6688,0.4209192777,900.96
0.669,0.4033256375,901.05
0.6692,0.4380322924,901.14
0.6694,0.3686479449,901.23
0.6696,0.3584569411,901.32
0.6698,0.4304437324,901.41
0.67,0.3256957731,901.5
0.6702,0.3300114597,901.59
0.6704,0.444739897,901.68
0.6706,0.3178594288,901.77
0.6708,0.3797516127,901.86
0.671,0.4000637797,901.95
0.6712,0.346695266,902.04
0.6714,0.2996135379,902.13
0.6716,0.3683493249,902.22
0.6718,0.2905135234,902.31
0.672,0.4055456522,902.4
0.6722,0.4018841259,902.49
0.6724,0.2635692799,902.58
0.6726,0.3199156143,902.67
0.6728,0.2597152864,902.76
0.673,0.2944136671,902.85
0.6732,0.2598887974,902.94
0.6734,0.2212791414,903.03
0.6736,0.271709641,903.12
0.6738,0.1747054789,903.21
0.674,0.2432973215,903.3
0.6742,0.2140494689,903.39
0.6744,0.1780980457,903.48
0.6746,0.234809278,903.57
0.6748,0.1889051667,903.66
0.675,0.1617972483,903.75
0.6752,0.1573633986,903.84
0.6754,0.1430607401,903.93
0.6756,0.1773980205,904.02
0.6758,0.1159458385,904.11
0.676,-0.001334409269,904.2
0.6762,-0.02239009387,904.29
0.6764,0.0472667325,904.38
0.6766,0.02615539111,904.47
0.6768,0.05265329111,904.56
0.677,-0.00397199385,904.65
0.6772,0.004957041407,904.74
0.6774,0.07719080787,904.83
0.6776,-0.04280201357,904.92
0.6778,0.03170817053,905.01
0.678,-0.02052201192,905.1
0.6782,0.02350034233,905.19
0.6784,-0.005895549964,905.28
0.6786,-0.0525137208,905.37
0.6788,-0.02447725809,905.46
0.679,-0.07170943394,905.55
0.6792,-0.1385894511,905.64
0.6794,-0.08611450474,905.73
0.6796,-0.09827218007,905.82
0.6798,-0.1354111967,905.91
0.68,-0.1324652855,906
0.6802,-0.1722022,906.09
0.6804,-0.1534246895,906.18
0.6806,-0.1890531908,906.27
0.6808,-0.2512936822,906.36
0.681,-0.2111736251,906.45
0.6812,-0.1473015818,906.54
0.6814,-0.1886685054,906.63
0.6816,-0.1718467624,906.72
0.6818,-0.2421846777,906.81
0.682,-0.2683675059,906.9
0.6822,-0.3043072469,906.99
0.6824,-0.2647234877,907.08
0.6826,-0.2387669976,907.17
0.6828,-0.2556483665,907.26
0.683,-0.2671055727,907.35
0.6832,-0.3254109918,907.44
0.6834,-0.3085258365,907.53
0.6836,-0.3515406853,907.62
0.6838,-0.2946268116,907.71
0.684,-0.3108691058,907.8
0.6842,-0.367385256,907.89
0.6844,-0.3433995698,907.98
0.6846,-0.4458596217,908.07
0.6848,-0.3329509721,908.16
0.685,-0.4001645205,908.25
0.6852,-0.3880236111,908.34
0.6854,-0.3547746117,908.43
0.6856,-0.3575391109,908.52
0.6858,-0.4171885723,908.61
0.686,-0.331791359,908.7
0.6862,-0.3199667713,908.79
0.6864,-0.3482006055,908.88
0.6866,-0.359021373,908.97
0.6868,-0.4146410959,909.06
0.687,-0.3663959842,909.15
0.6872,-0.4628423417,909.24
0.6874,-0.4776334508,909.33
0.6876,-0.4320838358,909.42
0.6878,-0.4339663832,909.51
0.688,-0.484686013,909.6
0.6882,-0.3845662509,909.69
0.6884,-0.5208548541,909.78
0.6886,-0.5515418051,909.87
0.6888,-0.491353733,909.96
0.689,-0.4163025008,910.05
0.6892,-0.4591924222,910.14
0.6894,-0.4827335843,910.23
0.6896,-0.498906443,910.32
0.6898,-0.4899666016,910.41
0.69,-0.5081259324,910.5
0.6902,-0.5258037961,910.59
0.6904,-0.5439752905,910.68
0.6906,-0.613017696,910.77
0.6908,-0.5197580767,910.86
0.691,-0.5863163813,910.95
0.6912,-0.5648013934,911.04
0.6914,-0.5714733884,911.13
0.6916,-0.5613569407,911.22
0.6918,-0.6467584229,911.31
0.692,-0.5946182805,911.4
0.6922,-0.6065476273,911.49
0.6924,-0.6585337094,911.58
0.6926,-0.6701281027,911.67
0.6928,-0.6764487023,911.76
0.693,-0.7382498053,911.85
0.6932,-0.73065508,911.94
0.6934,-0.7735199103,912.03
0.6936,-0.6962817008,912.12
0.6938,-0.7915812867,912.21
0.694,-0.8199059698,912.3
0.6942,-0.7877188284,912.39
0.6944,-0.7896482403,912.48
0.6946,-0.8435873157,912.57
0.6948,-0.884759617,912.66
0.695,-0.8478212737,912.75
0.6952,-0.8487489946,912.84
0.6954,-0.9668705742,912.93
0.6956,-0.8833859633,913.02
0.6958,-1.009412277,913.11
0.696,-0.9304874921,913.2
0.6962,-0.9931448015,913.29
0.6964,-1.004205721,913.38
0.6966,-0.9837472508,913.47
0.6968,-0.9730746761,913.56
0.697,-0.9654168375,913.65
0.6972,-1.012134936,913.74
0.6974,-1.057159335,913.83
0.6976,-1.155662838,913.92
0.6978,-1.135338882,914.01
0.698,-1.130410258,914.1
0.6982,-1.175861191,914.19
0.6984,-1.144108654,914.28
0.6986,-1.192347022,914.37
0.6988,-1.12532164,914.46
0.699,-1.218225628,914.55
0.6992,-1.274738786,914.64
0.6994,-1.256836916,914.73
0.6996,-1.276625518,914.82
0.6998,-1.230134107,914.91
0.7,-1.212197609,915
0.7002,-1.23618525,915.09
0.7004,-1.243822515,915.18
0.7006,-1.31902727,915.27
0.7008,-1.341428942,915.36
0.701,-1.333809549,915.45
0.7012,-1.303657369,915.54
0.7014,-1.320909611,915.63
0.7016,-1.296538678,915.72
0.7018,-1.26656324,915.81
0.702,-1.302569445,915.9
0.7022,-1.234571026,915.99
0.7024,-1.329393615,916.08
0.7026,-1.267206073,916.17
0.7028,-1.28780344,916.26
0.703,-1.236497542,916.35
0.7032,-1.26815605,916.44
0.7034,-1.276648301,916.53
0.7036,-1.247466496,916.62
0.7038,-1.263311701,916.71
0.704,-1.256201477,916.8
0.7042,-1.16284113,916.89
0.7044,-1.200276494,916.98
0.7046,-1.107264735,917.07
0.7048,-1.033458283,917.16
0.705,-1.125938084,917.25
0.7052,-1.051324507,917.34
0.7054,-1.0633824,917.43
0.7056,-1.108538812,917.52
0.7058,-1.007671116,917.61
0.706,-0.9145001268,917.7
0.7062,-0.9908333504,917.79
0.7064,-0.915995311,917.88
0.7066,-0.8823877083,917.97
0.7068,-0.898086245,918.06
0.707,-0.7909433198,918.15
0.7072,-0.7718805841,918.24
0.7074,-0.70410358,918.33
0.7076,-0.6854952798,918.42
0.7078,-0.7035569148,918.51
0.708,-0.5998832955,918.6
0.7082,-0.5375647973,918.69
0.7084,-0.5293377348,918.78
0.7086,-0.4527085775,918.87
0.7088,-0.4085253076,918.96
0.709,-0.4712606799,919.05
0.7092,-0.3139965293,919.14
0.7094,-0.3737631244,919.23
0.7096,-0.2974991924,919.32
0.7098,-0.2039790092,919.41
0.71,-0.1903417667,919.5
0.7102,-0.1357192857,919.59
0.7104,-0.01096725036,919.68
0.7106,-0.05038196127,919.77
0.7108,0.08813099212,919.86
0.711,0.1619065979,919.95
0.7112,0.1928564784,920.04
0.7114,0.1400494238,920.13
0.7116,0.17020331,920.22
0.7118,0.2812688657,920.31
0.712,0.4104725144,920.4
0.7122,0.3631629685,920.49
0.7124,0.3948650158,920.58
0.7126,0.4575800529,920.67
0.7128,0.5370930075,920.76
0.713,0.5984355803,920.85
0.7132,0.5933894748,920.94
0.7134,0.6302867385,921.03
0.7136,0.6970744343,921.12
0.7138,0.7182053849,921.21
0.714,0.7394913361,921.3
0.7142,0.7232038254,921.39
0.7144,0.8357620884,921.48
0.7146,0.8425096308,921.57
0.7148,0.8918421938,921.66
0.715,0.922723884,921.75
0.7152,0.9311109846,921.84
0.7154,1.019502626,921.93
0.7156,1.069413508,922.02
0.7158,1.07573566,922.11
0.716,1.054939623,922.2
0.7162,1.113072421,922.29
0.7164,1.157875095,922.38
0.7166,1.147942254,922.47
0.7168,1.200750373,922.56
0.717,1.135360666,922.65
0.7172,1.201046795,922.74
0.7174,1.283554649,922.83
0.7176,1.280710688,922.92
0.7178,1.248986719,923.01
0.718,1.270775157,923.1
0.7182,1.362464706,923.19
0.7184,1.328885452,923.28
0.7186,1.264422979,923.37
0.7188,1.310968594,923.46
0.719,1.284853348,923.55
0.7192,1.282684955,923.64
0.7194,1.259770004,923.73
0.7196,1.337267478,923.82
0.7198,1.396837723,923.91
0.72,1.340291899,924
0.7202,1.250282488,924.09
0.7204,1.31933673,924.18
0.7206,1.234034011,924.27
0.7208,1.29473773,924.36
0.721,1.320118283,924.45
0.7212,1.328355522,924.54
0.7214,1.264245316,924.63
0.7216,1.261528932,924.72
0.7218,1.237503262,924.81
0.722,1.217710037,924.9
0.7222,1.27381573,924.99
0.7224,1.159204289,925.08
0.7226,1.118920966,925.17
0.7228,1.237459069,925.26
0.723,1.242154715,925.35
0.7232,1.071298489,925.44
0.7234,1.155753426,925.53
0.7236,1.133252589,925.62
0.7238,1.066512308,925.71
0.724,1.027143258,925.8
0.7242,1.053455311,925.89
0.7244,1.015343096,925.98
0.7246,1.042817549,926.07
0.7248,0.9660169167,926.16
0.725,1.01969609,926.25
0.7252,0.9284031494,926.34
0.7254,1.00001722,926.43
0.7256,0.9515654685,926.52
0.7258,0.9428420767,926.61
0.726,0.8632952379,926.7
0.7262,0.8511491644,926.79
0.7264,0.8384339147,926.88
0.7266,0.8715196211,926.97
0.7268,0.7799537371,927.06
0.727,0.7576189544,927.15
0.7272,0.7628388174,927.24
0.7274,0.7693393361,927.33
0.7276,0.7354783799,927.42
0.7278,0.720074846,927.51
0.728,0.6544445546,927.6
0.7282,0.6670349099,927.69
0.7284,0.6340775395,927.78
0.7286,0.7044973448,927.87
0.7288,0.6470149824,927.96
0.729,0.6623520405,928.05
0.7292,0.5696212104,928.14
0.7294,0.6081497844,928.23
0.7296,0.6125040687,928.32
0.7298,0.5436814337,928.41
0.73,0.5488680631,928.5
0.7302,0.5432867945,928.59
0.7304,0.5595369217,928.68
0.7306,0.5550157822,928.77
0.7308,0.477481798,928.86
0.731,0.5384271679,928.95
0.7312,0.5248636226,929.04
0.7314,0.5198417765,929.13
0.7316,0.4653673856,929.22
0.7318,0.4897021471,929.31
0.732,0.5363766898,929.4
0.7322,0.5241194676,929.49
0.7324,0.446894711,929.58
0.7326,0.528964987,929.67
0.7328,0.4417690451,929.76
0.733,0.4166145409,929.85
0.7332,0.4914637391,929.94
0.7334,0.4538209705,930.03
0.7336,0.526768881,930.12
0.7338,0.4203166161,930.21
0.734,0.4294595144,930.3
0.7342,0.44807167,930.39
0.7344,0.4238282506,930.48
0.7346,0.3917827658,930.57
0.7348,0.4025194252,930.66
0.735,0.3960588404,930.75
0.7352,0.3905693756,930.84
0.7354,0.3844916494,930.93
0.7356,0.3183855795,931.02
0.7358,0.4096510875,931.11
0.736,0.3431005424,931.2
0.7362,0.3517959131,931.29
0.7364,0.323559026,931.38
0.7366,0.3402016334,931.47
0.7368,0.3806642723,931.56
0.737,0.3850921407,931.65
0.7372,0.3400239168,931.74
0.7374,0.3259335611,931.83
0.7376,0.2906546038,931.92
0.7378,0.2920787296,932.01
0.738,0.3041368217,932.1
0.7382,0.2797436537,932.19
0.7384,0.2373619698,932.28
0.7386,0.2699984313,932.37
0.7388,0.2159763464,932.46
0.739,0.3306423776,932.55
0.7392,0.249773513,932.64
0.7394,0.2042776809,932.73
0.7396,0.2346956387,932.82
0.7398,0.1750377096,932.91
0.74,0.1833897189,933
0.7402,0.2438736118,933.09
0.7404,0.2214448692,933.18
0.7406,0.110390319,933.27
0.7408,0.1006858856,933.36
0.741,0.1122488996,933.45
0.7412,0.2101467628,933.54
0.7414,0.1095137456,933.63
0.7416,0.1042373843,933.72
0.7418,0.06027667096,933.81
0.742,0.1203704669,933.9
0.7422,0.09235555633,933.99
0.7424,-0.02896292699,934.08
0.7426,-0.007327885352,934.17
0.7428,-0.06038813655,934.26
0.743,-0.04726634195,934.35
0.7432,-0.0471252222,934.44
0.7434,-0.08166762765,934.53
0.7436,-0.06734220902,934.62
0.7438,-0.02773303064,934.71
0.744,-0.02380526282,934.8
0.7442,-0.0777521613,934.89
0.7444,-0.06643163053,934.98
0.7446,-0.1629184335,935.07
0.7448,-0.06265217835,935.16
0.745,-0.0426175954,935.25
0.7452,-0.1527956796,935.34
0.7454,-0.1364911635,935.43
0.7456,-0.1572754633,935.52
0.7458,-0.2702806956,935.61
0.746,-0.1543768457,935.7
0.7462,-0.1874133173,935.79
0.7464,-0.2825402394,935.88
0.7466,-0.2453678028,935.97
0.7468,-0.192771456,936.06
0.747,-0.226425321,936.15
0.7472,-0.3145446449,936.24
0.7474,-0.292045963,936.33
0.7476,-0.3061011031,936.42
0.7478,-0.2815064402,936.51
0.748,-0.3246746541,936.6
0.7482,-0.3029996677,936.69
0.7484,-0.3201073489,936.78
0.7486,-0.3804245958,936.87
0.7488,-0.3124448596,936.96
0.749,-0.3258311906,937.05
0.7492,-0.3707621911,937.14
0.7494,-0.3205322134,937.23
0.7496,-0.2651645635,937.32
0.7498,-0.4268347744,937.41
0.75,-0.3608610966,937.5
0.7502,-0.3421891788,937.59
0.7504,-0.3803687828,937.68
0.7506,-0.4107222846,937.77
0.7508,-0.3050675987,937.86
0.751,-0.4188961574,937.95
0.7512,-0.409533093,938.04
0.7514,-0.43598177,938.13
0.7516,-0.3665198016,938.22
0.7518,-0.5064739696,938.31
0.752,-0.4620974243,938.4
0.7522,-0.4500714611,938.49
0.7524,-0.42476197,938.58
0.7526,-0.4292823616,938.67
0.7528,-0.4092726582,938.76
0.753,-0.4599777961,938.85
0.7532,-0.4907191303,938.94
0.7534,-0.4702259733,939.03
0.7536,-0.5092435935,939.12
0.7538,-0.502751391,939.21
0.754,-0.5076967541,939.3
0.7542,-0.4837746965,939.39
0.7544,-0.4705230788,939.48
0.7546,-0.5562087216,939.57
0.7548,-0.5445085453,939.66
0.755,-0.5306022488,939.75
0.7552,-0.5384190351,939.84
0.7554,-0.5589489031,939.93
0.7556,-0.5358654469,940.02
0.7558,-0.5783345968,940.11
0.756,-0.650570155,940.2
0.7562,-0.539655138,940.29
0.7564,-0.6543710278,940.38
0.7566,-0.5514325104,940.47
0.7568,-0.6193270839,940.56
0.757,-0.6302702867,940.65
0.7572,-0.7158555834,940.74
0.7574,-0.6606957418,940.83
0.7576,-0.6946103148,940.92
0.7578,-0.7352219865,941.01
0.758,-0.6954296866,941.1
0.7582,-0.7035632367,941.19
0.7584,-0.7025618784,941.28
0.7586,-0.8157952126,941.37
0.7588,-0.8156082802,941.46
0.759,-0.7464038719,941.55
0.7592,-0.7987413164,941.64
0.7594,-0.8055422543,941.73
0.7596,-0.8771355985,941.82
0.7598,-0.8608097302,941.91
0.76,-0.8611970229,942
0.7602,-0.9612847414,942.09
0.7604,-0.9587326136,942.18
0.7606,-0.9408752233,942.27
0.7608,-0.9151990423,942.36
0.761,-1.00591754,942.45
0.7612,-0.9815198783,942.54
0.7614,-1.060172101,942.63
0.7616,-1.092857394,942.72
0.7618,-1.039323742,942.81
0.762,-1.12300058,942.9
0.7622,-1.098842667,942.99
0.7624,-1.140107214,943.08
0.7626,-1.114741059,943.17
0.7628,-1.201784152,943.26
0.763,-1.223440328,943.35
0.7632,-1.2396208,943.44
0.7634,-1.206431062,943.53
0.7636,-1.162138555,943.62
0.7638,-1.193647654,943.71
0.764,-1.231143334,943.8
0.7642,-1.256107101,943.89
0.7644,-1.213417827,943.98
0.7646,-1.275244301,944.07
0.7648,-1.238950418,944.16
0.765,-1.234293751,944.25
0.7652,-1.267671004,944.34
0.7654,-1.284259507,944.43
0.7656,-1.288800002,944.52
0.7658,-1.310358202,944.61
0.766,-1.297707318,944.7
0.7662,-1.343802899,944.79
0.7664,-1.341342363,944.88
0.7666,-1.243935289,944.97
0.7668,-1.306611685,945.06
0.767,-1.363178823,945.15
0.7672,-1.236239591,945.24
0.7674,-1.227855394,945.33
0.7676,-1.25367471,945.42
0.7678,-1.308561782,945.51
0.768,-1.170554339,945.6
0.7682,-1.189691872,945.69
0.7684,-1.167669877,945.78
0.7686,-1.208229496,945.87
0.7688,-1.162767938,945.96
0.769,-1.169171229,946.05
0.7692,-1.14523798,946.14
0.7694,-1.157936308,946.23
0.7696,-1.117314551,946.32
0.7698,-1.079505055,946.41
0.77,-1.029456542,946.5
0.7702,-0.9621726443,946.59
0.7704,-0.947728323,946.68
0.7706,-1.007726146,946.77
0.7708,-0.8618185663,946.86
0.771,-0.9264737904,946.95
0.7712,-0.8112246015,947.04
0.7714,-0.8000648099,947.13
0.7716,-0.7505186201,947.22
0.7718,-0.7316229718,947.31
0.772,-0.7129384082,947.4
0.7722,-0.5649626209,947.49
0.7724,-0.6818112541,947.58
0.7726,-0.5761467394,947.67
0.7728,-0.4439585236,947.76
0.773,-0.4506015882,947.85
0.7732,-0.4028092357,947.94
0.7734,-0.3899142346,948.03
0.7736,-0.3529509696,948.12
0.7738,-0.2366144669,948.21
0.774,-0.2179977511,948.3
0.7742,-0.1488437205,948.39
0.7744,-0.08257855065,948.48
0.7746,-0.1311907863,948.57
0.7748,-0.0547361852,948.66
0.775,0.00941141353,948.75
0.7752,0.09437816181,948.84
0.7754,0.1624764035,948.93
0.7756,0.1432264177,949.02
0.7758,0.2245473185,949.11
0.776,0.2774243057,949.2
0.7762,0.3255438287,949.29
0.7764,0.439364711,949.38
0.7766,0.3953029485,949.47
0.7768,0.4774703057,949.56
0.777,0.4249663336,949.65
0.7772,0.5570977892,949.74
0.7774,0.6102887535,949.83
0.7776,0.6766358786,949.92
0.7778,0.6705100743,950.01
0.778,0.7097047799,950.1
0.7782,0.7239089346,950.19
0.7784,0.7906637492,950.28
0.7786,0.9424226304,950.37
0.7788,0.816460473,950.46
0.779,0.8517605773,950.55
0.7792,0.9568299618,950.64
0.7794,0.9477617654,950.73
0.7796,1.065376482,950.82
0.7798,0.9855946953,950.91
0.78,1.138703116,951
0.7802,1.081975823,951.09
0.7804,1.058574758,951.18
0.7806,1.059440036,951.27
0.7808,1.133442754,951.36
0.781,1.163623472,951.45
0.7812,1.222304861,951.54
0.7814,1.173540577,951.63
0.7816,1.361447376,951.72
0.7818,1.287336557,951.81
0.782,1.258740766,951.9
0.7822,1.254620917,951.99
0.7824,1.393129473,952.08
0.7826,1.262890382,952.17
0.7828,1.329502497,952.26
0.783,1.362841924,952.35
0.7832,1.269874152,952.44
0.7834,1.331812111,952.53
0.7836,1.288951588,952.62
0.7838,1.363043964,952.71
0.784,1.363146733,952.8
0.7842,1.323120476,952.89
0.7844,1.302784622,952.98
0.7846,1.24141633,953.07
0.7848,1.380389728,953.16
0.785,1.334551799,953.25
0.7852,1.293323673,953.34
0.7854,1.313779504,953.43
0.7856,1.243097591,953.52
0.7858,1.18515057,953.61
0.786,1.254143546,953.7
0.7862,1.163783256,953.79
0.7864,1.166225676,953.88
0.7866,1.201952727,953.97
0.7868,1.092835858,954.06
0.787,1.140026678,954.15
0.7872,1.109788373,954.24
0.7874,1.057363337,954.33
0.7876,1.037195191,954.42
0.7878,1.058446333,954.51
0.788,1.036588918,954.6
0.7882,1.035777446,954.69
0.7884,0.9503021073,954.78
0.7886,0.9942027167,954.87
0.7888,0.920874939,954.96
0.789,0.9195587265,955.05
0.7892,0.9712617456,955.14
0.7894,0.8859162495,955.23
0.7896,0.8740668807,955.32
0.7898,0.8421502786,955.41
0.79,0.8554172338,955.5
0.7902,0.870507586,955.59
0.7904,0.8046200721,955.68
0.7906,0.8270334871,955.77
0.7908,0.7303562069,955.86
0.791,0.7835151758,955.95
0.7912,0.7435036238,956.04
0.7914,0.7340711747,956.13
0.7916,0.6777941812,956.22
0.7918,0.6742384111,956.31
0.792,0.6957796146,956.4
0.7922,0.6211802285,956.49
0.7924,0.6847464588,956.58
0.7926,0.6223145377,956.67
0.7928,0.644434939,956.76
0.793,0.5680566007,956.85
0.7932,0.5356805501,956.94
0.7934,0.6141452766,957.03
0.7936,0.6043513599,957.12
0.7938,0.564033459,957.21
0.794,0.5812384433,957.3
0.7942,0.5443038323,957.39
0.7944,0.5614306289,957.48
0.7946,0.5315043103,957.57
0.7948,0.477996915,957.66
0.795,0.5523322826,957.75
0.7952,0.4614323222,957.84
0.7954,0.5824495021,957.93
0.7956,0.4786879823,958.02
0.7958,0.4402707087,958.11
0.796,0.4619139412,958.2
0.7962,0.4664169496,958.29
0.7964,0.4629474887,958.38
0.7966,0.4736473543,958.47
0.7968,0.4214012982,958.56
0.797,0.3570643565,958.65
0.7972,0.3995365031,958.74
0.7974,0.4454334303,958.83
0.7976,0.4671796359,958.92
0.7978,0.3372787813,959.01
0.798,0.4154953335,959.1
0.7982,0.4505018193,959.19
0.7984,0.3439984987,959.28
0.7986,0.4629050804,959.37
0.7988,0.3579592697,959.46
0.799,0.3782242935,959.55
0.7992,0.3570390719,959.64
0.7994,0.4420992587,959.73
0.7996,0.400255338,959.82
0.7998,0.3631104288,959.91
0.8,0.3365660667,960
0.8002,0.2762355784,960.09
0.8004,0.3246852527,960.18
0.8006,0.3044985858,960.27
0.8008,0.3159120947,960.36
0.801,0.2359942256,960.45
0.8012,0.3550888681,960.54
0.8014,0.3320796369,960.63
0.8016,0.3506907545,960.72
0.8018,0.2535481296,960.81
0.802,0.2659192231,960.9
0.8022,0.2081639338,960.99
0.8024,0.2825884634,961.08
0.8026,0.2274803828,961.17
0.8028,0.2926569401,961.26
0.803,0.2436639682,961.35
0.8032,0.2336068524,961.44
0.8034,0.2129088369,961.53
0.8036,0.1195190021,961.62
0.8038,0.1956378287,961.71
0.804,0.0892221123,961.8
0.8042,0.1530570921,961.89
0.8044,0.1516488334,961.98
0.8046,0.06819031628,962.07
0.8048,0.07583782182,962.16
0.805,0.08056914537,962.25
0.8052,0.08462843394,962.34
0.8054,0.07175280752,962.43
0.8056,0.04735844347,962.52
0.8058,-0.00318421422,962.61
0.806,0.02905907589,962.7
0.8062,0.1036346506,962.79
0.8064,-0.03357808987,962.88
0.8066,0.03942463395,962.97
0.8068,-0.08660239633,963.06
0.807,-0.07845066327,963.15
0.8072,-0.01331384474,963.24
0.8074,-0.04637647714,963.33
0.8076,-0.02954214691,963.42
0.8078,-0.08359444734,963.51
0.808,-0.145664236,963.6
0.8082,-0.1313548864,963.69
0.8084,-0.1652456277,963.78
0.8086,-0.1181047224,963.87
0.8088,-0.1479629272,963.96
0.809,-0.1347673131,964.05
0.8092,-0.2245511495,964.14
0.8094,-0.2187486623,964.23
0.8096,-0.2372705523,964.32
0.8098,-0.2458985319,964.41
0.81,-0.2483689919,964.5
0.8102,-0.2011644008,964.59
0.8104,-0.2568775607,964.68
0.8106,-0.225163626,964.77
0.8108,-0.273755989,964.86
0.811,-0.3629043771,964.95
0.8112,-0.3559740543,965.04
0.8114,-0.3160445554,965.13
0.8116,-0.2706007412,965.22
0.8118,-0.324859521,965.31
0.812,-0.3921783735,965.4
0.8122,-0.3354143168,965.49
0.8124,-0.3576280136,965.58
0.8126,-0.331049251,965.67
0.8128,-0.3279281155,965.76
0.813,-0.3563627998,965.85
0.8132,-0.3999449625,965.94
0.8134,-0.4218287515,966.03
0.8136,-0.4005325271,966.12
0.8138,-0.3950700722,966.21
0.814,-0.3833426941,966.3
0.8142,-0.421903157,966.39
0.8144,-0.4347341423,966.48
0.8146,-0.3951370882,966.57
0.8148,-0.3876733465,966.66
0.815,-0.4149295724,966.75
0.8152,-0.4730675805,966.84
0.8154,-0.4501009696,966.93
0.8156,-0.3568744363,967.02
0.8158,-0.4927016181,967.11
0.816,-0.4705198832,967.2
0.8162,-0.425774115,967.29
0.8164,-0.5076586612,967.38
0.8166,-0.488650795,967.47
0.8168,-0.4318463032,967.56
0.817,-0.451710434,967.65
0.8172,-0.570728298,967.74
0.8174,-0.4828024225,967.83
0.8176,-0.5284032793,967.92
0.8178,-0.5801793776,968.01
0.818,-0.4914285707,968.1
0.8182,-0.5648485628,968.19
0.8184,-0.5558981026,968.28
0.8186,-0.599267908,968.37
0.8188,-0.5444653232,968.46
0.819,-0.5516479007,968.55
0.8192,-0.5682386682,968.64
0.8194,-0.5165600927,968.73
0.8196,-0.6007178907,968.82
0.8198,-0.6515784847,968.91
0.82,-0.6312554812,969
0.8202,-0.6532584973,969.09
0.8204,-0.652707015,969.18
0.8206,-0.7917568768,969.27
0.8208,-0.6784664939,969.36
0.821,-0.6481767472,969.45
0.8212,-0.7103657855,969.54
0.8214,-0.7871766887,969.63
0.8216,-0.6935398487,969.72
0.8218,-0.7661948097,969.81
0.822,-0.7325501056,969.9
0.8222,-0.7933977326,969.99
0.8224,-0.8634619156,970.08
0.8226,-0.9356755852,970.17
0.8228,-0.8849653197,970.26
0.823,-0.8870014804,970.35
0.8232,-0.9435652243,970.44
0.8234,-1.000153312,970.53
0.8236,-0.9336037665,970.62
0.8238,-1.016533693,970.71
0.824,-0.9499990611,970.8
0.8242,-1.047651737,970.89
0.8244,-1.029720486,970.98
0.8246,-1.076644297,971.07
0.8248,-1.066341808,971.16
0.825,-1.079064648,971.25
0.8252,-1.203287055,971.34
0.8254,-1.163630246,971.43
0.8256,-1.175935787,971.52
0.8258,-1.193372946,971.61
0.826,-1.188342352,971.7
0.8262,-1.154817675,971.79
0.8264,-1.255009331,971.88
0.8266,-1.2058817,971.97
0.8268,-1.25590655,972.06
0.827,-1.279399498,972.15
0.8272,-1.321481517,972.24
0.8274,-1.302142693,972.33
0.8276,-1.32323172,972.42
0.8278,-1.268366475,972.51
0.828,-1.231221965,972.6
0.8282,-1.274862691,972.69
0.8284,-1.270095329,972.78
0.8286,-1.33372626,972.87
0.8288,-1.273574719,972.96
0.829,-1.333718968,973.05
0.8292,-1.334206381,973.14
0.8294,-1.282789624,973.23
0.8296,-1.312983137,973.32
0.8298,-1.254971007,973.41
0.83,-1.265040071,973.5
0.8302,-1.270910432,973.59
0.8304,-1.270957142,973.68
0.8306,-1.226142933,973.77
0.8308,-1.207706118,973.86
0.831,-1.197520438,973.95
0.8312,-1.136893459,974.04
0.8314,-1.183839409,974.13
0.8316,-1.193491313,974.22
0.8318,-1.167070245,974.31
0.832,-1.127779999,974.4
0.8322,-1.09818389,974.49
0.8324,-1.038442878,974.58
0.8326,-0.937117965,974.67
0.8328,-1.010829173,974.76
0.833,-0.9707115285,974.85
0.8332,-0.9234141989,974.94
0.8334,-0.9051863692,975.03
0.8336,-0.8586875482,975.12
0.8338,-0.7613747363,975.21
0.834,-0.6982983959,975.3
0.8342,-0.7356768074,975.39
0.8344,-0.6677555861,975.48
0.8346,-0.5848849068,975.57
0.8348,-0.5638000407,975.66
0.835,-0.5381492997,975.75
0.8352,-0.4701104726,975.84
0.8354,-0.440950966,975.93
0.8356,-0.415442447,976.02
0.8358,-0.3198343364,976.11
0.836,-0.3156790168,976.2
0.8362,-0.2604742191,976.29
0.8364,-0.1786970783,976.38
0.8366,-0.1855379782,976.47
0.8368,-0.06129994373,976.56
0.837,-0.06677604731,976.65
0.8372,-0.02565194355,976.74
0.8374,0.0853879052,976.83
0.8376,0.1408174882,976.92
0.8378,0.203263552,977.01
0.838,0.2687718479,977.1
0.8382,0.2273879398,977.19
0.8384,0.3060979646,977.28
0.8386,0.3230524163,977.37
0.8388,0.3846585782,977.46
0.839,0.4956551139,977.55
0.8392,0.5211604246,977.64
0.8394,0.5657747265,977.73
0.8396,0.6171373071,977.82
0.8398,0.6291713128,977.91
0.84,0.7383393351,978
0.8402,0.6923118771,978.09
0.8404,0.7986631506,978.18
0.8406,0.789475991,978.27
0.8408,0.8154750193,978.36
0.841,0.967333192,978.45
0.8412,0.909986759,978.54
0.8414,0.9860195933,978.63
0.8416,0.9613727849,978.72
0.8418,0.9948824275,978.81
0.842,1.10045752,978.9
0.8422,1.098286824,978.99
0.8424,1.111709199,979.08
0.8426,1.1523972,979.17
0.8428,1.181897421,979.26
0.843,1.21290685,979.35
0.8432,1.218849478,979.44
0.8434,1.245284459,979.53
0.8436,1.247514357,979.62
0.8438,1.255919461,979.71
0.844,1.307529015,979.8
0.8442,1.190436676,979.89
0.8444,1.31811364,979.98
0.8446,1.29535983,980.07
0.8448,1.308388743,980.16
0.845,1.296504923,980.25
0.8452,1.28265315,980.34
0.8454,1.335877202,980.43
0.8456,1.266259884,980.52
0.8458,1.273227518,980.61
0.846,1.27059853,980.7
0.8462,1.369625998,980.79
0.8464,1.300337633,980.88
0.8466,1.29317194,980.97
0.8468,1.231413346,981.06
0.847,1.280557523,981.15
0.8472,1.300630506,981.24
0.8474,1.21413079,981.33
0.8476,1.247191593,981.42
0.8478,1.239567081,981.51
0.848,1.241660811,981.6
0.8482,1.241162834,981.69
0.8484,1.264570782,981.78
0.8486,1.171318389,981.87
0.8488,1.155698522,981.96
0.849,1.112335434,982.05
0.8492,1.156742041,982.14
0.8494,1.099498838,982.23
0.8496,1.100318515,982.32
0.8498,1.09011516,982.41
0.85,1.037771696,982.5
0.8502,1.016852101,982.59
0.8504,1.010291573,982.68
0.8506,0.9896865757,982.77
0.8508,0.9663614335,982.86
0.851,0.9382387513,982.95
0.8512,0.9223751565,983.04
0.8514,0.9514407243,983.13
0.8516,0.8610076992,983.22
0.8518,0.8684511322,983.31
0.852,0.8460628267,983.4
0.8522,0.8680625885,983.49
0.8524,0.7876769583,983.58
0.8526,0.7801886764,983.67
0.8528,0.7515940025,983.76
0.853,0.7846803235,983.85
0.8532,0.7609875584,983.94
0.8534,0.7361656882,984.03
0.8536,0.7084853979,984.12
0.8538,0.7740507154,984.21
0.854,0.683408316,984.3
0.8542,0.5820155135,984.39
0.8544,0.5854687553,984.48
0.8546,0.5739310672,984.57
0.8548,0.5975160941,984.66
0.855,0.5424526092,984.75
0.8552,0.5889004119,984.84
0.8554,0.5210548201,984.93
0.8556,0.5628736236,985.02
0.8558,0.5294519056,985.11
0.856,0.5630198392,985.2
0.8562,0.5383141288,985.29
0.8564,0.4863938023,985.38
0.8566,0.5844229704,985.47
0.8568,0.4621778186,985.56
0.857,0.4769099451,985.65
0.8572,0.4353107935,985.74
0.8574,0.5197647633,985.83
0.8576,0.5111591356,985.92
0.8578,0.4638501508,986.01
0.858,0.3653918303,986.1
0.8582,0.4843294425,986.19
0.8584,0.5172042963,986.28
0.8586,0.4075111186,986.37
0.8588,0.4539535742,986.46
0.859,0.4646744902,986.55
0.8592,0.4255309052,986.64
0.8594,0.372460763,986.73
0.8596,0.4045917224,986.82
0.8598,0.3814810172,986.91
0.86,0.4222266531,987
0.8602,0.3266156612,987.09
0.8604,0.4092664204,987.18
0.8606,0.3856714691,987.27
0.8608,0.3156998403,987.36
0.861,0.3309468674,987.45
0.8612,0.384865721,987.54
0.8614,0.4069192624,987.63
0.8616,0.383482345,987.72
0.8618,0.4563468633,987.81
0.862,0.3423875889,987.9
0.8622,0.2804145449,987.99
0.8624,0.3202141114,988.08
0.8626,0.2822175166,988.17
0.8628,0.2078384585,988.26
0.863,0.3340344016,988.35
0.8632,0.2448290896,988.44
0.8634,0.2372575046,988.53
0.8636,0.3344231085,988.62
0.8638,0.2278445255,988.71
0.864,0.2090779867,988.8
0.8642,0.2644902673,988.89
0.8644,0.2924066849,988.98
0.8646,0.134604607,989.07
0.8648,0.1532722982,989.16
0.865,0.1593169752,989.25
0.8652,0.2021848366,989.34
0.8654,0.1683489976,989.43
0.8656,0.19008473,989.52
0.8658,0.07453339356,989.61
0.866,0.1138245105,989.7
0.8662,0.1622995661,989.79
0.8664,0.01849880582,989.88
0.8666,0.1192039611,989.97
0.8668,0.02955584585,990.06
0.867,0.05915144002,990.15
0.8672,-0.007938882719,990.24
0.8674,0.04410015558,990.33
0.8676,0.03554256804,990.42
0.8678,-0.01579263035,990.51
0.868,0.04083518451,990.6
0.8682,-0.07827408994,990.69
0.8684,-0.01433771519,990.78
0.8686,-0.1125438577,990.87
0.8688,-0.04363622055,990.96
0.869,-0.06241447363,991.05
0.8692,-0.1379517769,991.14
0.8694,-0.06078069383,991.23
0.8696,-0.1383457006,991.32
0.8698,-0.2041680577,991.41
0.87,-0.1756612929,991.5
0.8702,-0.1398058533,991.59
0.8704,-0.1863646157,991.68
0.8706,-0.1640150854,991.77
0.8708,-0.1560505996,991.86
0.871,-0.1910622873,991.95
0.8712,-0.2135751956,992.04
0.8714,-0.2376131963,992.13
0.8716,-0.2378634151,992.22
0.8718,-0.2094212527,992.31
0.872,-0.3004025936,992.4
0.8722,-0.2940635228,992.49
0.8724,-0.2642977527,992.58
0.8726,-0.3436829578,992.67
0.8728,-0.2738877452,992.76
0.873,-0.320641893,992.85
0.8732,-0.3102357057,992.94
0.8734,-0.3615851678,993.03
0.8736,-0.3532591569,993.12
0.8738,-0.3045079602,993.21
0.874,-0.4020719309,993.3
0.8742,-0.3256156153,993.39
0.8744,-0.3280427938,993.48
0.8746,-0.374988341,993.57
0.8748,-0.4619198205,993.66
0.875,-0.4347028113,993.75
0.8752,-0.3814194593,993.84
0.8754,-0.360837337,993.93
0.8756,-0.4638239169,994.02
0.8758,-0.3998596489,994.11
0.876,-0.4107188375,994.2
0.8762,-0.4856466175,994.29
0.8764,-0.4248840488,994.38
0.8766,-0.4678400274,994.47
0.8768,-0.5034894728,994.56
0.877,-0.3795240941,994.65
0.8772,-0.4868320061,994.74
0.8774,-0.5202082824,994.83
0.8776,-0.5266821411,994.92
0.8778,-0.4011980395,995.01
0.878,-0.4462098131,995.1
0.8782,-0.4713788692,995.19
0.8784,-0.5343664674,995.28
0.8786,-0.4948038897,995.37
0.8788,-0.516089488,995.46
0.879,-0.4993058458,995.55
0.8792,-0.5961577689,995.64
0.8794,-0.5200008243,995.73
0.8796,-0.5206392623,995.82
0.8798,-0.6065706997,995.91
0.88,-0.620147791,996
0.8802,-0.6000689615,996.09
0.8804,-0.661622859,996.18
0.8806,-0.6332232955,996.27
0.8808,-0.6474487576,996.36
0.881,-0.5957602491,996.45
0.8812,-0.7052105931,996.54
0.8814,-0.6936216367,996.63
0.8816,-0.6445528269,996.72
0.8818,-0.7817277464,996.81
0.882,-0.6894999974,996.9
0.8822,-0.766371036,996.99
0.8824,-0.7427021727,997.08
0.8826,-0.7846286572,997.17
0.8828,-0.7775385923,997.26
0.883,-0.9547326638,997.35
0.8832,-0.8696618106,997.44
0.8834,-0.9477306322,997.53
0.8836,-0.8925659269,997.62
0.8838,-0.9269471143,997.71
0.884,-0.918306615,997.8
0.8842,-0.8743609614,997.89
0.8844,-0.9402569247,997.98
0.8846,-0.9654276189,998.07
0.8848,-0.9762796992,998.16
0.885,-1.03140269,998.25
0.8852,-0.9813763969,998.34
0.8854,-1.034719832,998.43
0.8856,-1.078849419,998.52
0.8858,-1.050783978,998.61
0.886,-1.13285606,998.7
0.8862,-1.156716481,998.79
0.8864,-1.18890465,998.88
0.8866,-1.227347229,998.97
0.8868,-1.23571754,999.06
0.887,-1.156153988,999.15
0.8872,-1.235032009,999.24
0.8874,-1.233285301,999.33
0.8876,-1.215838836,999.42
0.8878,-1.262899405,999.51
0.888,-1.306771403,999.6
0.8882,-1.311151121,999.69
0.8884,-1.304053463,999.78
0.8886,-1.252673347,999.87
0.8888,-1.320577744,999.96
0.889,-1.327019178,1000.05
0.8892,-1.286587212,1000.14
0.8894,-1.308291078,1000.23
0.8896,-1.307149096,1000.32
0.8898,-1.299256141,1000.41
0.89,-1.237642098,1000.5
0.8902,-1.314438475,1000.59
0.8904,-1.313385743,1000.68
0.8906,-1.215329757,1000.77
0.8908,-1.313708309,1000.86
0.891,-1.335434454,1000.95
0.8912,-1.219160178,1001.04
0.8914,-1.257951328,1001.13
0.8916,-1.223074467,1001.22
0.8918,-1.200619121,1001.31
0.892,-1.230062017,1001.4
0.8922,-1.142354776,1001.49
0.8924,-1.187027546,1001.58
0.8926,-1.080120128,1001.67
0.8928,-1.041207757,1001.76
0.893,-1.085599759,1001.85
0.8932,-0.9840457829,1001.94
0.8934,-0.9884947585,1002.03
0.8936,-0.8886874495,1002.12
0.8938,-0.9258229121,1002.21
0.894,-0.9619229255,1002.3
0.8942,-0.9247611334,1002.39
0.8944,-0.7770019812,1002.48
0.8946,-0.7900123113,1002.57
0.8948,-0.714006427,1002.66
0.895,-0.7304431316,1002.75
0.8952,-0.6644533888,1002.84
0.8954,-0.6844615728,1002.93
0.8956,-0.5335290505,1003.02
0.8958,-0.4698265017,1003.11
0.896,-0.4836254032,1003.2
0.8962,-0.3834442743,1003.29
0.8964,-0.382490553,1003.38
0.8966,-0.288316206,1003.47
0.8968,-0.269922487,1003.56
0.897,-0.2352149759,1003.65
0.8972,-0.1296667229,1003.74
0.8974,-0.1707793164,1003.83
0.8976,0.0292760325,1003.92
0.8978,-0.05446580867,1004.01
0.898,-0.01790130097,1004.1
0.8982,0.1246331466,1004.19
0.8984,0.1242557584,1004.28
0.8986,0.2421136198,1004.37
0.8988,0.2133778493,1004.46
0.899,0.379774728,1004.55
0.8992,0.4219147467,1004.64
0.8994,0.3787653551,1004.73
0.8996,0.54944395,1004.82
0.8998,0.5009808214,1004.91
0.9,0.5660629595,1005
0.9002,0.5862071642,1005.09
0.9004,0.6687270876,1005.18
0.9006,0.7176262131,1005.27
0.9008,0.7400734075,1005.36
0.901,0.7990365431,1005.45
0.9012,0.8327009337,1005.54
0.9014,0.8857243382,1005.63
0.9016,0.8517410357,1005.72
0.9018,0.9231830629,1005.81
0.902,0.928484621,1005.9
0.9022,1.005782857,1005.99
0.9024,1.036629037,1006.08
0.9026,1.061228579,1006.17
0.9028,1.069667796,1006.26
0.903,1.196347469,1006.35
0.9032,1.109246395,1006.44
0.9034,1.191577397,1006.53
0.9036,1.173758523,1006.62
0.9038,1.269971591,1006.71
0.904,1.276765552,1006.8
0.9042,1.261373245,1006.89
0.9044,1.285351953,1006.98
0.9046,1.236548823,1007.07
0.9048,1.239789135,1007.16
0.905,1.320397725,1007.25
0.9052,1.297170745,1007.34
0.9054,1.239866032,1007.43
0.9056,1.298547609,1007.52
0.9058,1.255192577,1007.61
0.906,1.250282025,1007.7
0.9062,1.304163807,1007.79
0.9064,1.306372143,1007.88
0.9066,1.287091002,1007.97
0.9068,1.274358696,1008.06
0.907,1.245515691,1008.15
0.9072,1.271148441,1008.24
0.9074,1.264815779,1008.33
0.9076,1.240444152,1008.42
0.9078,1.341849419,1008.51
0.908,1.223602174,1008.6
0.9082,1.226065683,1008.69
0.9084,1.17583879,1008.78
0.9086,1.184380465,1008.87
0.9088,1.177330569,1008.96
0.909,1.180892037,1009.05
0.9092,1.020234187,1009.14
0.9094,1.16465574,1009.23
0.9096,1.125562065,1009.32
0.9098,1.094644078,1009.41
0.91,1.024141647,1009.5
0.9102,0.9746356348,1009.59
0.9104,0.980177254,1009.68
0.9106,1.032502076,1009.77
0.9108,1.01061751,1009.86
0.911,0.9639391294,1009.95
0.9112,0.9723491074,1010.04
0.9114,0.8861533012,1010.13
0.9116,0.8591615466,1010.22
0.9118,0.9326281494,1010.31
0.912,0.9067144186,1010.4
0.9122,0.873858254,1010.49
0.9124,0.8670303227,1010.58
0.9126,0.8024927252,1010.67
0.9128,0.6934935126,1010.76
0.913,0.7559880072,1010.85
0.9132,0.7922855873,1010.94
0.9134,0.7207775083,1011.03
0.9136,0.7412668595,1011.12
0.9138,0.7213482768,1011.21
0.914,0.6445265466,1011.3
0.9142,0.6852932921,1011.39
0.9144,0.652979204,1011.48
0.9146,0.5772863937,1011.57
0.9148,0.6632370977,1011.66
0.915,0.5644506722,1011.75
0.9152,0.6124824913,1011.84
0.9154,0.6015392065,1011.93
0.9156,0.5391478775,1012.02
0.9158,0.5212518141,1012.11
0.916,0.5645494315,1012.2
0.9162,0.5459470754,1012.29
0.9164,0.5748436821,1012.38
0.9166,0.524122868,1012.47
0.9168,0.5285167289,1012.56
0.917,0.5063713754,1012.65
0.9172,0.5286937144,1012.74
0.9174,0.4436203345,1012.83
0.9176,0.4008942939,1012.92
0.9178,0.4881103157,1013.01
0.918,0.4534401544,1013.1
0.9182,0.4294517903,1013.19
0.9184,0.5146495201,1013.28
0.9186,0.3854906556,1013.37
0.9188,0.4243333312,1013.46
0.919,0.465642109,1013.55
0.9192,0.4157209254,1013.64
0.9194,0.4008266326,1013.73
0.9196,0.4243176917,1013.82
0.9198,0.3909195133,1013.91
0.92,0.3320042729,1014
0.9202,0.3413291912,1014.09
0.9204,0.4146309262,1014.18
0.9206,0.4078329375,1014.27
0.9208,0.3280968849,1014.36
0.921,0.3788431423,1014.45
0.9212,0.3869064921,1014.54
0.9214,0.381102747,1014.63
0.9216,0.4046890607,1014.72
0.9218,0.3786230017,1014.81
0.922,0.3294497506,1014.9
0.9222,0.3141626914,1014.99
0.9224,0.3423315099,1015.08
0.9226,0.2612172174,1015.17
0.9228,0.232918871,1015.26
0.923,0.3199930551,1015.35
0.9232,0.3229353762,1015.44
0.9234,0.2918726172,1015.53
0.9236,0.2698931598,1015.62
0.9238,0.1840641382,1015.71
0.924,0.1793738441,1015.8
0.9242,0.1992177774,1015.89
0.9244,0.2775699486,1015.98
0.9246,0.1881096586,1016.07
0.9248,0.1939223307,1016.16
0.925,0.1428526561,1016.25
0.9252,0.2138958869,1016.34
0.9254,0.073291967,1016.43
0.9256,0.1991789508,1016.52
0.9258,0.120496892,1016.61
0.926,0.001605963294,1016.7
0.9262,0.09518877897,1016.79
0.9264,0.1004586208,1016.88
0.9266,0.08568600239,1016.97
0.9268,0.06676560154,1017.06
0.927,0.02147668961,1017.15
0.9272,0.007360510774,1017.24
0.9274,0.008195478054,1017.33
0.9276,-0.03527272211,1017.42
0.9278,0.04198372091,1017.51
0.928,-0.08798622198,1017.6
0.9282,-0.05015470855,1017.69
0.9284,-0.08175126853,1017.78
0.9286,-0.1425428894,1017.87
0.9288,-0.0431353502,1017.96
0.929,-0.1029980931,1018.05
0.9292,-0.1547332374,1018.14
0.9294,-0.1756312546,1018.23
0.9296,-0.1655537422,1018.32
0.9298,-0.1058763642,1018.41
0.93,-0.1725342681,1018.5
0.9302,-0.2302336299,1018.59
0.9304,-0.200948774,1018.68
0.9306,-0.2462868514,1018.77
0.9308,-0.2092251774,1018.86
0.931,-0.2239512762,1018.95
0.9312,-0.2226499958,1019.04
0.9314,-0.2501767754,1019.13
0.9316,-0.2690520522,1019.22
0.9318,-0.3342314379,1019.31
0.932,-0.2832442503,1019.4
0.9322,-0.2579416564,1019.49
0.9324,-0.3680089445,1019.58
0.9326,-0.2829875323,1019.67
0.9328,-0.351709646,1019.76
0.933,-0.3608093173,1019.85
0.9332,-0.3676794168,1019.94
0.9334,-0.3228020213,1020.03
0.9336,-0.3563987829,1020.12
0.9338,-0.3573750747,1020.21
0.934,-0.4111121745,1020.3
0.9342,-0.3154574087,1020.39
0.9344,-0.4220205187,1020.48
0.9346,-0.3386535898,1020.57
0.9348,-0.3470626344,1020.66
0.935,-0.3736615757,1020.75
0.9352,-0.4577667576,1020.84
0.9354,-0.4119474762,1020.93
0.9356,-0.4498904785,1021.02
0.9358,-0.3644818166,1021.11
0.936,-0.4212241103,1021.2
0.9362,-0.4209433585,1021.29
0.9364,-0.4354969904,1021.38
0.9366,-0.4403072345,1021.47
0.9368,-0.4162849346,1021.56
0.937,-0.3796924109,1021.65
0.9372,-0.4411095355,1021.74
0.9374,-0.429551747,1021.83
0.9376,-0.4597195982,1021.92
0.9378,-0.4776375395,1022.01
0.938,-0.5493766759,1022.1
0.9382,-0.5278856373,1022.19
0.9384,-0.5458905915,1022.28
0.9386,-0.5084935878,1022.37
0.9388,-0.6583364852,1022.46
0.939,-0.6395690411,1022.55
0.9392,-0.5845158627,1022.64
0.9394,-0.5609277467,1022.73
0.9396,-0.6033548981,1022.82
0.9398,-0.6060760224,1022.91
0.94,-0.5874524048,1023
0.9402,-0.5734742372,1023.09
0.9404,-0.5784863194,1023.18
0.9406,-0.6368491223,1023.27
0.9408,-0.6325421444,1023.36
0.941,-0.7061538625,1023.45
0.9412,-0.7431225316,1023.54
0.9414,-0.7014191915,1023.63
0.9416,-0.6814585697,1023.72
0.9418,-0.7399117913,1023.81
0.942,-0.8550858637,1023.9
0.9422,-0.7571156529,1023.99
0.9424,-0.7430088612,1024.08
0.9426,-0.8088843676,1024.17
0.9428,-0.8683092185,1024.26
0.943,-0.9115007291,1024.35
0.9432,-0.9427533436,1024.44
0.9434,-0.8614253351,1024.53
0.9436,-0.9509985889,1024.62
0.9438,-0.9700649721,1024.71
0.944,-0.9885378573,1024.8
0.9442,-1.007538374,1024.89
0.9444,-1.008314967,1024.98
0.9446,-1.058618083,1025.07
0.9448,-1.049671833,1025.16
0.945,-1.10388874,1025.25
0.9452,-1.132395131,1025.34
0.9454,-1.19017719,1025.43
0.9456,-1.134624867,1025.52
0.9458,-1.106092122,1025.61
0.946,-1.149891478,1025.7
0.9462,-1.147160234,1025.79
0.9464,-1.220508771,1025.88
0.9466,-1.25008141,1025.97
0.9468,-1.263983855,1026.06
0.947,-1.289929241,1026.15
0.9472,-1.226087587,1026.24
0.9474,-1.21873655,1026.33
0.9476,-1.304330918,1026.42
0.9478,-1.267421146,1026.51
0.948,-1.345881732,1026.6
0.9482,-1.283331037,1026.69
0.9484,-1.268225429,1026.78
0.9486,-1.333609182,1026.87
0.9488,-1.252562866,1026.96
0.949,-1.317213577,1027.05
0.9492,-1.286656268,1027.14
0.9494,-1.227244013,1027.23
0.9496,-1.34682891,1027.32
0.9498,-1.259010724,1027.41
0.95,-1.277858472,1027.5
0.9502,-1.19754541,1027.59
0.9504,-1.243523407,1027.68
0.9506,-1.233453408,1027.77
0.9508,-1.189839527,1027.86
0.951,-1.120855979,1027.95
0.9512,-1.192241583,1028.04
0.9514,-1.183267616,1028.13
0.9516,-1.152114058,1028.22
0.9518,-1.057253671,1028.31
0.952,-1.137185625,1028.4
0.9522,-1.082159063,1028.49
0.9524,-1.03032034,1028.58
0.9526,-1.00771387,1028.67
0.9528,-0.9437203048,1028.76
0.953,-0.9282243594,1028.85
0.9532,-0.9410723181,1028.94
0.9534,-0.7320623317,1029.03
0.9536,-0.7393165959,1029.12
0.9538,-0.7443183081,1029.21
0.954,-0.7153029585,1029.3
0.9542,-0.6752263659,1029.39
0.9544,-0.6740908077,1029.48
0.9546,-0.5978983725,1029.57
0.9548,-0.4974147819,1029.66
0.955,-0.4442176328,1029.75
0.9552,-0.3484907108,1029.84
0.9554,-0.3534374264,1029.93
0.9556,-0.3257149407,1030.02
0.9558,-0.2119921195,1030.11
0.956,-0.1719185028,1030.2
0.9562,-0.1927953686,1030.29
0.9564,-0.1165907811,1030.38
0.9566,0.0003772545226,1030.47
0.9568,-0.01092021676,1030.56
0.957,0.07672217755,1030.65
0.9572,0.08766017437,1030.74
0.9574,0.221968691,1030.83
0.9576,0.315728882,1030.92
0.9578,0.2052767307,1031.01
0.958,0.2975272948,1031.1
0.9582,0.4185693662,1031.19
0.9584,0.4531038615,1031.28
0.9586,0.4890854919,1031.37
0.9588,0.4893322846,1031.46
0.959,0.5192835096,1031.55
0.9592,0.6206624759,1031.64
0.9594,0.7219275079,1031.73
0.9596,0.767486537,1031.82
0.9598,0.8666867896,1031.91
0.96,0.7448648281,1032
0.9602,0.8633219522,1032.09
0.9604,0.9053685177,1032.18
0.9606,1.009427709,1032.27
0.9608,0.9415615034,1032.36
0.961,1.058539667,1032.45
0.9612,0.9730937038,1032.54
0.9614,1.11017009,1032.63
0.9616,1.059037405,1032.72
0.9618,1.081840167,1032.81
0.962,1.163396612,1032.9
0.9622,1.1539289,1032.99
0.9624,1.204259213,1033.08
0.9626,1.208506279,1033.17
0.9628,1.198921639,1033.26
0.963,1.279910375,1033.35
0.9632,1.251349495,1033.44
0.9634,1.246316236,1033.53
0.9636,1.256062291,1033.62
0.9638,1.216864017,1033.71
0.964,1.247173856,1033.8
0.9642,1.318402496,1033.89
0.9644,1.317504127,1033.98
0.9646,1.305330198,1034.07
0.9648,1.36398334,1034.16
0.965,1.309618452,1034.25
0.9652,1.307203723,1034.34
0.9654,1.323933019,1034.43
0.9656,1.310328895,1034.52
0.9658,1.336234267,1034.61
0.966,1.259378233,1034.7
0.9662,1.274688457,1034.79
0.9664,1.260096721,1034.88
0.9666,1.233701256,1034.97
0.9668,1.231006661,1035.06
0.967,1.257233766,1035.15
0.9672,1.265198743,1035.24
0.9674,1.190197101,1035.33
0.9676,1.172608007,1035.42
0.9678,1.164770691,1035.51
0.968,1.181353559,1035.6
0.9682,1.141855352,1035.69
0.9684,1.164007027,1035.78
0.9686,1.153307168,1035.87
0.9688,1.104248835,1035.96
0.969,1.014969013,1036.05
0.9692,1.002654184,1036.14
0.9694,0.9807731419,1036.23
0.9696,0.9565356213,1036.32
0.9698,0.9939275033,1036.41
0.97,0.9075668354,1036.5
0.9702,0.9326437491,1036.59
0.9704,0.8750753791,1036.68
0.9706,0.8362022415,1036.77
0.9708,0.8992919821,1036.86
0.971,0.7734759371,1036.95
0.9712,0.8646735812,1037.04
0.9714,0.7354723443,1037.13
0.9716,0.7920570254,1037.22
0.9718,0.764138387,1037.31
0.972,0.7458251017,1037.4
0.9722,0.7140181878,1037.49
0.9724,0.6735393694,1037.58
0.9726,0.673321532,1037.67
0.9728,0.7221123572,1037.76
0.973,0.6907518597,1037.85
0.9732,0.7269558386,1037.94
0.9734,0.6689232785,1038.03
0.9736,0.6343251999,1038.12
0.9738,0.6054925431,1038.21
0.974,0.578304227,1038.3
0.9742,0.627087061,1038.39
0.9744,0.5474638495,1038.48
0.9746,0.5382616703,1038.57
0.9748,0.5136309136,1038.66
0.975,0.5505763592,1038.75
0.9752,0.6478578461,1038.84
0.9754,0.4974452298,1038.93
0.9756,0.4332534377,1039.02
0.9758,0.4634423925,1039.11
0.976,0.5185249881,1039.2
0.9762,0.4614535045,1039.29
0.9764,0.4492149416,1039.38
0.9766,0.4894257762,1039.47
0.9768,0.4511689952,1039.56
0.977,0.4129590522,1039.65
0.9772,0.4590422867,1039.74
0.9774,0.3951125986,1039.83
0.9776,0.4240423555,1039.92
0.9778,0.4967155346,1040.01
0.978,0.3267330577,1040.1
0.9782,0.4740368601,1040.19
0.9784,0.3297770769,1040.28
0.9786,0.407148069,1040.37
0.9788,0.3069145367,1040.46
0.979,0.3732265138,1040.55
0.9792,0.3483940089,1040.64
0.9794,0.3459542132,1040.73
0.9796,0.3299501217,1040.82
0.9798,0.4169361249,1040.91
0.98,0.3885999113,1041
0.9802,0.2794838216,1041.09
0.9804,0.2627242623,1041.18
0.9806,0.3182044305,1041.27
0.9808,0.2594343167,1041.36
0.981,0.3847342832,1041.45
0.9812,0.3537098245,1041.54
0.9814,0.3120744512,1041.63
0.9816,0.207445894,1041.72
0.9818,0.2381480817,1041.81
0.982,0.2950157304,1041.9
0.9822,0.2065563736,1041.99
0.9824,0.2615153518,1042.08
0.9826,0.2223197919,1042.17
0.9828,0.2456840185,1042.26
0.983,0.1929808649,1042.35
0.9832,0.1794743155,1042.44
0.9834,0.1161631213,1042.53
0.9836,0.1494779844,1042.62
0.9838,0.1060200327,1042.71
0.984,0.1552273031,1042.8
0.9842,0.05511182636,1042.89
0.9844,0.1319845352,1042.98
0.9846,0.1231251186,1043.07
0.9848,0.09365234822,1043.16
0.985,-0.008214814859,1043.25
0.9852,-0.0135607957,1043.34
0.9854,0.02928982817,1043.43
0.9856,0.01048162316,1043.52
0.9858,-0.02439750834,1043.61
0.986,-0.0329082425,1043.7
0.9862,-0.08250774974,1043.79
0.9864,-0.095645181,1043.88
0.9866,-0.1131357207,1043.97
0.9868,-0.1080872003,1044.06
0.987,-0.1051894388,1044.15
0.9872,-0.1284692736,1044.24
0.9874,-0.1661918838,1044.33
0.9876,-0.1010128888,1044.42
0.9878,-0.1492384584,1044.51
0.988,-0.2108156844,1044.6
0.9882,-0.07688955517,1044.69
0.9884,-0.299428775,1044.78
0.9886,-0.1850036018,1044.87
0.9888,-0.2087191539,1044.96
0.989,-0.2572533436,1045.05
0.9892,-0.2871579838,1045.14
0.9894,-0.2603473426,1045.23
0.9896,-0.2254202855,1045.32
0.9898,-0.2423675199,1045.41
0.99,-0.2689512353,1045.5
0.9902,-0.2897846825,1045.59
0.9904,-0.3056551441,1045.68
0.9906,-0.2791856878,1045.77
0.9908,-0.3200253372,1045.86
0.991,-0.3239693571,1045.95
0.9912,-0.2866943658,1046.04
0.9914,-0.3701569751,1046.13
0.9916,-0.3431727407,1046.22
0.9918,-0.3664156373,1046.31
0.992,-0.404239806,1046.4
0.9922,-0.319669751,1046.49
0.9924,-0.4220372944,1046.58
0.9926,-0.4050013929,1046.67
0.9928,-0.4303325091,1046.76
0.993,-0.3851138381,1046.85
0.9932,-0.3855121382,1046.94
0.9934,-0.3493719466,1047.03
0.9936,-0.3550697395,1047.12
0.9938,-0.3621378353,1047.21
0.994,-0.4119041413,1047.3
0.9942,-0.3986496538,1047.39
0.9944,-0.4556588573,1047.48
0.9946,-0.491791752,1047.57
0.9948,-0.4104040862,1047.66
0.995,-0.4980181243,1047.75
0.9952,-0.446760769,1047.84
0.9954,-0.421404457,1047.93
0.9956,-0.4898697123,1048.02
0.9958,-0.4412417772,1048.11
0.996,-0.5030036635,1048.2
0.9962,-0.5180798304,1048.29
0.9964,-0.4981148969,1048.38
0.9966,-0.4618502622,1048.47
0.9968,-0.5950879141,1048.56
0.997,-0.5463728642,1048.65
0.9972,-0.5977937875,1048.74
0.9974,-0.5707906496,1048.83
0.9976,-0.574525625,1048.92
0.9978,-0.6652249522,1049.01
0.998,-0.6654114189,1049.1
0.9982,-0.6021283903,1049.19
0.9984,-0.6364089265,1049.28
0.9986,-0.6950151485,1049.37
0.9988,-0.6841241224,1049.46
0.999,-0.6664149332,1049.55
0.9992,-0.6856060651,1049.64
0.9994,-0.8224753508,1049.73
0.9996,-0.7799972031,1049.82
0.9998,-0.7113569375,1049.91
1,-0.8124389316,1050
1.0002,-0.8348745434,1050.09
1.0004,-0.8323561023,1050.18
1.0006,-0.8450393041,1050.27
1.0008,-0.8700425927,1050.36
1.001,-0.885720426,1050.45
1.0012,-0.9529397126,1050.54
1.0014,-0.9265516486,1050.63
1.0016,-0.9331254615,1050.72
1.0018,-0.9820992244,1050.81
1.002,-1.013308004,1050.9
1.0022,-1.056028391,1050.99
1.0024,-1.042502188,1051.08
1.0026,-1.118527146,1051.17
1.0028,-1.108918771,1051.26
1.003,-1.118108972,1051.35
1.0032,-1.221635734,1051.44
1.0034,-1.140615759,1051.53
1.0036,-1.228803308,1051.62
1.0038,-1.220848578,1051.71
1.004,-1.237761343,1051.8
1.0042,-1.234207497,1051.89
1.0044,-1.243085943,1051.98
1.0046,-1.225717473,1052.07
1.0048,-1.303801652,1052.16
1.005,-1.288823008,1052.25
1.0052,-1.26710678,1052.34
1.0054,-1.314097111,1052.43
1.0056,-1.327353006,1052.52
1.0058,-1.295441286,1052.61
1.006,-1.282527605,1052.7
1.0062,-1.290686307,1052.79
1.0064,-1.364343786,1052.88
1.0066,-1.307063584,1052.97
1.0068,-1.311449388,1053.06
1.007,-1.238512498,1053.15
1.0072,-1.301223882,1053.24
1.0074,-1.302531851,1053.33
1.0076,-1.227202186,1053.42
1.0078,-1.298865691,1053.51
1.008,-1.207007384,1053.6
1.0082,-1.191573441,1053.69
1.0084,-1.227031782,1053.78
1.0086,-1.193028465,1053.87
1.0088,-1.157262438,1053.96
1.009,-1.071388895,1054.05
1.0092,-1.123199762,1054.14
1.0094,-1.120020932,1054.23
1.0096,-1.04804581,1054.32
1.0098,-1.038817185,1054.41
1.01,-1.041156143,1054.5
1.0102,-0.9746365966,1054.59
1.0104,-0.923735301,1054.68
1.0106,-0.8539833853,1054.77
1.0108,-0.8389565157,1054.86
1.011,-0.7987871443,1054.95
1.0112,-0.7991276416,1055.04
1.0114,-0.6932463448,1055.13
1.0116,-0.7149096035,1055.22
1.0118,-0.6697339181,1055.31
1.012,-0.611827991,1055.4
1.0122,-0.5758927529,1055.49
1.0124,-0.4898123663,1055.58
1.0126,-0.4160465783,1055.67
1.0128,-0.3879188064,1055.76
1.013,-0.3530239108,1055.85
1.0132,-0.2745801858,1055.94
1.0134,-0.2501971894,1056.03
1.0136,-0.1369360547,1056.12
1.0138,-0.06283762917,1056.21
1.014,-0.07493038194,1056.3
1.0142,-0.02200533112,1056.39
1.0144,0.08472031381,1056.48
1.0146,0.1902244556,1056.57
1.0148,0.1477549492,1056.66
1.015,0.2644085932,1056.75
1.0152,0.2864162833,1056.84
1.0154,0.2852320462,1056.93
1.0156,0.3728791732,1057.02
1.0158,0.4398375365,1057.11
1.016,0.4610366736,1057.2
1.0162,0.6033734876,1057.29
1.0164,0.4847320518,1057.38
1.0166,0.6047642455,1057.47
1.0168,0.6511503136,1057.56
1.017,0.6881498925,1057.65
1.0172,0.7358665538,1057.74
1.0174,0.8077561633,1057.83
1.0176,0.8676815197,1057.92
1.0178,0.8915591508,1058.01
1.018,0.9526106687,1058.1
1.0182,0.957760042,1058.19
1.0184,0.9590222674,1058.28
1.0186,1.005772741,1058.37
1.0188,1.112842904,1058.46
1.019,1.07162463,1058.55
1.0192,1.105377513,1058.64
1.0194,1.163264236,1058.73
1.0196,1.194904985,1058.82
1.0198,1.192074525,1058.91
1.02,1.246419534,1059
1.0202,1.288721325,1059.09
1.0204,1.313087415,1059.18
1.0206,1.271299178,1059.27
1.0208,1.22287583,1059.36
1.021,1.244580686,1059.45
1.0212,1.253127198,1059.54
1.0214,1.312963133,1059.63
1.0216,1.353587718,1059.72
1.0218,1.327190299,1059.81
1.022,1.34529138,1059.9
1.0222,1.428130616,1059.99
1.0224,1.260034613,1060.08
1.0226,1.355106496,1060.17
1.0228,1.2971524,1060.26
1.023,1.266967987,1060.35
1.0232,1.267333687,1060.44
1.0234,1.260773509,1060.53
1.0236,1.338613638,1060.62
1.0238,1.266184005,1060.71
1.024,1.291665451,1060.8
1.0242,1.170350234,1060.89
1.0244,1.266691171,1060.98
1.0246,1.208537379,1061.07
1.0248,1.210546135,1061.16
1.025,1.118886129,1061.25
1.0252,1.159430015,1061.34
1.0254,1.122624942,1061.43
1.0256,1.089219085,1061.52
1.0258,1.078372885,1061.61
1.026,1.063948927,1061.7
1.0262,1.049003947,1061.79
1.0264,0.9819585115,1061.88
1.0266,1.023098376,1061.97
1.0268,0.9212876586,1062.06
1.027,0.9097043676,1062.15
1.0272,0.8603492967,1062.24
1.0274,0.7968031793,1062.33
1.0276,0.9524473343,1062.42
1.0278,0.9314895603,1062.51
1.028,0.8217758354,1062.6
1.0282,0.8032672205,1062.69
1.0284,0.7635272523,1062.78
1.0286,0.7815394117,1062.87
1.0288,0.7591994302,1062.96
1.029,0.6975519722,1063.05
1.0292,0.7202067136,1063.14
1.0294,0.6499219126,1063.23
1.0296,0.6782034621,1063.32
1.0298,0.7163169419,1063.41
1.03,0.6821887958,1063.5
1.0302,0.6482283672,1063.59
1.0304,0.6131834348,1063.68
1.0306,0.6872087757,1063.77
1.0308,0.5869345971,1063.86
1.031,0.4966955219,1063.95
1.0312,0.5570172993,1064.04
1.0314,0.4667296774,1064.13
1.0316,0.544545414,1064.22
1.0318,0.5266128726,1064.31
1.032,0.5829580659,1064.4
1.0322,0.5700082801,1064.49
1.0324,0.4936872308,1064.58
1.0326,0.4890032262,1064.67
1.0328,0.5173487391,1064.76
1.033,0.4388295771,1064.85
1.0332,0.4411800475,1064.94
1.0334,0.5227477035,1065.03
1.0336,0.41757662,1065.12
1.0338,0.4596057852,1065.21
1.034,0.5418026912,1065.3
1.0342,0.422926032,1065.39
1.0344,0.5085115168,1065.48
1.0346,0.3734422775,1065.57
1.0348,0.3854376297,1065.66
1.035,0.4686487013,1065.75
1.0352,0.4365390378,1065.84
1.0354,0.4031743314,1065.93
1.0356,0.3922306221,1066.02
1.0358,0.4319644143,1066.11
1.036,0.4569628388,1066.2
1.0362,0.3297019009,1066.29
1.0364,0.3537938663,1066.38
1.0366,0.3999017603,1066.47
1.0368,0.3427519046,1066.56
1.037,0.3848819109,1066.65
1.0372,0.3016392576,1066.74
1.0374,0.3863218148,1066.83
1.0376,0.3521421184,1066.92
1.0378,0.3240632559,1067.01
1.038,0.3183772179,1067.1
1.0382,0.3585572822,1067.19
1.0384,0.2379482986,1067.28
1.0386,0.2860159609,1067.37
1.0388,0.2289831101,1067.46
1.039,0.2166055125,1067.55
1.0392,0.2957465115,1067.64
1.0394,0.2451028292,1067.73
1.0396,0.2233374425,1067.82
1.0398,0.2300168916,1067.91
1.04,0.1677922553,1068
1.0402,0.2234310167,1068.09
1.0404,0.143949659,1068.18
1.0406,0.1719602135,1068.27
1.0408,0.1357315711,1068.36
1.041,0.1544299161,1068.45
1.0412,0.0667442875,1068.54
1.0414,0.1182222808,1068.63
1.0416,0.104411517,1068.72
1.0418,0.0615403895,1068.81
1.042,0.02102496304,1068.9
1.0422,-0.01697753486,1068.99
1.0424,-0.008065528105,1069.08
1.0426,0.007126165199,1069.17
1.0428,-0.04156476782,1069.26
1.043,-0.1041486625,1069.35
1.0432,-0.02880905634,1069.44
1.0434,-0.04945986785,1069.53
1.0436,-0.1005559963,1069.62
1.0438,-0.1518439815,1069.71
1.044,-0.1399366493,1069.8
1.0442,-0.1506179933,1069.89
1.0444,-0.1711613211,1069.98
1.0446,-0.1530065168,1070.07
1.0448,-0.252602062,1070.16
1.045,-0.1864670109,1070.25
1.0452,-0.2148683241,1070.34
1.0454,-0.1803213453,1070.43
1.0456,-0.2625058458,1070.52
1.0458,-0.2443400877,1070.61
1.046,-0.2649618705,1070.7
1.0462,-0.3427315976,1070.79
1.0464,-0.1833127201,1070.88
1.0466,-0.2959122636,1070.97
1.0468,-0.2756304438,1071.06
1.047,-0.3003718784,1071.15
1.0472,-0.3201653538,1071.24
1.0474,-0.3253272518,1071.33
1.0476,-0.4087552898,1071.42
1.0478,-0.3244173743,1071.51
1.048,-0.3687403827,1071.6
1.0482,-0.3646732991,1071.69
1.0484,-0.3173296181,1071.78
1.0486,-0.3677696314,1071.87
1.0488,-0.2974277366,1071.96
1.049,-0.3325682406,1072.05
1.0492,-0.3633973755,1072.14
1.0494,-0.3786661022,1072.23
1.0496,-0.4399685854,1072.32
1.0498,-0.3177339093,1072.41
1.05,-0.3434793193,1072.5
1.0502,-0.4239099857,1072.59
1.0504,-0.4210512675,1072.68
1.0506,-0.4903181722,1072.77
1.0508,-0.3885240593,1072.86
1.051,-0.4318668165,1072.95
1.0512,-0.4385772608,1073.04
1.0514,-0.4692142531,1073.13
1.0516,-0.4701036454,1073.22
1.0518,-0.4845468095,1073.31
1.052,-0.4981460153,1073.4
1.0522,-0.5075447754,1073.49
1.0524,-0.5201314127,1073.58
1.0526,-0.4352586951,1073.67
1.0528,-0.4235645461,1073.76
1.053,-0.607220727,1073.85
1.0532,-0.5422756287,1073.94
1.0534,-0.5771993758,1074.03
1.0536,-0.5893129172,1074.12
1.0538,-0.547869976,1074.21
1.054,-0.7220400779,1074.3
1.0542,-0.5721078784,1074.39
1.0544,-0.6961977059,1074.48
1.0546,-0.6269835891,1074.57
1.0548,-0.6678727546,1074.66
1.055,-0.6933397157,1074.75
1.0552,-0.6855037788,1074.84
1.0554,-0.7439210225,1074.93
1.0556,-0.6460565867,1075.02
1.0558,-0.8056435122,1075.11
1.056,-0.8212177216,1075.2
1.0562,-0.7824825574,1075.29
1.0564,-0.795511083,1075.38
1.0566,-0.7632060897,1075.47
1.0568,-0.843024613,1075.56
1.057,-0.9050640031,1075.65
1.0572,-0.902343894,1075.74
1.0574,-0.9323960201,1075.83
1.0576,-0.9375707591,1075.92
1.0578,-0.9243416793,1076.01
1.058,-0.9792221286,1076.1
1.0582,-1.014625952,1076.19
1.0584,-0.9845820184,1076.28
1.0586,-1.069738755,1076.37
1.0588,-1.055615465,1076.46
1.059,-1.060844965,1076.55
1.0592,-1.121293598,1076.64
1.0594,-1.072253254,1076.73
1.0596,-1.143768372,1076.82
1.0598,-1.082159674,1076.91
1.06,-1.182008101,1077
1.0602,-1.209831917,1077.09
1.0604,-1.253448069,1077.18
1.0606,-1.218650984,1077.27
1.0608,-1.211098504,1077.36
1.061,-1.311736288,1077.45
1.0612,-1.338597852,1077.54
1.0614,-1.326390638,1077.63
1.0616,-1.285290764,1077.72
1.0618,-1.294266501,1077.81
1.062,-1.338242053,1077.9
1.0622,-1.323602085,1077.99
1.0624,-1.311891354,1078.08
1.0626,-1.294975628,1078.17
1.0628,-1.36016229,1078.26
1.063,-1.383498177,1078.35
1.0632,-1.325882393,1078.44
1.0634,-1.232126145,1078.53
1.0636,-1.31531602,1078.62
1.0638,-1.30206198,1078.71
1.064,-1.268806779,1078.8
1.0642,-1.329501637,1078.89
1.0644,-1.218865264,1078.98
1.0646,-1.262504121,1079.07
1.0648,-1.283440708,1079.16
1.065,-1.197304963,1079.25
1.0652,-1.173346867,1079.34
1.0654,-1.099387122,1079.43
1.0656,-1.091040617,1079.52
1.0658,-1.100755968,1079.61
1.066,-1.015581146,1079.7
1.0662,-0.984752364,1079.79
1.0664,-0.9096775902,1079.88
1.0666,-0.9744963077,1079.97
1.0668,-0.900703461,1080.06
1.067,-0.8952852587,1080.15
1.0672,-0.814227826,1080.24
1.0674,-0.7239868328,1080.33
1.0676,-0.6949404269,1080.42
1.0678,-0.6985234096,1080.51
1.068,-0.7333657415,1080.6
1.0682,-0.6161891279,1080.69
1.0684,-0.5500864624,1080.78
1.0686,-0.4707218135,1080.87
1.0688,-0.385160561,1080.96
1.069,-0.3360662723,1081.05
1.0692,-0.3127825682,1081.14
1.0694,-0.2335918002,1081.23
1.0696,-0.2508350161,1081.32
1.0698,-0.1910956128,1081.41
1.07,-0.05087167332,1081.5
1.0702,-0.03429824635,1081.59
1.0704,0.04673320019,1081.68
1.0706,0.1002827206,1081.77
1.0708,0.1487250709,1081.86
1.071,0.1712494898,1081.95
1.0712,0.266866685,1082.04
1.0714,0.2897022893,1082.13
1.0716,0.3793169849,1082.22
1.0718,0.4388821843,1082.31
1.072,0.4468013431,1082.4
1.0722,0.5810651114,1082.49
1.0724,0.5597835526,1082.58
1.0726,0.6637738396,1082.67
1.0728,0.6117970606,1082.76
1.073,0.7383118096,1082.85
1.0732,0.7017124256,1082.94
1.0734,0.7573076222,1083.03
1.0736,0.7779596613,1083.12
1.0738,0.8681486728,1083.21
1.074,0.9217994747,1083.3
1.0742,0.9380383063,1083.39
1.0744,1.08473991,1083.48
1.0746,1.066687577,1083.57
1.0748,1.021459952,1083.66
1.075,1.094105969,1083.75
1.0752,1.113010354,1083.84
1.0754,1.160323826,1083.93
1.0756,1.17263751,1084.02
1.0758,1.138882654,1084.11
1.076,1.290942752,1084.2
1.0762,1.282187919,1084.29
1.0764,1.276274044,1084.38
1.0766,1.312490525,1084.47
1.0768,1.293906833,1084.56
1.077,1.260797909,1084.65
1.0772,1.251518816,1084.74
1.0774,1.328576393,1084.83
1.0776,1.273399961,1084.92
1.0778,1.295363501,1085.01
1.078,1.264868338,1085.1
1.0782,1.335556419,1085.19
1.0784,1.291448093,1085.28
1.0786,1.311022839,1085.37
1.0788,1.280465794,1085.46
1.079,1.242484836,1085.55
1.0792,1.299947589,1085.64
1.0794,1.264851104,1085.73
1.0796,1.223929724,1085.82
1.0798,1.274930788,1085.91
1.08,1.277854171,1086
1.0802,1.284985885,1086.09
1.0804,1.229433557,1086.18
1.0806,1.191608878,1086.27
1.0808,1.20046854,1086.36
1.081,1.112195285,1086.45
1.0812,1.121512717,1086.54
1.0814,1.10713076,1086.63
1.0816,1.015476253,1086.72
1.0818,1.083314279,1086.81
1.082,1.077538941,1086.9
1.0822,1.009861414,1086.99
1.0824,1.043002569,1087.08
1.0826,0.9361025396,1087.17
1.0828,0.9912807311,1087.26
1.083,0.9718723761,1087.35
1.0832,0.8874881631,1087.44
1.0834,0.8878337437,1087.53
1.0836,0.8451695551,1087.62
1.0838,0.797387666,1087.71
1.084,0.7658168495,1087.8
1.0842,0.7558216316,1087.89
1.0844,0.7929606521,1087.98
1.0846,0.6952734634,1088.07
1.0848,0.7338213742,1088.16
1.085,0.8190748355,1088.25
1.0852,0.7301313962,1088.34
1.0854,0.6934139303,1088.43
1.0856,0.6490311428,1088.52
1.0858,0.5595555582,1088.61
1.086,0.6671125051,1088.7
1.0862,0.6584640167,1088.79
1.0864,0.5990913286,1088.88
1.0866,0.5583061168,1088.97
1.0868,0.5766663071,1089.06
1.087,0.5333049897,1089.15
1.0872,0.590149841,1089.24
1.0874,0.5367056049,1089.33
1.0876,0.559259518,1089.42
1.0878,0.4835802234,1089.51
1.088,0.4520694345,1089.6
1.0882,0.4043466199,1089.69
1.0884,0.5026989021,1089.78
1.0886,0.4273280257,1089.87
1.0888,0.5224974543,1089.96
1.089,0.4673366723,1090.05
1.0892,0.4597607232,1090.14
1.0894,0.3786721631,1090.23
1.0896,0.4738152608,1090.32
1.0898,0.4624416338,1090.41
1.09,0.4880846854,1090.5
1.0902,0.4112001442,1090.59
1.0904,0.4296398634,1090.68
1.0906,0.4286904053,1090.77
1.0908,0.4350523564,1090.86
1.091,0.4363464019,1090.95
1.0912,0.4051613759,1091.04
1.0914,0.4069229812,1091.13
1.0916,0.4109501476,1091.22
1.0918,0.4318288113,1091.31
1.092,0.4067564369,1091.4
1.0922,0.3744285654,1091.49
1.0924,0.3471064885,1091.58
1.0926,0.3286061782,1091.67
1.0928,0.3682478296,1091.76
1.093,0.2934307501,1091.85
1.0932,0.2797158146,1091.94
1.0934,0.3096812843,1092.03
1.0936,0.2805140066,1092.12
1.0938,0.2804491677,1092.21
1.094,0.2944163432,1092.3
1.0942,0.2644297496,1092.39
1.0944,0.2694512016,1092.48
1.0946,0.2591353504,1092.57
1.0948,0.232490188,1092.66
1.095,0.1898725227,1092.75
1.0952,0.2326226049,1092.84
1.0954,0.1973571449,1092.93
1.0956,0.1600145248,1093.02
1.0958,0.1310077843,1093.11
1.096,0.1550233963,1093.2
1.0962,0.2136546439,1093.29
1.0964,0.1250200636,1093.38
1.0966,0.1406327126,1093.47
1.0968,0.07638354438,1093.56
1.097,0.04756425412,1093.65
1.0972,0.1059383752,1093.74
1.0974,0.05945980982,1093.83
1.0976,-0.01273711357,1093.92
1.0978,0.06026267063,1094.01
1.098,-0.006369309378,1094.1
1.0982,0.02528546658,1094.19
1.0984,0.01333505461,1094.28
1.0986,-0.05347405711,1094.37
1.0988,-0.09766074065,1094.46
1.099,-0.02949865944,1094.55
1.0992,-0.0126811211,1094.64
1.0994,-0.1010652626,1094.73
1.0996,-0.1871695195,1094.82
1.0998,-0.157972052,1094.91
1.1,-0.1334960775,1095
1.1002,-0.242011456,1095.09
1.1004,-0.2133298051,1095.18
1.1006,-0.2322512933,1095.27
1.1008,-0.2300689202,1095.36
1.101,-0.1427406003,1095.45
1.1012,-0.2288472777,1095.54
1.1014,-0.1818637508,1095.63
1.1016,-0.2498421059,1095.72
1.1018,-0.2682714606,1095.81
1.102,-0.2862215272,1095.9
1.1022,-0.2894768657,1095.99
1.1024,-0.2453694502,1096.08
1.1026,-0.2706763198,1096.17
1.1028,-0.2906056668,1096.26
1.103,-0.2896690121,1096.35
1.1032,-0.381990061,1096.44
1.1034,-0.3719320192,1096.53
1.1036,-0.4097538596,1096.62
1.1038,-0.3879439082,1096.71
1.104,-0.3267661166,1096.8
1.1042,-0.4131748966,1096.89
1.1044,-0.4193217047,1096.98
1.1046,-0.4130926408,1097.07
1.1048,-0.4484530533,1097.16
1.105,-0.400459734,1097.25
1.1052,-0.3844359128,1097.34
1.1054,-0.3659185455,1097.43
1.1056,-0.4146175329,1097.52
1.1058,-0.4054724754,1097.61
1.106,-0.3930851965,1097.7
1.1062,-0.4632018853,1097.79
1.1064,-0.4704746406,1097.88
1.1066,-0.4409959828,1097.97
1.1068,-0.4585273477,1098.06
1.107,-0.4782069842,1098.15
1.1072,-0.4798549202,1098.24
1.1074,-0.5092510617,1098.33
1.1076,-0.5368125039,1098.42
1.1078,-0.4978911412,1098.51
1.108,-0.5362013281,1098.6
1.1082,-0.5583760218,1098.69
1.1084,-0.508551204,1098.78
1.1086,-0.5424902185,1098.87
1.1088,-0.5160207753,1098.96
1.109,-0.5969342686,1099.05
1.1092,-0.5418747848,1099.14
1.1094,-0.5242002179,1099.23
1.1096,-0.6328883072,1099.32
1.1098,-0.6516339201,1099.41
1.11,-0.6783324128,1099.5
1.1102,-0.6925113153,1099.59
1.1104,-0.6898694783,1099.68
1.1106,-0.6881159959,1099.77
1.1108,-0.736731845,1099.86
1.111,-0.7173464081,1099.95
1.1112,-0.7960038174,1100.04
1.1114,-0.7885256722,1100.13
1.1116,-0.7609474291,1100.22
1.1118,-0.7688784988,1100.31
1.112,-0.7729017936,1100.4
1.1122,-0.8008932706,1100.49
1.1124,-0.8378369641,1100.58
1.1126,-0.9675608639,1100.67
1.1128,-0.9534429961,1100.76
1.113,-0.9703699079,1100.85
1.1132,-0.9744117468,1100.94
1.1134,-0.9792184454,1101.03
1.1136,-0.9606036699,1101.12
1.1138,-1.058184582,1101.21
1.114,-1.163105969,1101.3
1.1142,-1.134258462,1101.39
1.1144,-1.089772313,1101.48
1.1146,-1.099332644,1101.57
1.1148,-1.185386722,1101.66
1.115,-1.126918231,1101.75
1.1152,-1.171751054,1101.84
1.1154,-1.144455333,1101.93
1.1156,-1.314450015,1102.02
1.1158,-1.224652972,1102.11
1.116,-1.250283735,1102.2
1.1162,-1.254033237,1102.29
1.1164,-1.284369025,1102.38
1.1166,-1.308322513,1102.47
1.1168,-1.301982614,1102.56
1.117,-1.346239817,1102.65
1.1172,-1.392497797,1102.74
1.1174,-1.281653825,1102.83
1.1176,-1.329313178,1102.92
1.1178,-1.347027404,1103.01
1.118,-1.257809068,1103.1
1.1182,-1.313644216,1103.19
1.1184,-1.304734165,1103.28
1.1186,-1.266964503,1103.37
1.1188,-1.296038097,1103.46
1.119,-1.263375567,1103.55
1.1192,-1.289074244,1103.64
1.1194,-1.198914179,1103.73
1.1196,-1.220731781,1103.82
1.1198,-1.138172055,1103.91
1.12,-1.15567368,1104
1.1202,-1.108097674,1104.09
1.1204,-1.146420556,1104.18
1.1206,-1.123295623,1104.27
1.1208,-1.036431809,1104.36
1.121,-1.004654573,1104.45
1.1212,-1.01287655,1104.54
1.1214,-0.9425088249,1104.63
1.1216,-0.9366001217,1104.72
1.1218,-0.8688067622,1104.81
1.122,-0.8744982763,1104.9
1.1222,-0.7723298723,1104.99
1.1224,-0.7735247467,1105.08
1.1226,-0.6900089509,1105.17
1.1228,-0.6739226614,1105.26
1.123,-0.6095613253,1105.35
1.1232,-0.5564836048,1105.44
1.1234,-0.4996372264,1105.53
1.1236,-0.4051435421,1105.62
1.1238,-0.332005274,1105.71
1.124,-0.3248312138,1105.8
1.1242,-0.3342795061,1105.89
1.1244,-0.2324790974,1105.98
1.1246,-0.2144745447,1106.07
1.1248,-0.06522167138,1106.16
1.125,-0.05864459684,1106.25
1.1252,-0.00977717893,1106.34
1.1254,0.07075548736,1106.43
1.1256,0.09728967116,1106.52
1.1258,0.1963802184,1106.61
1.126,0.2415307439,1106.7
1.1262,0.2366694426,1106.79
1.1264,0.369007533,1106.88
1.1266,0.3772100275,1106.97
1.1268,0.4828418024,1107.06
1.127,0.4258661595,1107.15
1.1272,0.623487267,1107.24
1.1274,0.5935731745,1107.33
1.1276,0.6474955771,1107.42
1.1278,0.7533263377,1107.51
1.128,0.7270242111,1107.6
1.1282,0.8379738394,1107.69
1.1284,0.7825293284,1107.78
1.1286,0.9425930885,1107.87
1.1288,0.9877513196,1107.96
1.129,0.9958702602,1108.05
1.1292,0.9478113205,1108.14
1.1294,1.057242026,1108.23
1.1296,1.083251676,1108.32
1.1298,1.086969805,1108.41
1.13,1.098933781,1108.5
1.1302,1.142481839,1108.59
1.1304,1.157870933,1108.68
1.1306,1.20579973,1108.77
1.1308,1.261816868,1108.86
1.131,1.239337448,1108.95
1.1312,1.282039375,1109.04
1.1314,1.276310335,1109.13
1.1316,1.265626716,1109.22
1.1318,1.303277949,1109.31
1.132,1.296504785,1109.4
1.1322,1.327686692,1109.49
1.1324,1.38029817,1109.58
1.1326,1.244563589,1109.67
1.1328,1.322843667,1109.76
1.133,1.236881678,1109.85
1.1332,1.296932776,1109.94
1.1334,1.244493556,1110.03
1.1336,1.308549652,1110.12
1.1338,1.347237606,1110.21
1.134,1.244983017,1110.3
1.1342,1.270067591,1110.39
1.1344,1.209702858,1110.48
1.1346,1.23791754,1110.57
1.1348,1.267636523,1110.66
1.135,1.160257498,1110.75
1.1352,1.158539499,1110.84
1.1354,1.103881957,1110.93
1.1356,1.153535508,1111.02
1.1358,1.140506308,1111.11
1.136,1.083493334,1111.2
1.1362,1.104453573,1111.29
1.1364,0.9952063155,1111.38
1.1366,1.04933743,1111.47
1.1368,1.006254874,1111.56
1.137,0.9324660101,1111.65
1.1372,0.9078866607,1111.74
1.1374,0.9090734937,1111.83
1.1376,0.9461918157,1111.92
1.1378,0.9395537861,1112.01
1.138,0.8902121815,1112.1
1.1382,0.9018103286,1112.19
1.1384,0.8338582111,1112.28
1.1386,0.7810611953,1112.37
1.1388,0.8395346993,1112.46
1.139,0.7868371612,1112.55
1.1392,0.7043274269,1112.64
1.1394,0.713121875,1112.73
1.1396,0.7422605663,1112.82
1.1398,0.7304338741,1112.91
1.14,0.6885638292,1113
1.1402,0.6206658524,1113.09
1.1404,0.6455920471,1113.18
1.1406,0.6902937718,1113.27
1.1408,0.6395795279,1113.36
1.141,0.6451265142,1113.45
1.1412,0.544923023,1113.54
1.1414,0.5546853125,1113.63
1.1416,0.5719173921,1113.72
1.1418,0.5578759553,1113.81
1.142,0.5285134293,1113.9
1.1422,0.4589259317,1113.99
1.1424,0.5259873662,1114.08
1.1426,0.5114338298,1114.17
1.1428,0.4707903252,1114.26
1.143,0.5212824801,1114.35
1.1432,0.5719714275,1114.44
1.1434,0.4758290685,1114.53
1.1436,0.4599137655,1114.62
1.1438,0.4932102227,1114.71
1.144,0.5314100307,1114.8
1.1442,0.4493196782,1114.89
1.1444,0.4320629235,1114.98
1.1446,0.417401393,1115.07
1.1448,0.5043067563,1115.16
1.145,0.4521649095,1115.25
1.1452,0.4459829018,1115.34
1.1454,0.4089135888,1115.43
1.1456,0.3820772177,1115.52
1.1458,0.3714930456,1115.61
1.146,0.4293848112,1115.7
1.1462,0.4466321626,1115.79
1.1464,0.3419118893,1115.88
1.1466,0.4098569972,1115.97
1.1468,0.2889505988,1116.06
1.147,0.2606581944,1116.15
1.1472,0.3285785502,1116.24
1.1474,0.3449764898,1116.33
1.1476,0.3547877045,1116.42
1.1478,0.2927935239,1116.51
1.148,0.2693723294,1116.6
1.1482,0.3359490073,1116.69
1.1484,0.1722392344,1116.78
1.1486,0.2906981627,1116.87
1.1488,0.2635217669,1116.96
1.149,0.1952048855,1117.05
1.1492,0.2056321877,1117.14
1.1494,0.2790493223,1117.23
1.1496,0.09125141772,1117.32
1.1498,0.1677963445,1117.41
1.15,0.1154502866,1117.5
1.1502,0.1543529974,1117.59
1.1504,0.1476641638,1117.68
1.1506,0.1324849707,1117.77
1.1508,0.1322420298,1117.86
1.151,0.1258611277,1117.95
1.1512,0.09630270676,1118.04
1.1514,0.01370542912,1118.13
1.1516,0.01590625071,1118.22
1.1518,0.06902212778,1118.31
1.152,-0.0009178754069,1118.4
1.1522,0.02873029566,1118.49
1.1524,0.02432539014,1118.58
1.1526,-0.1470952343,1118.67
1.1528,0.02919897302,1118.76
1.153,-0.03724535225,1118.85
1.1532,-0.05542131119,1118.94
1.1534,-0.05743863434,1119.03
1.1536,-0.08020373051,1119.12
1.1538,-0.08615210387,1119.21
1.154,-0.1684491571,1119.3
1.1542,-0.1588146183,1119.39
1.1544,-0.1888902764,1119.48
1.1546,-0.1941699247,1119.57
1.1548,-0.1901670545,1119.66
1.155,-0.2074347435,1119.75
1.1552,-0.2364856022,1119.84
1.1554,-0.2623804362,1119.93
1.1556,-0.2848143509,1120.02
1.1558,-0.2724937163,1120.11
1.156,-0.3097841612,1120.2
1.1562,-0.315629222,1120.29
1.1564,-0.2684802371,1120.38
1.1566,-0.2723983754,1120.47
1.1568,-0.3350836381,1120.56
1.157,-0.3540172084,1120.65
1.1572,-0.4167535888,1120.74
1.1574,-0.3565782177,1120.83
1.1576,-0.3464524655,1120.92
1.1578,-0.3738684238,1121.01
1.158,-0.382884799,1121.1
1.1582,-0.3382676822,1121.19
1.1584,-0.356470475,1121.28
1.1586,-0.4090801157,1121.37
1.1588,-0.3268842157,1121.46
1.159,-0.3496637322,1121.55
1.1592,-0.3200051684,1121.64
1.1594,-0.4088066815,1121.73
1.1596,-0.439563321,1121.82
1.1598,-0.4293699589,1121.91
1.16,-0.4352802621,1122
1.1602,-0.474322659,1122.09
1.1604,-0.411269739,1122.18
1.1606,-0.4806562043,1122.27
1.1608,-0.5460620368,1122.36
1.161,-0.4450345331,1122.45
1.1612,-0.481774366,1122.54
1.1614,-0.4685728298,1122.63
1.1616,-0.5170046524,1122.72
1.1618,-0.5864815221,1122.81
1.162,-0.4468508744,1122.9
1.1622,-0.4996190675,1122.99
1.1624,-0.5391558082,1123.08
1.1626,-0.535890736,1123.17
1.1628,-0.5045015246,1123.26
1.163,-0.5569705563,1123.35
1.1632,-0.5929375372,1123.44
1.1634,-0.6006583053,1123.53
1.1636,-0.6680194916,1123.62
1.1638,-0.619831424,1123.71
1.164,-0.6513036604,1123.8
1.1642,-0.6411085429,1123.89
1.1644,-0.7074672062,1123.98
1.1646,-0.7235363321,1124.07
1.1648,-0.7898493646,1124.16
1.165,-0.7530147469,1124.25
1.1652,-0.769933357,1124.34
1.1654,-0.7987609546,1124.43
1.1656,-0.7567125717,1124.52
1.1658,-0.7909336869,1124.61
1.166,-0.8419976602,1124.7
1.1662,-0.9043780224,1124.79
1.1664,-0.8822850375,1124.88
1.1666,-0.7656140414,1124.97
1.1668,-0.9466460465,1125.06
1.167,-0.965799415,1125.15
1.1672,-0.9525364809,1125.24
1.1674,-1.039979109,1125.33
1.1676,-1.00718454,1125.42
1.1678,-1.103508231,1125.51
1.168,-1.071201692,1125.6
1.1682,-1.085839933,1125.69
1.1684,-1.105155876,1125.78
1.1686,-1.095294335,1125.87
1.1688,-1.153645782,1125.96
1.169,-1.17911776,1126.05
1.1692,-1.15809145,1126.14
1.1694,-1.213391997,1126.23
1.1696,-1.196128287,1126.32
1.1698,-1.25929726,1126.41
1.17,-1.245729816,1126.5
1.1702,-1.279320675,1126.59
1.1704,-1.274021224,1126.68
1.1706,-1.30194346,1126.77
1.1708,-1.295070268,1126.86
1.171,-1.401947214,1126.95
1.1712,-1.256063318,1127.04
1.1714,-1.349033262,1127.13
1.1716,-1.300278335,1127.22
1.1718,-1.34363665,1127.31
1.172,-1.223046773,1127.4
1.1722,-1.256840291,1127.49
1.1724,-1.217697388,1127.58
1.1726,-1.298766335,1127.67
1.1728,-1.261923719,1127.76
1.173,-1.213328066,1127.85
1.1732,-1.251517163,1127.94
1.1734,-1.129298652,1128.03
1.1736,-1.163074604,1128.12
1.1738,-1.147169819,1128.21
1.174,-1.150943724,1128.3
1.1742,-1.068247075,1128.39
1.1744,-1.091167376,1128.48
1.1746,-1.113965376,1128.57
1.1748,-1.025756174,1128.66
1.175,-1.030555601,1128.75
1.1752,-0.9508481098,1128.84
1.1754,-0.8935125565,1128.93
1.1756,-0.8782147789,1129.02
1.1758,-0.8355288952,1129.11
1.176,-0.8471033791,1129.2
1.1762,-0.7609289165,1129.29
1.1764,-0.6226900722,1129.38
1.1766,-0.6778730464,1129.47
1.1768,-0.6619710067,1129.56
1.177,-0.5382278008,1129.65
1.1772,-0.4219816456,1129.74
1.1774,-0.3860773438,1129.83
1.1776,-0.3630516057,1129.92
1.1778,-0.3037264624,1130.01
1.178,-0.2642900116,1130.1
1.1782,-0.1766423209,1130.19
1.1784,-0.1245080908,1130.28
1.1786,-0.07806657962,1130.37
1.1788,-0.08580351437,1130.46
1.179,0.02323319781,1130.55
1.1792,0.07478649637,1130.64
1.1794,0.1192254086,1130.73
1.1796,0.2252390759,1130.82
1.1798,0.283341204,1130.91
1.18,0.3060766459,1131
1.1802,0.4164151341,1131.09
1.1804,0.4389830672,1131.18
1.1806,0.4778742506,1131.27
1.1808,0.5838526583,1131.36
1.181,0.6306261952,1131.45
1.1812,0.7483571928,1131.54
1.1814,0.7440894483,1131.63
1.1816,0.7725079153,1131.72
1.1818,0.8094933558,1131.81
1.182,0.8227204274,1131.9
1.1822,0.8260494424,1131.99
1.1824,0.9232211709,1132.08
1.1826,0.9483610577,1132.17
1.1828,1.013862632,1132.26
1.183,1.075984784,1132.35
1.1832,1.073632517,1132.44
1.1834,1.135715416,1132.53
1.1836,1.234228461,1132.62
1.1838,1.159908927,1132.71
1.184,1.175588417,1132.8
1.1842,1.264359905,1132.89
1.1844,1.278011298,1132.98
1.1846,1.315320383,1133.07
1.1848,1.232419165,1133.16
1.185,1.216136586,1133.25
1.1852,1.34958803,1133.34
1.1854,1.350470117,1133.43
1.1856,1.308174836,1133.52
1.1858,1.214091864,1133.61
1.186,1.390271509,1133.7
1.1862,1.374290087,1133.79
1.1864,1.356774683,1133.88
1.1866,1.235726919,1133.97
1.1868,1.307407727,1134.06
1.187,1.261647937,1134.15
1.1872,1.288976844,1134.24
1.1874,1.330958269,1134.33
1.1876,1.255239911,1134.42
1.1878,1.206245586,1134.51
1.188,1.18413155,1134.6
1.1882,1.232953213,1134.69
1.1884,1.162457034,1134.78
1.1886,1.165573291,1134.87
1.1888,1.137709867,1134.96
1.189,1.106367048,1135.05
1.1892,1.089166327,1135.14
1.1894,1.04507138,1135.23
1.1896,1.134925584,1135.32
1.1898,1.074066464,1135.41
1.19,1.019864442,1135.5
1.1902,1.094575085,1135.59
1.1904,0.9939176797,1135.68
1.1906,1.003169446,1135.77
1.1908,0.9527576845,1135.86
1.191,0.9008573184,1135.95
1.1912,0.8633074057,1136.04
1.1914,0.8559826936,1136.13
1.1916,0.9054923214,1136.22
1.1918,0.7972002461,1136.31
1.192,0.8079366558,1136.4
1.1922,0.7647952812,1136.49
1.1924,0.7758459715,1136.58
1.1926,0.7497066658,1136.67
1.1928,0.6926088965,1136.76
1.193,0.7204022744,1136.85
1.1932,0.6630570632,1136.94
1.1934,0.6995035727,1137.03
1.1936,0.667943888,1137.12
1.1938,0.6386111556,1137.21
1.194,0.6333028431,1137.3
1.1942,0.6279734889,1137.39
1.1944,0.6363276595,1137.48
1.1946,0.6241343472,1137.57
1.1948,0.6096536101,1137.66
1.195,0.5780940365,1137.75
1.1952,0.540915117,1137.84
1.1954,0.5519055774,1137.93
1.1956,0.5083082671,1138.02
1.1958,0.4927415937,1138.11
1.196,0.5088936804,1138.2
1.1962,0.5117021155,1138.29
1.1964,0.446307593,1138.38
1.1966,0.5007959981,1138.47
1.1968,0.4719386397,1138.56
1.197,0.4544010527,1138.65
1.1972,0.4474690411,1138.74
1.1974,0.4477121462,1138.83
1.1976,0.494294856,1138.92
1.1978,0.3748703887,1139.01
1.198,0.451887036,1139.1
1.1982,0.3612685948,1139.19
1.1984,0.4340492803,1139.28
1.1986,0.3856647163,1139.37
1.1988,0.3385951423,1139.46
1.199,0.4355631882,1139.55
1.1992,0.3185231632,1139.64
1.1994,0.3444082865,1139.73
1.1996,0.3243663073,1139.82
1.1998,0.3494849592,1139.91
1.2,0.2979707667,1140
1.2002,0.3581508336,1140.09
1.2004,0.3805156542,1140.18
1.2006,0.3804751281,1140.27
1.2008,0.3625915377,1140.36
1.201,0.2790360922,1140.45
1.2012,0.2826411547,1140.54
1.2014,0.2955634632,1140.63
1.2016,0.2719383263,1140.72
1.2018,0.2417544589,1140.81
1.202,0.153302235,1140.9
1.2022,0.2115570566,1140.99
1.2024,0.2390961328,1141.08
1.2026,0.2041830012,1141.17
1.2028,0.2880023713,1141.26
1.203,0.04427794624,1141.35
1.2032,0.09811881629,1141.44
1.2034,0.09347635039,1141.53
1.2036,0.1692588899,1141.62
1.2038,0.1754499175,1141.71
1.204,0.06040530626,1141.8
1.2042,0.08752519344,1141.89
1.2044,0.0943012503,1141.98
1.2046,0.06627943392,1142.07
1.2048,0.04585093943,1142.16
1.205,-0.009922513282,1142.25
1.2052,-0.03691074862,1142.34
1.2054,-0.07209539244,1142.43
1.2056,-0.08239332512,1142.52
1.2058,-0.02045333693,1142.61
1.206,-0.07406110252,1142.7
1.2062,-0.09644540165,1142.79
1.2064,-0.1400864342,1142.88
1.2066,-0.109148494,1142.97
1.2068,-0.086548046,1143.06
1.207,-0.1907770972,1143.15
1.2072,-0.09980256545,1143.24
1.2074,-0.1532136105,1143.33
1.2076,-0.29573682,1143.42
1.2078,-0.1940366054,1143.51
1.208,-0.2042678231,1143.6
1.2082,-0.172929625,1143.69
1.2084,-0.2483768904,1143.78
1.2086,-0.3526336882,1143.87
1.2088,-0.3372624872,1143.96
1.209,-0.341005918,1144.05
1.2092,-0.2701453466,1144.14
1.2094,-0.3429070468,1144.23
1.2096,-0.3642938555,1144.32
1.2098,-0.30752114,1144.41
1.21,-0.2976708874,1144.5
1.2102,-0.4023611575,1144.59
1.2104,-0.3469525119,1144.68
1.2106,-0.3116360528,1144.77
1.2108,-0.3360953997,1144.86
1.211,-0.3130990489,1144.95
1.2112,-0.3232634045,1145.04
1.2114,-0.35207426,1145.13
1.2116,-0.4141492367,1145.22
1.2118,-0.310448683,1145.31
1.212,-0.3739765824,1145.4
1.2122,-0.4100362682,1145.49
1.2124,-0.4318521849,1145.58
1.2126,-0.4003863997,1145.67
1.2128,-0.4517552293,1145.76
1.213,-0.4401064632,1145.85
1.2132,-0.3965265815,1145.94
1.2134,-0.4314736289,1146.03
1.2136,-0.5072289907,1146.12
1.2138,-0.4581333461,1146.21
1.214,-0.4910240566,1146.3
1.2142,-0.5187767206,1146.39
1.2144,-0.5339837347,1146.48
1.2146,-0.5396918727,1146.57
1.2148,-0.506347243,1146.66
1.215,-0.4732490215,1146.75
1.2152,-0.5431666008,1146.84
1.2154,-0.4887477911,1146.93
1.2156,-0.5936542879,1147.02
1.2158,-0.5812511749,1147.11
1.216,-0.5231562816,1147.2
1.2162,-0.5933173442,1147.29
1.2164,-0.6033021868,1147.38
1.2166,-0.6175179143,1147.47
1.2168,-0.6702520212,1147.56
1.217,-0.5700908786,1147.65
1.2172,-0.6817738576,1147.74
1.2174,-0.6646185393,1147.83
1.2176,-0.6993109958,1147.92
1.2178,-0.6990972887,1148.01
1.218,-0.6981333957,1148.1
1.2182,-0.8775892247,1148.19
1.2184,-0.8636933639,1148.28
1.2186,-0.91346087,1148.37
1.2188,-0.8835879485,1148.46
1.219,-0.8796901705,1148.55
1.2192,-0.8832588107,1148.64
1.2194,-0.9400920668,1148.73
1.2196,-0.9182024776,1148.82
1.2198,-0.9353788151,1148.91
1.22,-0.9836056714,1149
1.2202,-1.057889256,1149.09
1.2204,-1.058533891,1149.18
1.2206,-1.064877953,1149.27
1.2208,-1.049112407,1149.36
1.221,-1.107695666,1149.45
1.2212,-1.108825421,1149.54
1.2214,-1.212291004,1149.63
1.2216,-1.280452397,1149.72
1.2218,-1.178054318,1149.81
1.222,-1.196514697,1149.9
1.2222,-1.258423752,1149.99
1.2224,-1.252366049,1150.08
1.2226,-1.226144933,1150.17
1.2228,-1.238122753,1150.26
1.223,-1.222358673,1150.35
1.2232,-1.253798738,1150.44
1.2234,-1.30421699,1150.53
1.2236,-1.278055086,1150.62
1.2238,-1.21929967,1150.71
1.224,-1.238974742,1150.8
1.2242,-1.344079309,1150.89
1.2244,-1.294219722,1150.98
1.2246,-1.244876486,1151.07
1.2248,-1.294764018,1151.16
1.225,-1.268713409,1151.25
1.2252,-1.231621748,1151.34
1.2254,-1.261534423,1151.43
1.2256,-1.240444423,1151.52
1.2258,-1.258427246,1151.61
1.226,-1.264506946,1151.7
1.2262,-1.223661146,1151.79
1.2264,-1.152841069,1151.88
1.2266,-1.162805015,1151.97
1.2268,-1.122111662,1152.06
1.227,-1.011255982,1152.15
1.2272,-1.096654626,1152.24
1.2274,-0.9914587612,1152.33
1.2276,-1.014991518,1152.42
1.2278,-0.9300750543,1152.51
1.228,-0.8782725574,1152.6
1.2282,-0.8175586742,1152.69
1.2284,-0.8572247448,1152.78
1.2286,-0.7934456852,1152.87
1.2288,-0.7246988935,1152.96
1.229,-0.6841096539,1153.05
1.2292,-0.7425414196,1153.14
1.2294,-0.5594410862,1153.23
1.2296,-0.5713643045,1153.32
1.2298,-0.4670109086,1153.41
1.23,-0.463558704,1153.5
1.2302,-0.3421570435,1153.59
1.2304,-0.2963831298,1153.68
1.2306,-0.1286148917,1153.77
1.2308,-0.1475672348,1153.86
1.231,-0.1306283455,1153.95
1.2312,-0.02254242298,1154.04
1.2314,-0.05968705537,1154.13
1.2316,0.1053390031,1154.22
1.2318,0.1721640021,1154.31
1.232,0.167621487,1154.4
1.2322,0.2353870155,1154.49
1.2324,0.2314735284,1154.58
1.2326,0.3782501974,1154.67
1.2328,0.4547128177,1154.76
1.233,0.424415655,1154.85
1.2332,0.5598577675,1154.94
1.2334,0.5432328646,1155.03
1.2336,0.7024286326,1155.12
1.2338,0.6019098807,1155.21
1.234,0.73090981,1155.3
1.2342,0.8284905707,1155.39
1.2344,0.7859761109,1155.48
1.2346,0.8512516484,1155.57
1.2348,0.9249297733,1155.66
1.235,0.9580520229,1155.75
1.2352,0.9709682208,1155.84
1.2354,1.007857026,1155.93
1.2356,1.055642091,1156.02
1.2358,1.090550016,1156.11
1.236,1.113592862,1156.2
1.2362,1.197424646,1156.29
1.2364,1.193611602,1156.38
1.2366,1.227704127,1156.47
1.2368,1.251975287,1156.56
1.237,1.193960946,1156.65
1.2372,1.216979464,1156.74
1.2374,1.355662194,1156.83
1.2376,1.200942052,1156.92
1.2378,1.266679709,1157.01
1.238,1.328048236,1157.1
1.2382,1.29802976,1157.19
1.2384,1.295382025,1157.28
1.2386,1.377142613,1157.37
1.2388,1.262031221,1157.46
1.239,1.349166342,1157.55
1.2392,1.235854737,1157.64
1.2394,1.222500829,1157.73
1.2396,1.267153328,1157.82
1.2398,1.280363144,1157.91
1.24,1.354494339,1158
1.2402,1.260286809,1158.09
1.2404,1.238836249,1158.18
1.2406,1.242527406,1158.27
1.2408,1.195328427,1158.36
1.241,1.149197129,1158.45
1.2412,1.136253746,1158.54
1.2414,1.161317454,1158.63
1.2416,1.098054317,1158.72
1.2418,1.030800395,1158.81
1.242,1.043320483,1158.9
1.2422,0.9775354266,1158.99
1.2424,1.082930383,1159.08
1.2426,0.9312881676,1159.17
1.2428,1.003678641,1159.26
1.243,0.9432208681,1159.35
1.2432,0.9837821682,1159.44
1.2434,0.9820628811,1159.53
1.2436,0.8699951941,1159.62
1.2438,0.8887360138,1159.71
1.244,0.8480899308,1159.8
1.2442,0.7527070577,1159.89
1.2444,0.8567521166,1159.98
1.2446,0.8061439385,1160.07
1.2448,0.7770371163,1160.16
1.245,0.7648257747,1160.25
1.2452,0.7260282637,1160.34
1.2454,0.6642668875,1160.43
1.2456,0.6878219836,1160.52
1.2458,0.6085777605,1160.61
1.246,0.7311411749,1160.7
1.2462,0.573446787,1160.79
1.2464,0.6517943729,1160.88
1.2466,0.5670980323,1160.97
1.2468,0.583700273,1161.06
1.247,0.5878155712,1161.15
1.2472,0.5127058422,1161.24
1.2474,0.5443447526,1161.33
1.2476,0.413598419,1161.42
1.2478,0.5234372642,1161.51
1.248,0.5606191636,1161.6
1.2482,0.4867280856,1161.69
1.2484,0.4546747838,1161.78
1.2486,0.4452903329,1161.87
1.2488,0.3649374901,1161.96
1.249,0.4038435213,1162.05
1.2492,0.4690214327,1162.14
1.2494,0.5208184156,1162.23
1.2496,0.4702345722,1162.32
1.2498,0.4318076831,1162.41
1.25,0.423379045,1162.5
1.2502,0.4386304731,1162.59
1.2504,0.4845625902,1162.68
1.2506,0.3986541373,1162.77
1.2508,0.400104026,1162.86
1.251,0.4083479284,1162.95
1.2512,0.4088419918,1163.04
1.2514,0.3880102084,1163.13
1.2516,0.3131378365,1163.22
1.2518,0.2913119027,1163.31
1.252,0.3520340829,1163.4
1.2522,0.3794337078,1163.49
1.2524,0.4167969743,1163.58
1.2526,0.3438400273,1163.67
1.2528,0.2697787451,1163.76
1.253,0.291257021,1163.85
1.2532,0.2324476597,1163.94
1.2534,0.27809933,1164.03
1.2536,0.3208063532,1164.12
1.2538,0.2690373045,1164.21
1.254,0.339381642,1164.3
1.2542,0.2280647998,1164.39
1.2544,0.228221971,1164.48
1.2546,0.2246168082,1164.57
1.2548,0.2151896786,1164.66
1.255,0.1891784557,1164.75
1.2552,0.1800484112,1164.84
1.2554,0.1892793876,1164.93
1.2556,0.1145610866,1165.02
1.2558,0.1218638923,1165.11
1.256,0.1216606506,1165.2
1.2562,0.07405236462,1165.29
1.2564,0.0290921206,1165.38
1.2566,0.06975972181,1165.47
1.2568,0.05293048064,1165.56
1.257,-0.009673178561,1165.65
1.2572,-0.03583066659,1165.74
1.2574,-0.1025092176,1165.83
1.2576,-0.08311097703,1165.92
1.2578,-0.03827693376,1166.01
1.258,-0.158302825,1166.1
1.2582,-0.09294097148,1166.19
1.2584,-0.09426713299,1166.28
1.2586,-0.1365137489,1166.37
1.2588,-0.1610317313,1166.46
1.259,-0.1070183345,1166.55
1.2592,-0.1435944768,1166.64
1.2594,-0.2213512498,1166.73
1.2596,-0.1509359993,1166.82
1.2598,-0.135328947,1166.91
1.26,-0.2558505083,1167
1.2602,-0.2759537257,1167.09
1.2604,-0.2705093501,1167.18
1.2606,-0.2442318268,1167.27
1.2608,-0.2728862164,1167.36
1.261,-0.2962085066,1167.45
1.2612,-0.3398318136,1167.54
1.2614,-0.2737944117,1167.63
1.2616,-0.3154812627,1167.72
1.2618,-0.3199797424,1167.81
1.262,-0.3344116738,1167.9
1.2622,-0.3300176809,1167.99
1.2624,-0.414584432,1168.08
1.2626,-0.3806609419,1168.17
1.2628,-0.3647405082,1168.26
1.263,-0.3616600084,1168.35
1.2632,-0.3625787684,1168.44
1.2634,-0.3503802079,1168.53
1.2636,-0.398222287,1168.62
1.2638,-0.3703390089,1168.71
1.264,-0.3826861403,1168.8
1.2642,-0.4026202619,1168.89
1.2644,-0.4302174482,1168.98
1.2646,-0.4431350197,1169.07
1.2648,-0.4363768373,1169.16
1.265,-0.412815529,1169.25
1.2652,-0.4829664582,1169.34
1.2654,-0.492595968,1169.43
1.2656,-0.4482327166,1169.52
1.2658,-0.4659794473,1169.61
1.266,-0.443926384,1169.7
1.2662,-0.4433766331,1169.79
1.2664,-0.4841448119,1169.88
1.2666,-0.5757862931,1169.97
1.2668,-0.4823830362,1170.06
1.267,-0.5174658238,1170.15
1.2672,-0.5162298526,1170.24
1.2674,-0.5383972042,1170.33
1.2676,-0.5729489542,1170.42
1.2678,-0.5692694671,1170.51
1.268,-0.6520133846,1170.6
1.2682,-0.6629951409,1170.69
1.2684,-0.6342996206,1170.78
1.2686,-0.5916085706,1170.87
1.2688,-0.658386123,1170.96
1.269,-0.6365193874,1171.05
1.2692,-0.7071267167,1171.14
1.2694,-0.7197993458,1171.23
1.2696,-0.7078829145,1171.32
1.2698,-0.7311422918,1171.41
1.27,-0.7859641201,1171.5
1.2702,-0.8222792276,1171.59
1.2704,-0.7975974783,1171.68
1.2706,-0.8440622209,1171.77
1.2708,-0.8961014063,1171.86
1.271,-0.9113572711,1171.95
1.2712,-0.9645315469,1172.04
1.2714,-0.9447798788,1172.13
1.2716,-0.9413429416,1172.22
1.2718,-1.089097772,1172.31
1.272,-1.03723314,1172.4
1.2722,-1.096843482,1172.49
1.2724,-1.086661971,1172.58
1.2726,-1.112149241,1172.67
1.2728,-1.161013624,1172.76
1.273,-1.131100041,1172.85
1.2732,-1.209181841,1172.94
1.2734,-1.21332302,1173.03
1.2736,-1.252629541,1173.12
1.2738,-1.244361662,1173.21
1.274,-1.210451398,1173.3
1.2742,-1.261266544,1173.39
1.2744,-1.208492275,1173.48
1.2746,-1.281095265,1173.57
1.2748,-1.308076811,1173.66
1.275,-1.245729057,1173.75
1.2752,-1.284140091,1173.84
1.2754,-1.271928854,1173.93
1.2756,-1.288816481,1174.02
1.2758,-1.251261832,1174.11
1.276,-1.272113842,1174.2
1.2762,-1.255615249,1174.29
1.2764,-1.33512564,1174.38
1.2766,-1.269051199,1174.47
1.2768,-1.248540457,1174.56
1.277,-1.270262493,1174.65
1.2772,-1.208437179,1174.74
1.2774,-1.235093936,1174.83
1.2776,-1.229489627,1174.92
1.2778,-1.178905066,1175.01
1.278,-1.224237143,1175.1
1.2782,-1.20956397,1175.19
1.2784,-1.128731181,1175.28
1.2786,-1.179755654,1175.37
1.2788,-1.014567141,1175.46
1.279,-1.042812022,1175.55
1.2792,-0.9201122832,1175.64
1.2794,-0.9353803284,1175.73
1.2796,-0.9265753406,1175.82
1.2798,-0.8772494505,1175.91
1.28,-0.7854220621,1176
1.2802,-0.7226690772,1176.09
1.2804,-0.7175894702,1176.18
1.2806,-0.7106228391,1176.27
1.2808,-0.5975774373,1176.36
1.281,-0.5282494497,1176.45
1.2812,-0.4661883399,1176.54
1.2814,-0.4877411353,1176.63
1.2816,-0.4018447253,1176.72
1.2818,-0.2933895266,1176.81
1.282,-0.1870117336,1176.9
1.2822,-0.1994469682,1176.99
1.2824,-0.1849229542,1177.08
1.2826,-0.05490474418,1177.17
1.2828,-0.1406509073,1177.26
1.283,0.05066905155,1177.35
1.2832,0.08739756473,1177.44
1.2834,0.2365301682,1177.53
1.2836,0.2107250492,1177.62
1.2838,0.2411279181,1177.71
1.284,0.4509221297,1177.8
1.2842,0.4228424291,1177.89
1.2844,0.4672348255,1177.98
1.2846,0.4975969538,1178.07
1.2848,0.5414416536,1178.16
1.285,0.5630347884,1178.25
1.2852,0.7083289684,1178.34
1.2854,0.7018228523,1178.43
1.2856,0.8159440365,1178.52
1.2858,0.8499883436,1178.61
1.286,0.9145136112,1178.7
1.2862,0.9086062085,1178.79
1.2864,0.96771853,1178.88
1.2866,0.9785643986,1178.97
1.2868,1.028278881,1179.06
1.287,1.037951101,1179.15
1.2872,1.014514654,1179.24
1.2874,1.144771578,1179.33
1.2876,1.113976027,1179.42
1.2878,1.281340739,1179.51
1.288,1.211998559,1179.6
1.2882,1.166955172,1179.69
1.2884,1.241197964,1179.78
1.2886,1.290107012,1179.87
1.2888,1.296844756,1179.96
1.289,1.259738744,1180.05
1.2892,1.309398944,1180.14
1.2894,1.31195043,1180.23
1.2896,1.291420359,1180.32
1.2898,1.300808422,1180.41
1.29,1.319357911,1180.5
1.2902,1.307114243,1180.59
1.2904,1.323084744,1180.68
1.2906,1.333737127,1180.77
1.2908,1.339297672,1180.86
1.291,1.234041517,1180.95
1.2912,1.249654159,1181.04
1.2914,1.265055899,1181.13
1.2916,1.249086163,1181.22
1.2918,1.19574794,1181.31
1.292,1.199392076,1181.4
1.2922,1.1826381,1181.49
1.2924,1.172733084,1181.58
1.2926,1.169746499,1181.67
1.2928,1.104981291,1181.76
1.293,1.030939133,1181.85
1.2932,1.065240268,1181.94
1.2934,1.046977988,1182.03
1.2936,1.024776837,1182.12
1.2938,1.046234049,1182.21
1.294,0.9449067256,1182.3
1.2942,0.9826973046,1182.39
1.2944,1.005191659,1182.48
1.2946,0.8670431461,1182.57
1.2948,0.8819769227,1182.66
1.295,0.8645463951,1182.75
1.2952,0.8691747858,1182.84
1.2954,0.8423321573,1182.93
1.2956,0.775254951,1183.02
1.2958,0.8828890601,1183.11
1.296,0.7447320229,1183.2
1.2962,0.7415529734,1183.29
1.2964,0.7344944661,1183.38
1.2966,0.7053686999,1183.47
1.2968,0.6757653106,1183.56
1.297,0.6350427544,1183.65
1.2972,0.6250802577,1183.74
1.2974,0.6142690355,1183.83
1.2976,0.6596104993,1183.92
1.2978,0.5342468136,1184.01
1.298,0.5586814862,1184.1
1.2982,0.5472903512,1184.19
1.2984,0.5176861456,1184.28
1.2986,0.5717203315,1184.37
1.2988,0.5155345484,1184.46
1.299,0.4917585836,1184.55
1.2992,0.4810619415,1184.64
1.2994,0.5297247754,1184.73
1.2996,0.5049091964,1184.82
1.2998,0.4551439486,1184.91
1.3,0.482018378,1185
1.3002,0.4637933257,1185.09
1.3004,0.5102393611,1185.18
1.3006,0.401775577,1185.27
1.3008,0.3609364319,1185.36
1.301,0.4122865041,1185.45
1.3012,0.3949423327,1185.54
1.3014,0.3815885178,1185.63
1.3016,0.4062416272,1185.72
1.3018,0.4133100386,1185.81
1.302,0.403590244,1185.9
1.3022,0.3944290528,1185.99
1.3024,0.3505522782,1186.08
1.3026,0.4398325093,1186.17
1.3028,0.3482675832,1186.26
1.303,0.3157555567,1186.35
1.3032,0.3483187739,1186.44
1.3034,0.3583304072,1186.53
1.3036,0.2599464733,1186.62
1.3038,0.3490337481,1186.71
1.304,0.3243169105,1186.8
1.3042,0.3047764615,1186.89
1.3044,0.2858455255,1186.98
1.3046,0.3451124007,1187.07
1.3048,0.3420420743,1187.16
1.305,0.2053093068,1187.25
1.3052,0.2236843545,1187.34
1.3054,0.201889375,1187.43
1.3056,0.2063115994,1187.52
1.3058,0.1586289328,1187.61
1.306,0.1340932955,1187.7
1.3062,0.1508652729,1187.79
1.3064,0.1370419241,1187.88
1.3066,0.1714861076,1187.97
1.3068,0.153895898,1188.06
1.307,0.1289695932,1188.15
1.3072,0.106301503,1188.24
1.3074,0.1337098211,1188.33
1.3076,0.02167410731,1188.42
1.3078,0.02399334645,1188.51
1.308,0.04562931579,1188.6
1.3082,-0.03354629016,1188.69
1.3084,0.0108032735,1188.78
1.3086,-0.06531153749,1188.87
1.3088,-0.0647941217,1188.96
1.309,-0.09449425814,1189.05
1.3092,-0.05610988047,1189.14
1.3094,-0.1307707237,1189.23
1.3096,-0.113891918,1189.32
1.3098,-0.1059025681,1189.41
1.31,-0.1271710976,1189.5
1.3102,-0.1651449947,1189.59
1.3104,-0.2253071424,1189.68
1.3106,-0.1738061093,1189.77
1.3108,-0.2454833827,1189.86
1.311,-0.1941462533,1189.95
1.3112,-0.2496400004,1190.04
1.3114,-0.2116399874,1190.13
1.3116,-0.2676947988,1190.22
1.3118,-0.2747717928,1190.31
1.312,-0.3295869084,1190.4
1.3122,-0.2944870912,1190.49
1.3124,-0.2643399614,1190.58
1.3126,-0.314450245,1190.67
1.3128,-0.3151865444,1190.76
1.313,-0.3746301934,1190.85
1.3132,-0.2886433539,1190.94
1.3134,-0.4025789535,1191.03
1.3136,-0.3043393921,1191.12
1.3138,-0.3885563723,1191.21
1.314,-0.4738782676,1191.3
1.3142,-0.3795486648,1191.39
1.3144,-0.4007289539,1191.48
1.3146,-0.4382839517,1191.57
1.3148,-0.4619124373,1191.66
1.315,-0.4045969705,1191.75
1.3152,-0.4233058994,1191.84
1.3154,-0.4373600335,1191.93
1.3156,-0.3838450777,1192.02
1.3158,-0.4442021805,1192.11
1.316,-0.4681591793,1192.2
1.3162,-0.521689345,1192.29
1.3164,-0.4833395275,1192.38
1.3166,-0.4542009198,1192.47
1.3168,-0.4644973798,1192.56
1.317,-0.4724697498,1192.65
1.3172,-0.5144252724,1192.74
1.3174,-0.4957172334,1192.83
1.3176,-0.6050618091,1192.92
1.3178,-0.5511663217,1193.01
1.318,-0.4571896841,1193.1
1.3182,-0.5359419577,1193.19
1.3184,-0.5701881414,1193.28
1.3186,-0.564926179,1193.37
1.3188,-0.5368492405,1193.46
1.319,-0.6229703315,1193.55
1.3192,-0.6204436113,1193.64
1.3194,-0.6208286725,1193.73
1.3196,-0.6737543924,1193.82
1.3198,-0.6623244611,1193.91
1.32,-0.7411992078,1194
1.3202,-0.6392492841,1194.09
1.3204,-0.7649704518,1194.18
1.3206,-0.7669565903,1194.27
1.3208,-0.7296944448,1194.36
1.321,-0.7286669932,1194.45
1.3212,-0.8044918175,1194.54
1.3214,-0.8481419437,1194.63
1.3216,-0.850948472,1194.72
1.3218,-1.007696117,1194.81
1.322,-0.9390505167,1194.9
1.3222,-0.9097162278,1194.99
1.3224,-0.9947352003,1195.08
1.3226,-0.9452881927,1195.17
1.3228,-0.9802269284,1195.26
1.323,-1.06137295,1195.35
1.3232,-1.06175361,1195.44
1.3234,-1.075050267,1195.53
1.3236,-1.073326196,1195.62
1.3238,-1.156157345,1195.71
1.324,-1.236081368,1195.8
1.3242,-1.182446786,1195.89
1.3244,-1.095917939,1195.98
1.3246,-1.257152344,1196.07
1.3248,-1.22721257,1196.16
1.325,-1.265471243,1196.25
1.3252,-1.249761775,1196.34
1.3254,-1.18889199,1196.43
1.3256,-1.231286919,1196.52
1.3258,-1.353377278,1196.61
1.326,-1.3041529,1196.7
1.3262,-1.302261473,1196.79
1.3264,-1.307518577,1196.88
1.3266,-1.319119413,1196.97
1.3268,-1.345419859,1197.06
1.327,-1.353334271,1197.15
1.3272,-1.299812642,1197.24
1.3274,-1.264826184,1197.33
1.3276,-1.280791027,1197.42
1.3278,-1.262489721,1197.51
1.328,-1.165775528,1197.6
1.3282,-1.228217262,1197.69
1.3284,-1.171112397,1197.78
1.3286,-1.144580783,1197.87
1.3288,-1.168895495,1197.96
1.329,-1.051843777,1198.05
1.3292,-1.134139769,1198.14
1.3294,-1.072236606,1198.23
1.3296,-1.004519463,1198.32
1.3298,-0.9243496485,1198.41
1.33,-0.8726052958,1198.5
1.3302,-0.9213244632,1198.59
1.3304,-0.8477754677,1198.68
1.3306,-0.8479843675,1198.77
1.3308,-0.7898493157,1198.86
1.331,-0.6253924372,1198.95
1.3312,-0.6174990707,1199.04
1.3314,-0.55729923,1199.13
1.3316,-0.5642200652,1199.22
1.3318,-0.4620884651,1199.31
1.332,-0.4965728371,1199.4
1.3322,-0.3424949849,1199.49
1.3324,-0.2750230204,1199.58
1.3326,-0.1572099069,1199.67
1.3328,-0.1613451124,1199.76
1.333,-0.09208247904,1199.85
1.3332,-0.009276695742,1199.94
1.3334,0.1188258112,1200.03
1.3336,0.137418009,1200.12
1.3338,0.1907649911,1200.21
1.334,0.1905911519,1200.3
1.3342,0.2763535653,1200.39
1.3344,0.3248888993,1200.48
1.3346,0.3532220179,1200.57
1.3348,0.4824033312,1200.66
1.335,0.4932164813,1200.75
1.3352,0.5858838354,1200.84
1.3354,0.5887157704,1200.93
1.3356,0.6879202603,1201.02
1.3358,0.6557559997,1201.11
1.336,0.7771797528,1201.2
1.3362,0.8859999388,1201.29
1.3364,0.8593357034,1201.38
1.3366,0.8894335519,1201.47
1.3368,0.9714547812,1201.56
1.337,0.979756805,1201.65
1.3372,1.030452887,1201.74
1.3374,1.094011022,1201.83
1.3376,1.092600096,1201.92
1.3378,1.115828469,1202.01
1.338,1.086737439,1202.1
1.3382,1.132147753,1202.19
1.3384,1.180046434,1202.28
1.3386,1.249489028,1202.37
1.3388,1.272888229,1202.46
1.339,1.281402027,1202.55
1.3392,1.265053398,1202.64
1.3394,1.298056873,1202.73
1.3396,1.30451707,1202.82
1.3398,1.369588921,1202.91
1.34,1.307515744,1203
1.3402,1.280320131,1203.09
1.3404,1.296886162,1203.18
1.3406,1.32876101,1203.27
1.3408,1.328692612,1203.36
1.341,1.26316896,1203.45
1.3412,1.312635689,1203.54
1.3414,1.252344757,1203.63
1.3416,1.333855234,1203.72
1.3418,1.244522908,1203.81
1.342,1.215119505,1203.9
1.3422,1.133392647,1203.99
1.3424,1.255392514,1204.08
1.3426,1.144510256,1204.17
1.3428,1.162866143,1204.26
1.343,1.119687147,1204.35
1.3432,1.02562636,1204.44
1.3434,1.090223655,1204.53
1.3436,1.050600702,1204.62
1.3438,1.033361494,1204.71
1.344,0.9939455794,1204.8
1.3442,0.9786916373,1204.89
1.3444,1.014230184,1204.98
1.3446,0.9550740803,1205.07
1.3448,0.954191193,1205.16
1.345,0.8770234248,1205.25
1.3452,0.859717479,1205.34
1.3454,0.8151745926,1205.43
1.3456,0.8378344311,1205.52
1.3458,0.7897252026,1205.61
1.346,0.7615642797,1205.7
1.3462,0.7444594999,1205.79
1.3464,0.7051291389,1205.88
1.3466,0.7510489206,1205.97
1.3468,0.6543803672,1206.06
1.347,0.730909546,1206.15
1.3472,0.666242527,1206.24
1.3474,0.6918212316,1206.33
1.3476,0.7081892875,1206.42
1.3478,0.6261479119,1206.51
1.348,0.6163832413,1206.6
1.3482,0.5841228262,1206.69
1.3484,0.5914184019,1206.78
1.3486,0.5969538068,1206.87
1.3488,0.5414210186,1206.96
1.349,0.5358802253,1207.05
1.3492,0.5030881558,1207.14
1.3494,0.4666122109,1207.23
1.3496,0.5444091835,1207.32
1.3498,0.5232930086,1207.41
1.35,0.5349130135,1207.5
1.3502,0.4249622347,1207.59
1.3504,0.4766624506,1207.68
1.3506,0.47647142,1207.77
1.3508,0.499655421,1207.86
1.351,0.454614932,1207.95
1.3512,0.4177284095,1208.04
1.3514,0.4343461552,1208.13
1.3516,0.4722386101,1208.22
1.3518,0.4014417574,1208.31
1.352,0.4111626509,1208.4
1.3522,0.4000329937,1208.49
1.3524,0.4037027503,1208.58
1.3526,0.4051394633,1208.67
1.3528,0.3398959455,1208.76
1.353,0.4496419601,1208.85
1.3532,0.3212143706,1208.94
1.3534,0.3127037536,1209.03
1.3536,0.3408025434,1209.12
1.3538,0.3737081215,1209.21
1.354,0.3690200736,1209.3
1.3542,0.3913836929,1209.39
1.3544,0.308854594,1209.48
1.3546,0.2626165417,1209.57
1.3548,0.2325444747,1209.66
1.355,0.2445841161,1209.75
1.3552,0.262188574,1209.84
1.3554,0.2325559682,1209.93
1.3556,0.1302637861,1210.02
1.3558,0.2011790036,1210.11
1.356,0.2053593744,1210.2
1.3562,0.1394692032,1210.29
1.3564,0.1252305366,1210.38
1.3566,0.09833003076,1210.47
1.3568,0.1667598749,1210.56
1.357,0.176161906,1210.65
1.3572,0.1320549141,1210.74
1.3574,0.05037969961,1210.83
1.3576,0.03727273565,1210.92
1.3578,0.1112398209,1211.01
1.358,0.1059194711,1211.1
1.3582,0.05215486879,1211.19
1.3584,-0.01638208548,1211.28
1.3586,-0.09447368756,1211.37
1.3588,-0.02234201763,1211.46
1.359,-0.006856784269,1211.55
1.3592,-0.08423604219,1211.64
1.3594,-0.1339131123,1211.73
1.3596,-0.1087791261,1211.82
1.3598,-0.1251385957,1211.91
1.36,-0.165617074,1212
1.3602,-0.1781274162,1212.09
1.3604,-0.2628977758,1212.18
1.3606,-0.2034253434,1212.27
1.3608,-0.2854613374,1212.36
1.361,-0.2566538412,1212.45
1.3612,-0.2729077066,1212.54
1.3614,-0.2598435395,1212.63
1.3616,-0.2283333319,1212.72
1.3618,-0.3151545154,1212.81
1.362,-0.2830896779,1212.9
1.3622,-0.3548129115,1212.99
1.3624,-0.3148838789,1213.08
1.3626,-0.3329831025,1213.17
1.3628,-0.3507053791,1213.26
1.363,-0.3699619566,1213.35
1.3632,-0.3865850867,1213.44
1.3634,-0.4310009622,1213.53
1.3636,-0.4253496008,1213.62
1.3638,-0.4467595854,1213.71
1.364,-0.3650659632,1213.8
1.3642,-0.4286071054,1213.89
1.3644,-0.3607482187,1213.98
1.3646,-0.3790744687,1214.07
1.3648,-0.4208014792,1214.16
1.365,-0.3714759523,1214.25
1.3652,-0.4393351191,1214.34
1.3654,-0.508493505,1214.43
1.3656,-0.4649868354,1214.52
1.3658,-0.4488179537,1214.61
1.366,-0.4614220742,1214.7
1.3662,-0.5156966233,1214.79
1.3664,-0.4458545231,1214.88
1.3666,-0.5086051322,1214.97
1.3668,-0.4482864808,1215.06
1.367,-0.4928741101,1215.15
1.3672,-0.4533790623,1215.24
1.3674,-0.4847551389,1215.33
1.3676,-0.5487737191,1215.42
1.3678,-0.4935122882,1215.51
1.368,-0.5697539791,1215.6
1.3682,-0.5615206734,1215.69
1.3684,-0.5406882589,1215.78
1.3686,-0.5946127291,1215.87
1.3688,-0.5774535946,1215.96
1.369,-0.5980819366,1216.05
1.3692,-0.6296846985,1216.14
1.3694,-0.6920019433,1216.23
1.3696,-0.7561138631,1216.32
1.3698,-0.7450627734,1216.41
1.37,-0.7653018348,1216.5
1.3702,-0.7021041091,1216.59
1.3704,-0.7742965249,1216.68
1.3706,-0.7891906627,1216.77
1.3708,-0.8344126154,1216.86
1.371,-0.9092509203,1216.95
1.3712,-0.8964653795,1217.04
1.3714,-0.8777742941,1217.13
1.3716,-0.8731284609,1217.22
1.3718,-0.8754755974,1217.31
1.372,-0.9286701327,1217.4
1.3722,-0.9406590214,1217.49
1.3724,-1.03481852,1217.58
1.3726,-1.004080639,1217.67
1.3728,-1.036329,1217.76
1.373,-1.138708284,1217.85
1.3732,-1.110485986,1217.94
1.3734,-1.136949797,1218.03
1.3736,-1.098738917,1218.12
1.3738,-1.173871959,1218.21
1.374,-1.253398697,1218.3
1.3742,-1.21374033,1218.39
1.3744,-1.14144047,1218.48
1.3746,-1.301187855,1218.57
1.3748,-1.264848311,1218.66
1.375,-1.257980309,1218.75
1.3752,-1.283671657,1218.84
1.3754,-1.275035735,1218.93
1.3756,-1.340621597,1219.02
1.3758,-1.322148785,1219.11
1.376,-1.321233262,1219.2
1.3762,-1.297587923,1219.29
1.3764,-1.338852083,1219.38
1.3766,-1.361061596,1219.47
1.3768,-1.258592053,1219.56
1.377,-1.231499914,1219.65
1.3772,-1.243805411,1219.74
1.3774,-1.249412647,1219.83
1.3776,-1.205045406,1219.92
1.3778,-1.229332733,1220.01
1.378,-1.181394197,1220.1
1.3782,-1.217886581,1220.19
1.3784,-1.203493156,1220.28
1.3786,-1.135056958,1220.37
1.3788,-1.08142476,1220.46
1.379,-1.034338417,1220.55
1.3792,-0.9885830565,1220.64
1.3794,-1.020098014,1220.73
1.3796,-0.9067400701,1220.82
1.3798,-0.8393584868,1220.91
1.38,-0.8500260074,1221
1.3802,-0.8150323678,1221.09
1.3804,-0.7702745547,1221.18
1.3806,-0.6698179789,1221.27
1.3808,-0.6776986441,1221.36
1.381,-0.5300127965,1221.45
1.3812,-0.5039930245,1221.54
1.3814,-0.4765606782,1221.63
1.3816,-0.3779636974,1221.72
1.3818,-0.3011167462,1221.81
1.382,-0.2874883208,1221.9
1.3822,-0.2579183706,1221.99
1.3824,-0.1662822615,1222.08
1.3826,-0.1184138616,1222.17
1.3828,0.0002936633231,1222.26
1.383,0.06355790388,1222.35
1.3832,0.1658597449,1222.44
1.3834,0.1734506914,1222.53
1.3836,0.2555251401,1222.62
1.3838,0.2260089433,1222.71
1.384,0.2986661237,1222.8
1.3842,0.36301853,1222.89
1.3844,0.3545411472,1222.98
1.3846,0.5439979645,1223.07
1.3848,0.5015225096,1223.16
1.385,0.7252331359,1223.25
1.3852,0.637496079,1223.34
1.3854,0.7475598208,1223.43
1.3856,0.7976371874,1223.52
1.3858,0.9030114732,1223.61
1.386,0.8714385412,1223.7
1.3862,0.9524972334,1223.79
1.3864,0.9699786738,1223.88
1.3866,1.03545265,1223.97
1.3868,1.052485099,1224.06
1.387,1.033857842,1224.15
1.3872,1.102685266,1224.24
1.3874,1.131400169,1224.33
1.3876,1.208330696,1224.42
1.3878,1.145788123,1224.51
1.388,1.306368805,1224.6
1.3882,1.209183562,1224.69
1.3884,1.274079478,1224.78
1.3886,1.290531567,1224.87
1.3888,1.298334994,1224.96
1.389,1.247156754,1225.05
1.3892,1.324182285,1225.14
1.3894,1.24480752,1225.23
1.3896,1.296659956,1225.32
1.3898,1.292603801,1225.41
1.39,1.260290525,1225.5
1.3902,1.339624999,1225.59
1.3904,1.209511683,1225.68
1.3906,1.322771919,1225.77
1.3908,1.250518681,1225.86
1.391,1.200279315,1225.95
1.3912,1.255427394,1226.04
1.3914,1.237763166,1226.13
1.3916,1.165005896,1226.22
1.3918,1.185845887,1226.31
1.392,1.239290618,1226.4
1.3922,1.146705582,1226.49
1.3924,1.119480499,1226.58
1.3926,1.207800035,1226.67
1.3928,1.087210664,1226.76
1.393,1.06599542,1226.85
1.3932,1.041882025,1226.94
1.3934,0.9888805298,1227.03
1.3936,0.9389684614,1227.12
1.3938,0.9834264433,1227.21
1.394,0.9610002361,1227.3
1.3942,0.8998466874,1227.39
1.3944,0.8397088383,1227.48
1.3946,0.8459964816,1227.57
1.3948,0.8535421225,1227.66
1.395,0.8533178923,1227.75
1.3952,0.747032693,1227.84
1.3954,0.7528214937,1227.93
1.3956,0.7568473096,1228.02
1.3958,0.7410745409,1228.11
1.396,0.7071344626,1228.2
1.3962,0.6721923331,1228.29
1.3964,0.7021470233,1228.38
1.3966,0.6687881839,1228.47
1.3968,0.5786628471,1228.56
1.397,0.7365468181,1228.65
1.3972,0.6400605952,1228.74
1.3974,0.5436351568,1228.83
1.3976,0.5533712083,1228.92
1.3978,0.4877037268,1229.01
1.398,0.5020104779,1229.1
1.3982,0.4861004373,1229.19
1.3984,0.4992943485,1229.28
1.3986,0.5468913012,1229.37
1.3988,0.5012260157,1229.46
1.399,0.4752553373,1229.55
1.3992,0.4789469594,1229.64
1.3994,0.4479298266,1229.73
1.3996,0.4688196234,1229.82
1.3998,0.4827601639,1229.91
1.4,0.5193135894,1230
1.4002,0.4353706185,1230.09
1.4004,0.3867725775,1230.18
1.4006,0.4522194917,1230.27
1.4008,0.3736742719,1230.36
1.401,0.3661255854,1230.45
1.4012,0.4043559278,1230.54
1.4014,0.4422403804,1230.63
1.4016,0.3426508515,1230.72
1.4018,0.4353582364,1230.81
1.402,0.3584541997,1230.9
1.4022,0.3969403698,1230.99
1.4024,0.3402413332,1231.08
1.4026,0.3225241777,1231.17
1.4028,0.3547997712,1231.26
1.403,0.2912789031,1231.35
1.4032,0.2961023325,1231.44
1.4034,0.3456826058,1231.53
1.4036,0.2971906064,1231.62
1.4038,0.2926535254,1231.71
1.404,0.1951679737,1231.8
1.4042,0.2381107744,1231.89
1.4044,0.2211787097,1231.98
1.4046,0.2119200591,1232.07
1.4048,0.3076129358,1232.16
1.405,0.1632698271,1232.25
1.4052,0.1422368923,1232.34
1.4054,0.1516114585,1232.43
1.4056,0.1310510951,1232.52
1.4058,0.03913586851,1232.61
1.406,0.08581201981,1232.7
1.4062,0.1311687541,1232.79
1.4064,0.1010301926,1232.88
1.4066,0.08330559284,1232.97
1.4068,0.04586025865,1233.06
1.407,0.0236370275,1233.15
1.4072,-0.02926669046,1233.24
1.4074,-0.0003580991194,1233.33
1.4076,0.03309223876,1233.42
1.4078,-0.05894058341,1233.51
1.408,-0.03245039933,1233.6
1.4082,-0.02045282622,1233.69
1.4084,-0.1371458757,1233.78
1.4086,-0.102341826,1233.87
1.4088,-0.142778825,1233.96
1.409,-0.1590658567,1234.05
1.4092,-0.1929729648,1234.14
1.4094,-0.1745237898,1234.23
1.4096,-0.2295756748,1234.32
1.4098,-0.2607439931,1234.41
1.41,-0.1699917175,1234.5
1.4102,-0.2408416474,1234.59
1.4104,-0.3048555769,1234.68
1.4106,-0.2616546015,1234.77
1.4108,-0.2288516149,1234.86
1.411,-0.2491408943,1234.95
1.4112,-0.2811892166,1235.04
1.4114,-0.3360374965,1235.13
1.4116,-0.256236505,1235.22
1.4118,-0.3081855735,1235.31
1.412,-0.3347286875,1235.4
1.4122,-0.3320349224,1235.49
1.4124,-0.3652393342,1235.58
1.4126,-0.3319775659,1235.67
1.4128,-0.4079760813,1235.76
1.413,-0.3792298468,1235.85
1.4132,-0.395536237,1235.94
1.4134,-0.4425850037,1236.03
1.4136,-0.3848095275,1236.12
1.4138,-0.4350526498,1236.21
1.414,-0.4296821084,1236.3
1.4142,-0.3612725922,1236.39
1.4144,-0.4223809918,1236.48
1.4146,-0.408916694,1236.57
1.4148,-0.4732605859,1236.66
1.415,-0.4224017894,1236.75
1.4152,-0.5086386863,1236.84
1.4154,-0.500292832,1236.93
1.4156,-0.4956939227,1237.02
1.4158,-0.4510571705,1237.11
1.416,-0.5260098614,1237.2
1.4162,-0.5120899316,1237.29
1.4164,-0.5051186109,1237.38
1.4166,-0.6104973102,1237.47
1.4168,-0.4751188275,1237.56
1.417,-0.5268449054,1237.65
1.4172,-0.6146583455,1237.74
1.4174,-0.6193548868,1237.83
1.4176,-0.5643224543,1237.92
1.4178,-0.5880754037,1238.01
1.418,-0.6320620015,1238.1
1.4182,-0.7044935187,1238.19
1.4184,-0.6387062725,1238.28
1.4186,-0.6483853252,1238.37
1.4188,-0.7843006849,1238.46
1.419,-0.7476956613,1238.55
1.4192,-0.7104411873,1238.64
1.4194,-0.8370516876,1238.73
1.4196,-0.8217804596,1238.82
1.4198,-0.8023255526,1238.91
1.42,-0.9110953775,1239
1.4202,-0.8835309328,1239.09
1.4204,-0.9961235655,1239.18
1.4206,-0.9039475666,1239.27
1.4208,-0.904544761,1239.36
1.421,-0.9836270365,1239.45
1.4212,-1.012369905,1239.54
1.4214,-1.03502159,1239.63
1.4216,-1.048148772,1239.72
1.4218,-1.107686738,1239.81
1.422,-1.099823483,1239.9
1.4222,-1.106165337,1239.99
1.4224,-1.14736255,1240.08
1.4226,-1.153985331,1240.17
1.4228,-1.197080559,1240.26
1.423,-1.186138639,1240.35
1.4232,-1.265018241,1240.44
1.4234,-1.259730622,1240.53
1.4236,-1.260544406,1240.62
1.4238,-1.194060896,1240.71
1.424,-1.216403949,1240.8
1.4242,-1.320141861,1240.89
1.4244,-1.300214441,1240.98
1.4246,-1.316201271,1241.07
1.4248,-1.342673892,1241.16
1.425,-1.332315401,1241.25
1.4252,-1.271419209,1241.34
1.4254,-1.362532105,1241.43
1.4256,-1.247699212,1241.52
1.4258,-1.306425478,1241.61
1.426,-1.263873132,1241.7
1.4262,-1.254061557,1241.79
1.4264,-1.256146343,1241.88
1.4266,-1.195216999,1241.97
1.4268,-1.210638938,1242.06
1.427,-1.161680381,1242.15
1.4272,-1.059970119,1242.24
1.4274,-1.126019028,1242.33
1.4276,-1.019686474,1242.42
1.4278,-1.082829054,1242.51
1.428,-0.9061078079,1242.6
1.4282,-1.046146112,1242.69
1.4284,-0.9159163981,1242.78
1.4286,-0.9398181883,1242.87
1.4288,-0.8202123545,1242.96
1.429,-0.7719781858,1243.05
1.4292,-0.7707401759,1243.14
1.4294,-0.6532642122,1243.23
1.4296,-0.5594315459,1243.32
1.4298,-0.5291293565,1243.41
1.43,-0.5017866311,1243.5
1.4302,-0.3785113007,1243.59
1.4304,-0.2982883801,1243.68
1.4306,-0.33226165,1243.77
1.4308,-0.2176577895,1243.86
1.431,-0.2172496215,1243.95
1.4312,-0.1330722854,1244.04
1.4314,-0.01715137047,1244.13
1.4316,0.05038934032,1244.22
1.4318,0.1273025263,1244.31
1.432,0.1387013788,1244.4
1.4322,0.2582647863,1244.49
1.4324,0.3605610803,1244.58
1.4326,0.3687169729,1244.67
1.4328,0.4458416471,1244.76
1.433,0.4716720664,1244.85
1.4332,0.5649411722,1244.94
1.4334,0.6624486526,1245.03
1.4336,0.6554821778,1245.12
1.4338,0.6698410601,1245.21
1.434,0.7471282237,1245.3
1.4342,0.8242751991,1245.39
1.4344,0.8376149284,1245.48
1.4346,0.9795820957,1245.57
1.4348,0.8762404864,1245.66
1.435,0.9955863892,1245.75
1.4352,1.040317909,1245.84
1.4354,1.103707513,1245.93
1.4356,1.141590406,1246.02
1.4358,1.126794444,1246.11
1.436,1.176202759,1246.2
1.4362,1.160205642,1246.29
1.4364,1.182462206,1246.38
1.4366,1.240957346,1246.47
1.4368,1.251179884,1246.56
1.437,1.287012668,1246.65
1.4372,1.26430931,1246.74
1.4374,1.23843361,1246.83
1.4376,1.336003348,1246.92
1.4378,1.350050117,1247.01
1.438,1.313680493,1247.1
1.4382,1.346912875,1247.19
1.4384,1.279765424,1247.28
1.4386,1.348672376,1247.37
1.4388,1.263848032,1247.46
1.439,1.315224817,1247.55
1.4392,1.287532045,1247.64
1.4394,1.317263046,1247.73
1.4396,1.283836589,1247.82
1.4398,1.274740117,1247.91
1.44,1.22920125,1248
1.4402,1.266178916,1248.09
1.4404,1.261274321,1248.18
1.4406,1.140796995,1248.27
1.4408,1.151496197,1248.36
1.441,1.140305913,1248.45
1.4412,1.110492329,1248.54
1.4414,1.040442647,1248.63
1.4416,1.035197332,1248.72
1.4418,0.9971214699,1248.81
1.442,0.9615139817,1248.9
1.4422,0.9583542976,1248.99
1.4424,0.9604971773,1249.08
1.4426,0.8974437002,1249.17
1.4428,0.8423211802,1249.26
1.443,0.8518446966,1249.35
1.4432,0.8261478694,1249.44
1.4434,0.825485018,1249.53
1.4436,0.8471628473,1249.62
1.4438,0.818685401,1249.71
1.444,0.637722932,1249.8
1.4442,0.8658512946,1249.89
1.4444,0.7758729191,1249.98
1.4446,0.6435380228,1250.07
1.4448,0.6830209151,1250.16
1.445,0.6120459875,1250.25
1.4452,0.7217345606,1250.34
1.4454,0.5735481596,1250.43
1.4456,0.6398620309,1250.52
1.4458,0.5830948044,1250.61
1.446,0.597440805,1250.7
1.4462,0.5598573982,1250.79
1.4464,0.4870984411,1250.88
1.4466,0.4574561638,1250.97
1.4468,0.5158021195,1251.06
1.447,0.5009524576,1251.15
1.4472,0.4737593186,1251.24
1.4474,0.5364495011,1251.33
1.4476,0.4749391625,1251.42
1.4478,0.444002201,1251.51
1.448,0.5399825064,1251.6
1.4482,0.4580672377,1251.69
1.4484,0.4304468641,1251.78
1.4486,0.4105964475,1251.87
1.4488,0.4035090822,1251.96
1.449,0.3823491155,1252.05
1.4492,0.3770318037,1252.14
1.4494,0.3689212853,1252.23
1.4496,0.3486498327,1252.32
1.4498,0.3361854848,1252.41
1.45,0.3943205025,1252.5
1.4502,0.2998908259,1252.59
1.4504,0.3684566617,1252.68
1.4506,0.4003444079,1252.77
1.4508,0.3248252138,1252.86
1.451,0.3372555526,1252.95
1.4512,0.379437498,1253.04
1.4514,0.3448910174,1253.13
1.4516,0.2663624671,1253.22
1.4518,0.2931098557,1253.31
1.452,0.2748866828,1253.4
1.4522,0.3187676677,1253.49
1.4524,0.3388815964,1253.58
1.4526,0.2215064168,1253.67
1.4528,0.2611371143,1253.76
1.453,0.2521846528,1253.85
1.4532,0.2294619302,1253.94
1.4534,0.106390125,1254.03
1.4536,0.1251030675,1254.12
1.4538,0.1154662698,1254.21
1.454,0.1008515957,1254.3
1.4542,0.0640920367,1254.39
1.4544,0.1297895444,1254.48
1.4546,0.09591111884,1254.57
1.4548,0.05769273371,1254.66
1.455,-0.05545885318,1254.75
1.4552,0.06400186391,1254.84
1.4554,-0.06159043295,1254.93
1.4556,0.01719966613,1255.02
1.4558,-0.04238229621,1255.11
1.456,-0.01519057633,1255.2
1.4562,-0.08151108738,1255.29
1.4564,-0.07142962661,1255.38
1.4566,-0.1279292287,1255.47
1.4568,-0.08605952022,1255.56
1.457,-0.1056235721,1255.65
1.4572,-0.147584476,1255.74
1.4574,-0.09998592819,1255.83
1.4576,-0.207041578,1255.92
1.4578,-0.3277279673,1256.01
1.458,-0.1136390554,1256.1
1.4582,-0.127939911,1256.19
1.4584,-0.2141164415,1256.28
1.4586,-0.2870132569,1256.37
1.4588,-0.2775289543,1256.46
1.459,-0.378476809,1256.55
1.4592,-0.3475453626,1256.64
1.4594,-0.3315662202,1256.73
1.4596,-0.3192592554,1256.82
1.4598,-0.3504413691,1256.91
1.46,-0.3071423132,1257
1.4602,-0.3264452371,1257.09
1.4604,-0.3485613417,1257.18
1.4606,-0.400021405,1257.27
1.4608,-0.3728050608,1257.36
1.461,-0.3409139679,1257.45
1.4612,-0.3913481364,1257.54
1.4614,-0.3465686199,1257.63
1.4616,-0.4148857864,1257.72
1.4618,-0.3837500428,1257.81
1.462,-0.4632193579,1257.9
1.4622,-0.4729520086,1257.99
1.4624,-0.4485327388,1258.08
1.4626,-0.3700586567,1258.17
1.4628,-0.4918440011,1258.26
1.463,-0.4623673215,1258.35
1.4632,-0.446536806,1258.44
1.4634,-0.4363319551,1258.53
1.4636,-0.4586174122,1258.62
1.4638,-0.4896886569,1258.71
1.464,-0.5039663888,1258.8
1.4642,-0.4767310548,1258.89
1.4644,-0.453008128,1258.98
1.4646,-0.478869194,1259.07
1.4648,-0.5796809352,1259.16
1.465,-0.6158187787,1259.25
1.4652,-0.5857927649,1259.34
1.4654,-0.549191037,1259.43
1.4656,-0.5527776634,1259.52
1.4658,-0.6327724642,1259.61
1.466,-0.6875177845,1259.7
1.4662,-0.7011930685,1259.79
1.4664,-0.6623868518,1259.88
1.4666,-0.7155888237,1259.97
1.4668,-0.6278729158,1260.06
1.467,-0.7710697186,1260.15
1.4672,-0.8647609591,1260.24
1.4674,-0.6917746035,1260.33
1.4676,-0.7633621084,1260.42
1.4678,-0.8924143742,1260.51
1.468,-0.9132465109,1260.6
1.4682,-0.9484372643,1260.69
1.4684,-0.8817636029,1260.78
1.4686,-0.951244249,1260.87
1.4688,-0.9469727385,1260.96
1.469,-1.050548669,1261.05
1.4692,-1.03788498,1261.14
1.4694,-0.9883629352,1261.23
1.4696,-1.121485611,1261.32
1.4698,-1.133369105,1261.41
1.47,-1.062793955,1261.5
1.4702,-1.14843582,1261.59
1.4704,-1.168401174,1261.68
1.4706,-1.228780882,1261.77
1.4708,-1.221140994,1261.86
1.471,-1.2888526,1261.95
1.4712,-1.164691003,1262.04
1.4714,-1.249935878,1262.13
1.4716,-1.254762941,1262.22
1.4718,-1.308460599,1262.31
1.472,-1.331226698,1262.4
1.4722,-1.311401944,1262.49
1.4724,-1.354150022,1262.58
1.4726,-1.32644564,1262.67
1.4728,-1.349267369,1262.76
1.473,-1.291202046,1262.85
1.4732,-1.337063656,1262.94
1.4734,-1.269337613,1263.03
1.4736,-1.241898768,1263.12
1.4738,-1.300720748,1263.21
1.474,-1.281010559,1263.3
1.4742,-1.245735482,1263.39
1.4744,-1.277448421,1263.48
1.4746,-1.187570801,1263.57
1.4748,-1.142848493,1263.66
1.475,-1.230865629,1263.75
1.4752,-1.096675547,1263.84
1.4754,-1.095789371,1263.93
1.4756,-1.077889061,1264.02
1.4758,-1.029438833,1264.11
1.476,-0.9984765892,1264.2
1.4762,-0.9039654484,1264.29
1.4764,-0.904207313,1264.38
1.4766,-0.7694956533,1264.47
1.4768,-0.7752346515,1264.56
1.477,-0.6831515081,1264.65
1.4772,-0.7080480677,1264.74
1.4774,-0.6263129936,1264.83
1.4776,-0.5021391602,1264.92
1.4778,-0.5080906194,1265.01
1.478,-0.4647276181,1265.1
1.4782,-0.3007392334,1265.19
1.4784,-0.3674046371,1265.28
1.4786,-0.2075168051,1265.37
1.4788,-0.1914509396,1265.46
1.479,-0.04492935054,1265.55
1.4792,-0.03059938384,1265.64
1.4794,0.006219624318,1265.73
1.4796,0.1636758195,1265.82
1.4798,0.1297766565,1265.91
1.48,0.3356749955,1266
1.4802,0.3100371547,1266.09
1.4804,0.3529426908,1266.18
1.4806,0.4120883624,1266.27
1.4808,0.4902091819,1266.36
1.481,0.5267253362,1266.45
1.4812,0.6168500343,1266.54
1.4814,0.6542409445,1266.63
1.4816,0.6851972446,1266.72
1.4818,0.7965504612,1266.81
1.482,0.8101689819,1266.9
1.4822,0.7973470222,1266.99
1.4824,0.9122090046,1267.08
1.4826,0.8882623161,1267.17
1.4828,0.9770561394,1267.26
1.483,1.000848871,1267.35
1.4832,1.06632894,1267.44
1.4834,1.123516992,1267.53
1.4836,1.175400769,1267.62
1.4838,1.154382782,1267.71
1.484,1.201167109,1267.8
1.4842,1.20272833,1267.89
1.4844,1.255125155,1267.98
1.4846,1.299687975,1268.07
1.4848,1.334923187,1268.16
1.485,1.249227958,1268.25
1.4852,1.331226606,1268.34
1.4854,1.294133471,1268.43
1.4856,1.307447827,1268.52
1.4858,1.219568299,1268.61
1.486,1.351314755,1268.7
1.4862,1.263043148,1268.79
1.4864,1.274437964,1268.88
1.4866,1.284782306,1268.97
1.4868,1.365446079,1269.06
1.487,1.219465663,1269.15
1.4872,1.21493274,1269.24
1.4874,1.178875983,1269.33
1.4876,1.209968256,1269.42
1.4878,1.184703159,1269.51
1.488,1.215265279,1269.6
1.4882,1.175094118,1269.69
1.4884,1.120657458,1269.78
1.4886,1.134303525,1269.87
1.4888,1.099449832,1269.96
1.489,1.091578744,1270.05
1.4892,1.05880197,1270.14
1.4894,1.044962922,1270.23
1.4896,1.011167477,1270.32
1.4898,1.003894993,1270.41
1.49,0.8802157354,1270.5
1.4902,0.9324861867,1270.59
1.4904,0.9046700554,1270.68
1.4906,0.85715283,1270.77
1.4908,0.8686433123,1270.86
1.491,0.7936053928,1270.95
1.4912,0.7089829407,1271.04
1.4914,0.7294974135,1271.13
1.4916,0.763105669,1271.22
1.4918,0.757000251,1271.31
1.492,0.7089399638,1271.4
1.4922,0.6461520793,1271.49
1.4924,0.6742104293,1271.58
1.4926,0.6649541893,1271.67
1.4928,0.6340245635,1271.76
1.493,0.6043338963,1271.85
1.4932,0.5980953058,1271.94
1.4934,0.5490752225,1272.03
1.4936,0.5764610999,1272.12
1.4938,0.5384801359,1272.21
1.494,0.5576188179,1272.3
1.4942,0.5128518351,1272.39
1.4944,0.4147880319,1272.48
1.4946,0.4896965218,1272.57
1.4948,0.5187439393,1272.66
1.495,0.4809120828,1272.75
1.4952,0.5235191898,1272.84
1.4954,0.4276514844,1272.93
1.4956,0.5050752922,1273.02
1.4958,0.4592574805,1273.11
1.496,0.4984300604,1273.2
1.4962,0.4742773901,1273.29
1.4964,0.3617378098,1273.38
1.4966,0.3826025794,1273.47
1.4968,0.4347394108,1273.56
1.497,0.4432496045,1273.65
1.4972,0.4338169287,1273.74
1.4974,0.3492170323,1273.83
1.4976,0.3973770825,1273.92
1.4978,0.3516884455,1274.01
1.498,0.4260383748,1274.1
1.4982,0.3973545177,1274.19
1.4984,0.3211987088,1274.28
1.4986,0.414508338,1274.37
1.4988,0.3184739465,1274.46
1.499,0.31350183,1274.55
1.4992,0.3146463777,1274.64
1.4994,0.2116082807,1274.73
1.4996,0.3245282347,1274.82
1.4998,0.2904727471,1274.91
1.5,0.2449941019,1275
1.5002,0.3001954288,1275.09
1.5004,0.1791122873,1275.18
1.5006,0.2679084481,1275.27
1.5008,0.1797749156,1275.36
1.501,0.2337083931,1275.45
1.5012,0.1116306641,1275.54
1.5014,0.09777448676,1275.63
1.5016,0.1683341243,1275.72
1.5018,0.05769857991,1275.81
1.502,0.09075171262,1275.9
1.5022,0.0523580756,1275.99
1.5024,0.06898976162,1276.08
1.5026,0.08938222716,1276.17
1.5028,0.002403256499,1276.26
1.503,0.05851395557,1276.35
1.5032,0.0119252226,1276.44
1.5034,-0.01982648482,1276.53
1.5036,-0.008353648945,1276.62
1.5038,-0.08744165557,1276.71
1.504,-0.04463026955,1276.8
1.5042,-0.1222750491,1276.89
1.5044,-0.1344260757,1276.98
1.5046,-0.08750344848,1277.07
1.5048,-0.175655878,1277.16
1.505,-0.2660141935,1277.25
1.5052,-0.1792883919,1277.34
1.5054,-0.2476668984,1277.43
1.5056,-0.2411762856,1277.52
1.5058,-0.1898744124,1277.61
1.506,-0.3296025454,1277.7
1.5062,-0.2345011002,1277.79
1.5064,-0.2452221493,1277.88
1.5066,-0.2186938509,1277.97
1.5068,-0.3483232288,1278.06
1.507,-0.3866283997,1278.15
1.5072,-0.3172254509,1278.24
1.5074,-0.3054293366,1278.33
1.5076,-0.3773628098,1278.42
1.5078,-0.3314030542,1278.51
1.508,-0.4365806957,1278.6
1.5082,-0.3585214425,1278.69
1.5084,-0.4478697026,1278.78
1.5086,-0.4386008775,1278.87
1.5088,-0.4051895255,1278.96
1.509,-0.4051552316,1279.05
1.5092,-0.3862304685,1279.14
1.5094,-0.3945867933,1279.23
1.5096,-0.4320873786,1279.32
1.5098,-0.3469784607,1279.41
1.51,-0.4567623275,1279.5
1.5102,-0.5244849791,1279.59
1.5104,-0.4053635881,1279.68
1.5106,-0.4334470432,1279.77
1.5108,-0.4687688817,1279.86
1.511,-0.4787071491,1279.95
1.5112,-0.5293529044,1280.04
1.5114,-0.471550875,1280.13
1.5116,-0.4794191888,1280.22
1.5118,-0.4721167932,1280.31
1.512,-0.5996929975,1280.4
1.5122,-0.5701320197,1280.49
1.5124,-0.6350395425,1280.58
1.5126,-0.580266267,1280.67
1.5128,-0.593372799,1280.76
1.513,-0.595879004,1280.85
1.5132,-0.622634596,1280.94
1.5134,-0.637552494,1281.03
1.5136,-0.6682353666,1281.12
1.5138,-0.7235833558,1281.21
1.514,-0.7434811205,1281.3
1.5142,-0.7054421698,1281.39
1.5144,-0.8546439122,1281.48
1.5146,-0.8269109822,1281.57
1.5148,-0.9270659955,1281.66
1.515,-0.8253739499,1281.75
1.5152,-0.8451425313,1281.84
1.5154,-0.852303804,1281.93
1.5156,-0.9175763105,1282.02
1.5158,-0.9505036481,1282.11
1.516,-0.928420277,1282.2
1.5162,-0.9663533754,1282.29
1.5164,-1.028631184,1282.38
1.5166,-1.073790598,1282.47
1.5168,-1.00515861,1282.56
1.517,-1.108616901,1282.65
1.5172,-1.114149175,1282.74
1.5174,-1.247575301,1282.83
1.5176,-1.157056537,1282.92
1.5178,-1.129023897,1283.01
1.518,-1.194285363,1283.1
1.5182,-1.332725862,1283.19
1.5184,-1.280276408,1283.28
1.5186,-1.234401854,1283.37
1.5188,-1.280087306,1283.46
1.519,-1.298569345,1283.55
1.5192,-1.304382773,1283.64
1.5194,-1.346507154,1283.73
1.5196,-1.341718239,1283.82
1.5198,-1.26120514,1283.91
1.52,-1.342506917,1284
1.5202,-1.308433395,1284.09
1.5204,-1.257580185,1284.18
1.5206,-1.270721685,1284.27
1.5208,-1.240928467,1284.36
1.521,-1.288204258,1284.45
1.5212,-1.213756888,1284.54
1.5214,-1.192865832,1284.63
1.5216,-1.248690385,1284.72
1.5218,-1.166836214,1284.81
1.522,-1.259711324,1284.9
1.5222,-1.148286724,1284.99
1.5224,-1.08702052,1285.08
1.5226,-1.041346481,1285.17
1.5228,-1.073241043,1285.26
1.523,-0.9751885477,1285.35
1.5232,-0.9177127478,1285.44
1.5234,-0.8574365139,1285.53
1.5236,-0.8301757187,1285.62
1.5238,-0.7652503298,1285.71
1.524,-0.7160026881,1285.8
1.5242,-0.6690594537,1285.89
1.5244,-0.5968955508,1285.98
1.5246,-0.5597439762,1286.07
1.5248,-0.5464746705,1286.16
1.525,-0.4371413132,1286.25
1.5252,-0.3244367986,1286.34
1.5254,-0.3308354946,1286.43
1.5256,-0.2920225672,1286.52
1.5258,-0.2382463135,1286.61
1.526,-0.09172593962,1286.7
1.5262,-0.07723127903,1286.79
1.5264,0.02345278158,1286.88
1.5266,-0.007090759883,1286.97
1.5268,0.1073548028,1287.06
1.527,0.2830496382,1287.15
1.5272,0.345500837,1287.24
1.5274,0.4191308053,1287.33
1.5276,0.3804582834,1287.42
1.5278,0.4593665474,1287.51
1.528,0.545520111,1287.6
1.5282,0.6475135013,1287.69
1.5284,0.6366474026,1287.78
1.5286,0.7142290373,1287.87
1.5288,0.775646894,1287.96
1.529,0.8033256782,1288.05
1.5292,0.8588000249,1288.14
1.5294,0.9268936785,1288.23
1.5296,0.9127850771,1288.32
1.5298,1.045107076,1288.41
1.53,1.047062203,1288.5
1.5302,1.050596301,1288.59
1.5304,1.172884831,1288.68
1.5306,1.136843781,1288.77
1.5308,1.238707702,1288.86
1.531,1.264506912,1288.95
1.5312,1.255288072,1289.04
1.5314,1.24609976,1289.13
1.5316,1.301474101,1289.22
1.5318,1.274223968,1289.31
1.532,1.3245463,1289.4
1.5322,1.298688688,1289.49
1.5324,1.238705954,1289.58
1.5326,1.29291305,1289.67
1.5328,1.340596205,1289.76
1.533,1.300352397,1289.85
1.5332,1.323482949,1289.94
1.5334,1.258417366,1290.03
1.5336,1.211490049,1290.12
1.5338,1.320121492,1290.21
1.534,1.323480705,1290.3
1.5342,1.280605282,1290.39
1.5344,1.19344016,1290.48
1.5346,1.179912005,1290.57
1.5348,1.195016304,1290.66
1.535,1.122562046,1290.75
1.5352,1.132102807,1290.84
1.5354,1.150857301,1290.93
1.5356,1.153338987,1291.02
1.5358,1.19805758,1291.11
1.536,1.055005314,1291.2
1.5362,0.9893038924,1291.29
1.5364,0.9969802785,1291.38
1.5366,1.028127371,1291.47
1.5368,0.8940172512,1291.56
1.537,0.9414786973,1291.65
1.5372,0.887802915,1291.74
1.5374,0.9586469945,1291.83
1.5376,0.9012986994,1291.92
1.5378,0.847095322,1292.01
1.538,0.7860548967,1292.1
1.5382,0.7902307224,1292.19
1.5384,0.7510775959,1292.28
1.5386,0.7991429723,1292.37
1.5388,0.7370529565,1292.46
1.539,0.7348670867,1292.55
1.5392,0.6293939427,1292.64
1.5394,0.6818224867,1292.73
1.5396,0.6396074978,1292.82
1.5398,0.6781420595,1292.91
1.54,0.5485276181,1293
1.5402,0.5772457402,1293.09
1.5404,0.5681980202,1293.18
1.5406,0.5134215149,1293.27
1.5408,0.6093077615,1293.36
1.541,0.4866585009,1293.45
1.5412,0.4981311706,1293.54
1.5414,0.4781286119,1293.63
1.5416,0.461334104,1293.72
1.5418,0.5102184815,1293.81
1.542,0.4692891792,1293.9
1.5422,0.5233658341,1293.99
1.5424,0.473893838,1294.08
1.5426,0.489251706,1294.17
1.5428,0.4375258485,1294.26
1.543,0.4529283541,1294.35
1.5432,0.391399994,1294.44
1.5434,0.3901500438,1294.53
1.5436,0.4102321139,1294.62
1.5438,0.4067069393,1294.71
1.544,0.4303594965,1294.8
1.5442,0.3957392047,1294.89
1.5444,0.3665687328,1294.98
1.5446,0.394741448,1295.07
1.5448,0.2969050908,1295.16
1.545,0.2629374942,1295.25
1.5452,0.3349494077,1295.34
1.5454,0.3630958708,1295.43
1.5456,0.2997666,1295.52
1.5458,0.3312381887,1295.61
1.546,0.3276343569,1295.7
1.5462,0.2960658319,1295.79
1.5464,0.3862293624,1295.88
1.5466,0.2601234653,1295.97
1.5468,0.2598094074,1296.06
1.547,0.2160511313,1296.15
1.5472,0.256807189,1296.24
1.5474,0.1934238429,1296.33
1.5476,0.1550685554,1296.42
1.5478,0.1559933973,1296.51
1.548,0.1168759069,1296.6
1.5482,0.1393142375,1296.69
1.5484,0.1233274167,1296.78
1.5486,0.1032178821,1296.87
1.5488,0.0685576089,1296.96
1.549,0.01647314467,1297.05
1.5492,0.0557599198,1297.14
1.5494,0.01530852171,1297.23
1.5496,-0.04676698014,1297.32
1.5498,-0.02697683588,1297.41
1.55,-0.0303954777,1297.5
1.5502,-0.03433753205,1297.59
1.5504,-0.08659044086,1297.68
1.5506,-0.08537062451,1297.77
1.5508,-0.1518627582,1297.86
1.551,-0.2055466495,1297.95
1.5512,-0.1685742931,1298.04
1.5514,-0.1749400592,1298.13
1.5516,-0.2242318986,1298.22
1.5518,-0.228614231,1298.31
1.552,-0.2118130358,1298.4
1.5522,-0.204772454,1298.49
1.5524,-0.166453811,1298.58
1.5526,-0.3161250885,1298.67
1.5528,-0.2736532627,1298.76
1.553,-0.3153873212,1298.85
1.5532,-0.3003740074,1298.94
1.5534,-0.3590018927,1299.03
1.5536,-0.2966723237,1299.12
1.5538,-0.3244601663,1299.21
1.554,-0.3060026598,1299.3
1.5542,-0.3220673086,1299.39
1.5544,-0.3609692637,1299.48
1.5546,-0.3539699729,1299.57
1.5548,-0.3343692965,1299.66
1.555,-0.3970706345,1299.75
1.5552,-0.4425462182,1299.84
1.5554,-0.4409239264,1299.93
1.5556,-0.4278996905,1300.02
1.5558,-0.4330440427,1300.11
1.556,-0.5016574075,1300.2
1.5562,-0.3456989441,1300.29
1.5564,-0.4156040269,1300.38
1.5566,-0.4185604625,1300.47
1.5568,-0.4397550773,1300.56
1.557,-0.4519850937,1300.65
1.5572,-0.4770763462,1300.74
1.5574,-0.5260663062,1300.83
1.5576,-0.50924095,1300.92
1.5578,-0.5445246903,1301.01
1.558,-0.5017214389,1301.1
1.5582,-0.4935141807,1301.19
1.5584,-0.5743352209,1301.28
1.5586,-0.5694436731,1301.37
1.5588,-0.5654235238,1301.46
1.559,-0.6096404839,1301.55
1.5592,-0.5828840824,1301.64
1.5594,-0.6675959728,1301.73
1.5596,-0.6976426088,1301.82
1.5598,-0.676526771,1301.91
1.56,-0.6522158061,1302
1.5602,-0.695309721,1302.09
1.5604,-0.6911635193,1302.18
1.5606,-0.7508420923,1302.27
1.5608,-0.7636359781,1302.36
1.561,-0.7520306767,1302.45
1.5612,-0.7182722843,1302.54
1.5614,-0.8156463528,1302.63
1.5616,-0.8339527031,1302.72
1.5618,-0.8553117197,1302.81
1.562,-0.8916198036,1302.9
1.5622,-0.9408508717,1302.99
1.5624,-1.017669247,1303.08
1.5626,-0.9776055647,1303.17
1.5628,-0.9641792083,1303.26
1.563,-1.080433702,1303.35
1.5632,-1.00011973,1303.44
1.5634,-1.073225695,1303.53
1.5636,-1.14087943,1303.62
1.5638,-1.200937105,1303.71
1.564,-1.148043597,1303.8
1.5642,-1.211508666,1303.89
1.5644,-1.21255575,1303.98
1.5646,-1.18568319,1304.07
1.5648,-1.186840082,1304.16
1.565,-1.239819124,1304.25
1.5652,-1.320303517,1304.34
1.5654,-1.300933866,1304.43
1.5656,-1.297332145,1304.52
1.5658,-1.223513688,1304.61
1.566,-1.283530773,1304.7
1.5662,-1.318921741,1304.79
1.5664,-1.364124203,1304.88
1.5666,-1.339414606,1304.97
1.5668,-1.257973513,1305.06
1.567,-1.316763849,1305.15
1.5672,-1.25822216,1305.24
1.5674,-1.266280554,1305.33
1.5676,-1.18450836,1305.42
1.5678,-1.239187643,1305.51
1.568,-1.235164375,1305.6
1.5682,-1.182889628,1305.69
1.5684,-1.11077398,1305.78
1.5686,-1.117699966,1305.87
1.5688,-1.11035155,1305.96
1.569,-1.056683866,1306.05
1.5692,-1.061371435,1306.14
1.5694,-0.9606762327,1306.23
1.5696,-0.9173557933,1306.32
1.5698,-0.8928888653,1306.41
1.57,-0.8603588564,1306.5
1.5702,-0.7071499656,1306.59
1.5704,-0.7273489505,1306.68
1.5706,-0.6584938565,1306.77
1.5708,-0.5100894092,1306.86
1.571,-0.5325159912,1306.95
1.5712,-0.4845425064,1307.04
1.5714,-0.3900278445,1307.13
1.5716,-0.2591079397,1307.22
1.5718,-0.2680496362,1307.31
1.572,-0.1943067446,1307.4
1.5722,-0.1424420631,1307.49
1.5724,-0.07521373787,1307.58
1.5726,-0.01485530146,1307.67
1.5728,0.03420518398,1307.76
1.573,0.1189634646,1307.85
1.5732,0.2025884993,1307.94
1.5734,0.253709227,1308.03
1.5736,0.4115912281,1308.12
1.5738,0.4601385455,1308.21
1.574,0.4081056768,1308.3
1.5742,0.5530206665,1308.39
1.5744,0.6106768847,1308.48
1.5746,0.6289836298,1308.57
1.5748,0.7207163528,1308.66
1.575,0.8463959115,1308.75
1.5752,0.8145204266,1308.84
1.5754,0.920124135,1308.93
1.5756,0.9270127639,1309.02
1.5758,0.9737698129,1309.11
1.576,0.9830465258,1309.2
1.5762,1.085654721,1309.29
1.5764,1.100552237,1309.38
1.5766,1.097657357,1309.47
1.5768,1.153765053,1309.56
1.577,1.190703008,1309.65
1.5772,1.223692308,1309.74
1.5774,1.249704881,1309.83
1.5776,1.230204855,1309.92
1.5778,1.274645775,1310.01
1.578,1.326402679,1310.1
1.5782,1.275845371,1310.19
1.5784,1.37602744,1310.28
1.5786,1.260175198,1310.37
1.5788,1.252777984,1310.46
1.579,1.344655819,1310.55
1.5792,1.293341453,1310.64
1.5794,1.279948052,1310.73
1.5796,1.271072103,1310.82
1.5798,1.348183942,1310.91
1.58,1.353895813,1311
1.5802,1.297787925,1311.09
1.5804,1.300668635,1311.18
1.5806,1.227425991,1311.27
1.5808,1.20115422,1311.36
1.581,1.208701099,1311.45
1.5812,1.186827409,1311.54
1.5814,1.203157843,1311.63
1.5816,1.118471489,1311.72
1.5818,1.078580705,1311.81
1.582,1.08803038,1311.9
1.5822,1.074000775,1311.99
1.5824,0.9190852945,1312.08
1.5826,1.014182375,1312.17
1.5828,0.8843190763,1312.26
1.583,0.9542240711,1312.35
1.5832,0.8938487202,1312.44
1.5834,0.8880642079,1312.53
1.5836,0.7771879616,1312.62
1.5838,0.8356371881,1312.71
1.584,0.8133042391,1312.8
1.5842,0.7022068017,1312.89
1.5844,0.7415614768,1312.98
1.5846,0.7991545065,1313.07
1.5848,0.7571314789,1313.16
1.585,0.6809378485,1313.25
1.5852,0.6425596214,1313.34
1.5854,0.653142235,1313.43
1.5856,0.626734404,1313.52
1.5858,0.592829048,1313.61
1.586,0.6011451251,1313.7
1.5862,0.6133291734,1313.79
1.5864,0.5502236849,1313.88
1.5866,0.523490046,1313.97
1.5868,0.5484214234,1314.06
1.587,0.5553891551,1314.15
1.5872,0.5433371741,1314.24
1.5874,0.5405102085,1314.33
1.5876,0.5047612159,1314.42
1.5878,0.5790963418,1314.51
1.588,0.4555492902,1314.6
1.5882,0.481024081,1314.69
1.5884,0.4197286649,1314.78
1.5886,0.4611095562,1314.87
1.5888,0.3789555363,1314.96
1.589,0.3707117966,1315.05
1.5892,0.4276343249,1315.14
1.5894,0.4317037165,1315.23
1.5896,0.4367068162,1315.32
1.5898,0.3298136814,1315.41
1.59,0.418344365,1315.5
1.5902,0.3652224258,1315.59
1.5904,0.4866896189,1315.68
1.5906,0.3354402595,1315.77
1.5908,0.3181809561,1315.86
1.591,0.3446985183,1315.95
1.5912,0.3896561235,1316.04
1.5914,0.3183692202,1316.13
1.5916,0.2835932259,1316.22
1.5918,0.2739997025,1316.31
1.592,0.2803938988,1316.4
1.5922,0.2063971618,1316.49
1.5924,0.3486870719,1316.58
1.5926,0.2712990877,1316.67
1.5928,0.223509927,1316.76
1.593,0.2091667465,1316.85
1.5932,0.2041832458,1316.94
1.5934,0.1723666222,1317.03
1.5936,0.1798143272,1317.12
1.5938,0.1283372703,1317.21
1.594,0.1211323593,1317.3
1.5942,0.06464784137,1317.39
1.5944,0.1475259642,1317.48
1.5946,0.06803595132,1317.57
1.5948,0.04424792034,1317.66
1.595,0.06032340786,1317.75
1.5952,-0.03975355968,1317.84
1.5954,0.01181861936,1317.93
1.5956,0.003304493242,1318.02
1.5958,-0.04024221227,1318.11
1.596,-0.1483700808,1318.2
1.5962,-0.03715517407,1318.29
1.5964,-0.06135832668,1318.38
1.5966,-0.1491792259,1318.47
1.5968,-0.07141930854,1318.56
1.597,-0.1894736471,1318.65
1.5972,-0.1957778939,1318.74
1.5974,-0.1269443935,1318.83
1.5976,-0.1602411626,1318.92
1.5978,-0.220913072,1319.01
1.598,-0.2050191685,1319.1
1.5982,-0.2692298172,1319.19
1.5984,-0.298222859,1319.28
1.5986,-0.2934525419,1319.37
1.5988,-0.2304678576,1319.46
1.599,-0.2509494786,1319.55
1.5992,-0.2956416145,1319.64
1.5994,-0.209766176,1319.73
1.5996,-0.2961729389,1319.82
1.5998,-0.3560808174,1319.91
1.6,-0.3168643098,1320
1.6002,-0.3312995327,1320.09
1.6004,-0.4265877405,1320.18
1.6006,-0.4221126603,1320.27
1.6008,-0.3282574589,1320.36
1.601,-0.4402755893,1320.45
1.6012,-0.4017216149,1320.54
1.6014,-0.3616762328,1320.63
1.6016,-0.3585936084,1320.72
1.6018,-0.4352816069,1320.81
1.602,-0.5303711324,1320.9
1.6022,-0.4396186125,1320.99
1.6024,-0.4189977629,1321.08
1.6026,-0.4703256993,1321.17
1.6028,-0.5410976041,1321.26
1.603,-0.4986634762,1321.35
1.6032,-0.4496801901,1321.44
1.6034,-0.4654441786,1321.53
1.6036,-0.5319805743,1321.62
1.6038,-0.5067967523,1321.71
1.604,-0.5473367727,1321.8
1.6042,-0.5275324213,1321.89
1.6044,-0.5931898016,1321.98
1.6046,-0.5706275274,1322.07
1.6048,-0.6213655278,1322.16
1.605,-0.5561094818,1322.25
1.6052,-0.6436202527,1322.34
1.6054,-0.6380719417,1322.43
1.6056,-0.697222508,1322.52
1.6058,-0.7661826463,1322.61
1.606,-0.7137967814,1322.7
1.6062,-0.7788021444,1322.79
1.6064,-0.7152080326,1322.88
1.6066,-0.7288764649,1322.97
1.6068,-0.8129835931,1323.06
1.607,-0.8631839207,1323.15
1.6072,-0.8174994198,1323.24
1.6074,-0.8916872769,1323.33
1.6076,-0.8705274355,1323.42
1.6078,-0.893059983,1323.51
1.608,-0.9664509735,1323.6
1.6082,-0.913265755,1323.69
1.6084,-0.9948796593,1323.78
1.6086,-1.005030918,1323.87
1.6088,-1.058409772,1323.96
1.609,-1.128208038,1324.05
1.6092,-1.104871255,1324.14
1.6094,-1.14920716,1324.23
1.6096,-1.118018436,1324.32
1.6098,-1.212508546,1324.41
1.61,-1.195137858,1324.5
1.6102,-1.198082897,1324.59
1.6104,-1.171878197,1324.68
1.6106,-1.278544236,1324.77
1.6108,-1.265767768,1324.86
1.611,-1.314835582,1324.95
1.6112,-1.331097738,1325.04
1.6114,-1.322164022,1325.13
1.6116,-1.260618767,1325.22
1.6118,-1.266733359,1325.31
1.612,-1.308715926,1325.4
1.6122,-1.339293503,1325.49
1.6124,-1.256260461,1325.58
1.6126,-1.281962155,1325.67
1.6128,-1.264438664,1325.76
1.613,-1.247660814,1325.85
1.6132,-1.196951823,1325.94
1.6134,-1.208960275,1326.03
1.6136,-1.209727569,1326.12
1.6138,-1.19338255,1326.21
1.614,-1.156890025,1326.3
1.6142,-1.124967565,1326.39
1.6144,-1.118890703,1326.48
1.6146,-1.078517882,1326.57
1.6148,-0.9321743338,1326.66
1.615,-0.9126053506,1326.75
1.6152,-0.932784244,1326.84
1.6154,-0.8603242633,1326.93
1.6156,-0.8193239016,1327.02
1.6158,-0.7341083801,1327.11
1.616,-0.7107838792,1327.2
1.6162,-0.6378577278,1327.29
1.6164,-0.5656374527,1327.38
1.6166,-0.465054399,1327.47
1.6168,-0.459497557,1327.56
1.617,-0.3877151255,1327.65
1.6172,-0.3656886771,1327.74
1.6174,-0.2897917084,1327.83
1.6176,-0.1892320606,1327.92
1.6178,-0.152389495,1328.01
1.618,-0.1299005264,1328.1
1.6182,-0.01807927276,1328.19
1.6184,0.08306271268,1328.28
1.6186,0.1415171289,1328.37
1.6188,0.2246269527,1328.46
1.619,0.2678324204,1328.55
1.6192,0.3825903164,1328.64
1.6194,0.4684787091,1328.73
1.6196,0.5619649287,1328.82
1.6198,0.5874993544,1328.91
1.62,0.6171831179,1329
1.6202,0.7190571208,1329.09
1.6204,0.6857120394,1329.18
1.6206,0.7032384592,1329.27
1.6208,0.9112982,1329.36
1.621,0.8992025494,1329.45
1.6212,0.894782043,1329.54
1.6214,1.048662167,1329.63
1.6216,1.093812748,1329.72
1.6218,1.095078697,1329.81
1.622,1.0918495,1329.9
1.6222,1.231316405,1329.99
1.6224,1.155353707,1330.08
1.6226,1.190095514,1330.17
1.6228,1.210151892,1330.26
1.623,1.247973907,1330.35
1.6232,1.197673795,1330.44
1.6234,1.255539982,1330.53
1.6236,1.310166771,1330.62
1.6238,1.375302251,1330.71
1.624,1.293758739,1330.8
1.6242,1.298250333,1330.89
1.6244,1.319303638,1330.98
1.6246,1.342554034,1331.07
1.6248,1.35308891,1331.16
1.625,1.27794434,1331.25
1.6252,1.219432652,1331.34
1.6254,1.172318881,1331.43
1.6256,1.319191395,1331.52
1.6258,1.256125196,1331.61
1.626,1.259165701,1331.7
1.6262,1.240192002,1331.79
1.6264,1.210972696,1331.88
1.6266,1.24494262,1331.97
1.6268,1.158014398,1332.06
1.627,1.175365979,1332.15
1.6272,1.068439676,1332.24
1.6274,1.087337455,1332.33
1.6276,1.018275401,1332.42
1.6278,0.991624223,1332.51
1.628,0.9218232521,1332.6
1.6282,0.9627120282,1332.69
1.6284,0.9308993893,1332.78
1.6286,0.9531925355,1332.87
1.6288,0.8590494034,1332.96
1.629,0.8196391874,1333.05
1.6292,0.8003533734,1333.14
1.6294,0.7625522446,1333.23
1.6296,0.8115811421,1333.32
1.6298,0.7821097145,1333.41
1.63,0.645260533,1333.5
1.6302,0.7405890721,1333.59
1.6304,0.6522145858,1333.68
1.6306,0.6816419065,1333.77
1.6308,0.5954710416,1333.86
1.631,0.6766926495,1333.95
1.6312,0.5414297454,1334.04
1.6314,0.5549332833,1334.13
1.6316,0.5867937477,1334.22
1.6318,0.5138120535,1334.31
1.632,0.5629885378,1334.4
1.6322,0.4842240327,1334.49
1.6324,0.5388250446,1334.58
1.6326,0.5523506762,1334.67
1.6328,0.3967663288,1334.76
1.633,0.5137307232,1334.85
1.6332,0.4944314515,1334.94
1.6334,0.4213998156,1335.03
1.6336,0.45796014,1335.12
1.6338,0.4440312707,1335.21
1.634,0.5235781594,1335.3
1.6342,0.4212153235,1335.39
1.6344,0.4478308127,1335.48
1.6346,0.3985650491,1335.57
1.6348,0.4131491269,1335.66
1.635,0.4156196689,1335.75
1.6352,0.3756328732,1335.84
1.6354,0.4137352363,1335.93
1.6356,0.3554031273,1336.02
1.6358,0.3514193011,1336.11
1.636,0.3368152607,1336.2
1.6362,0.3305742017,1336.29
1.6364,0.3554374742,1336.38
1.6366,0.351355567,1336.47
1.6368,0.2397850716,1336.56
1.637,0.2555322748,1336.65
1.6372,0.2855793217,1336.74
1.6374,0.2808353251,1336.83
1.6376,0.1939472492,1336.92
1.6378,0.2814290753,1337.01
1.638,0.3182965068,1337.1
1.6382,0.2120709778,1337.19
1.6384,0.1820056118,1337.28
1.6386,0.1415138898,1337.37
1.6388,0.1524235876,1337.46
1.639,0.1188829062,1337.55
1.6392,0.1302316535,1337.64
1.6394,0.1216822909,1337.73
1.6396,0.02735744299,1337.82
1.6398,0.1039653787,1337.91
1.64,0.07393608576,1338
1.6402,-0.006684423728,1338.09
1.6404,0.06140882687,1338.18
1.6406,0.05989470352,1338.27
1.6408,-0.05325934158,1338.36
1.641,-0.01967035768,1338.45
1.6412,-0.08323173172,1338.54
1.6414,-0.09810359092,1338.63
1.6416,-0.1054337985,1338.72
1.6418,-0.1895352085,1338.81
1.642,-0.1355077934,1338.9
1.6422,-0.1814205013,1338.99
1.6424,-0.1886190358,1339.08
1.6426,-0.2026184563,1339.17
1.6428,-0.2372146682,1339.26
1.643,-0.1719793979,1339.35
1.6432,-0.2365059122,1339.44
1.6434,-0.1940122554,1339.53
1.6436,-0.3124679844,1339.62
1.6438,-0.2984217158,1339.71
1.644,-0.3290738416,1339.8
1.6442,-0.3347351537,1339.89
1.6444,-0.3053420655,1339.98
1.6446,-0.2980756742,1340.07
1.6448,-0.2486807763,1340.16
1.645,-0.3668923023,1340.25
1.6452,-0.3337000405,1340.34
1.6454,-0.3639082363,1340.43
1.6456,-0.3916198924,1340.52
1.6458,-0.3957793484,1340.61
1.646,-0.4102823713,1340.7
1.6462,-0.3154675242,1340.79
1.6464,-0.3944086891,1340.88
1.6466,-0.3833541271,1340.97
1.6468,-0.4437677212,1341.06
1.647,-0.4079278423,1341.15
1.6472,-0.4386100047,1341.24
1.6474,-0.4630074764,1341.33
1.6476,-0.4563745255,1341.42
1.6478,-0.4938706214,1341.51
1.648,-0.4156344944,1341.6
1.6482,-0.4987612274,1341.69
1.6484,-0.5177598098,1341.78
1.6486,-0.5412567302,1341.87
1.6488,-0.5510387709,1341.96
1.649,-0.5574764138,1342.05
1.6492,-0.6184345117,1342.14
1.6494,-0.5860764732,1342.23
1.6496,-0.5512091931,1342.32
1.6498,-0.5293136949,1342.41
1.65,-0.5757235294,1342.5
1.6502,-0.597710796,1342.59
1.6504,-0.5962279709,1342.68
1.6506,-0.7047100625,1342.77
1.6508,-0.6368931758,1342.86
1.651,-0.6743606155,1342.95
1.6512,-0.7172364304,1343.04
1.6514,-0.7595892675,1343.13
1.6516,-0.7534695646,1343.22
1.6518,-0.7684662482,1343.31
1.652,-0.8905418837,1343.4
1.6522,-0.839464588,1343.49
1.6524,-0.8549170056,1343.58
1.6526,-0.8802048693,1343.67
1.6528,-0.9734294503,1343.76
1.653,-0.9826665052,1343.85
1.6532,-1.017487171,1343.94
1.6534,-0.9861343726,1344.03
1.6536,-0.9398651817,1344.12
1.6538,-1.042395689,1344.21
1.654,-1.058806164,1344.3
1.6542,-1.168712189,1344.39
1.6544,-1.166767775,1344.48
1.6546,-1.141406363,1344.57
1.6548,-1.195454127,1344.66
1.655,-1.228504019,1344.75
1.6552,-1.246300488,1344.84
1.6554,-1.251387319,1344.93
1.6556,-1.234080289,1345.02
1.6558,-1.256107935,1345.11
1.656,-1.244773385,1345.2
1.6562,-1.293316917,1345.29
1.6564,-1.233279005,1345.38
1.6566,-1.420185811,1345.47
1.6568,-1.320614006,1345.56
1.657,-1.239468589,1345.65
1.6572,-1.318552955,1345.74
1.6574,-1.340418939,1345.83
1.6576,-1.320911897,1345.92
1.6578,-1.270928049,1346.01
1.658,-1.231399016,1346.1
1.6582,-1.277811134,1346.19
1.6584,-1.203551676,1346.28
1.6586,-1.238217407,1346.37
1.6588,-1.161176884,1346.46
1.659,-1.14509399,1346.55
1.6592,-1.069249362,1346.64
1.6594,-1.044581636,1346.73
1.6596,-0.9710232784,1346.82
1.6598,-1.006012846,1346.91
1.66,-1.083526573,1347
1.6602,-0.8507505043,1347.09
1.6604,-0.8115460401,1347.18
1.6606,-0.7806558919,1347.27
1.6608,-0.7454044124,1347.36
1.661,-0.7089158436,1347.45
1.6612,-0.6024578519,1347.54
1.6614,-0.5148733313,1347.63
1.6616,-0.4351723921,1347.72
1.6618,-0.4280519853,1347.81
1.662,-0.3922548016,1347.9
1.6622,-0.2408772946,1347.99
1.6624,-0.1475849924,1348.08
1.6626,-0.1167576228,1348.17
1.6628,-0.1383076929,1348.26
1.663,0.0638377403,1348.35
1.6632,0.01480138716,1348.44
1.6634,0.1814129627,1348.53
1.6636,0.1163357036,1348.62
1.6638,0.2416151945,1348.71
1.664,0.3682864822,1348.8
1.6642,0.4060007383,1348.89
1.6644,0.497738639,1348.98
1.6646,0.5745634948,1349.07
1.6648,0.6606628217,1349.16
1.665,0.7124444884,1349.25
1.6652,0.6690070367,1349.34
1.6654,0.7697986083,1349.43
1.6656,0.9285367133,1349.52
1.6658,0.8836727397,1349.61
1.666,0.8720461997,1349.7
1.6662,1.027495846,1349.79
1.6664,1.027615221,1349.88
1.6666,1.067946575,1349.97
1.6668,1.165683152,1350.06
1.667,1.189771823,1350.15
1.6672,1.179352007,1350.24
1.6674,1.263525483,1350.33
1.6676,1.228148076,1350.42
1.6678,1.253181904,1350.51
1.668,1.304579216,1350.6
1.6682,1.268171249,1350.69
1.6684,1.297358917,1350.78
1.6686,1.324171898,1350.87
1.6688,1.31275902,1350.96
1.669,1.289189677,1351.05
1.6692,1.390161563,1351.14
1.6694,1.308390379,1351.23
1.6696,1.342934547,1351.32
1.6698,1.273111813,1351.41
1.67,1.297432192,1351.5
1.6702,1.238422985,1351.59
1.6704,1.318208083,1351.68
1.6706,1.237639425,1351.77
1.6708,1.222448271,1351.86
1.671,1.326991298,1351.95
1.6712,1.118319722,1352.04
1.6714,1.156139458,1352.13
1.6716,1.129816025,1352.22
1.6718,1.109925884,1352.31
1.672,1.093677668,1352.4
1.6722,1.010936813,1352.49
1.6724,0.99453788,1352.58
1.6726,1.026060955,1352.67
1.6728,0.9493556793,1352.76
1.673,0.9569154433,1352.85
1.6732,0.9200425726,1352.94
1.6734,0.9345441701,1353.03
1.6736,0.9062596723,1353.12
1.6738,0.8802474255,1353.21
1.674,0.74543478,1353.3
1.6742,0.8056930329,1353.39
1.6744,0.762561905,1353.48
1.6746,0.7826898801,1353.57
1.6748,0.7264842985,1353.66
1.675,0.7464974858,1353.75
1.6752,0.6172718809,1353.84
1.6754,0.7292467673,1353.93
1.6756,0.6355332734,1354.02
1.6758,0.6243929556,1354.11
1.676,0.5831308697,1354.2
1.6762,0.5490903812,1354.29
1.6764,0.5982186936,1354.38
1.6766,0.5381894116,1354.47
1.6768,0.5869955766,1354.56
1.677,0.5805688434,1354.65
1.6772,0.5585241322,1354.74
1.6774,0.5238850326,1354.83
1.6776,0.4828424391,1354.92
1.6778,0.4543713679,1355.01
1.678,0.4236900904,1355.1
1.6782,0.4511391296,1355.19
1.6784,0.491327762,1355.28
1.6786,0.3892206351,1355.37
1.6788,0.4373075981,1355.46
1.679,0.4125427147,1355.55
1.6792,0.3748620451,1355.64
1.6794,0.3944696568,1355.73
1.6796,0.3848068069,1355.82
1.6798,0.3211586518,1355.91
1.68,0.2961480077,1356
1.6802,0.2792964433,1356.09
1.6804,0.4157281554,1356.18
1.6806,0.3826632171,1356.27
1.6808,0.312227197,1356.36
1.681,0.371635549,1356.45
1.6812,0.3326314731,1356.54
1.6814,0.2943119383,1356.63
1.6816,0.3421606102,1356.72
1.6818,0.2349861079,1356.81
1.682,0.2020634857,1356.9
1.6822,0.2211202017,1356.99
1.6824,0.2171955591,1357.08
1.6826,0.2839477977,1357.17
1.6828,0.2670468163,1357.26
1.683,0.1407870201,1357.35
1.6832,0.1757330029,1357.44
1.6834,0.2183059176,1357.53
1.6836,0.2017336658,1357.62
1.6838,0.07875205796,1357.71
1.684,0.1601357486,1357.8
1.6842,0.1071515775,1357.89
1.6844,0.07677155983,1357.98
1.6846,0.08644322977,1358.07
1.6848,-0.0117744151,1358.16
1.685,0.02237240212,1358.25
1.6852,-0.02903407728,1358.34
1.6854,-0.01746672011,1358.43
1.6856,-0.06413094366,1358.52
1.6858,-0.04771020399,1358.61
1.686,-0.0266621374,1358.7
1.6862,-0.1073696295,1358.79
1.6864,-0.1399112685,1358.88
1.6866,-0.1641811225,1358.97
1.6868,-0.1729492621,1359.06
1.687,-0.1933334721,1359.15
1.6872,-0.1641337478,1359.24
1.6874,-0.2302870204,1359.33
1.6876,-0.2913283862,1359.42
1.6878,-0.2403052236,1359.51
1.688,-0.2493620593,1359.6
1.6882,-0.2525425088,1359.69
1.6884,-0.2738989518,1359.78
1.6886,-0.3264803488,1359.87
1.6888,-0.31298413,1359.96
1.689,-0.2902878224,1360.05
1.6892,-0.2966598608,1360.14
1.6894,-0.3999292089,1360.23
1.6896,-0.3175303212,1360.32
1.6898,-0.4016046092,1360.41
1.69,-0.3810884617,1360.5
1.6902,-0.3470399742,1360.59
1.6904,-0.362592959,1360.68
1.6906,-0.3857464535,1360.77
1.6908,-0.3945763007,1360.86
1.691,-0.3899445809,1360.95
1.6912,-0.4545875164,1361.04
1.6914,-0.4300668297,1361.13
1.6916,-0.4324317741,1361.22
1.6918,-0.4347576599,1361.31
1.692,-0.4759585757,1361.4
1.6922,-0.3612481547,1361.49
1.6924,-0.4513682081,1361.58
1.6926,-0.4287179156,1361.67
1.6928,-0.4904770374,1361.76
1.693,-0.4802998212,1361.85
1.6932,-0.5092100158,1361.94
1.6934,-0.525896755,1362.03
1.6936,-0.5285695813,1362.12
1.6938,-0.5727870693,1362.21
1.694,-0.5425585725,1362.3
1.6942,-0.5313056987,1362.39
1.6944,-0.6372806898,1362.48
1.6946,-0.6551905323,1362.57
1.6948,-0.6994124938,1362.66
1.695,-0.6364045166,1362.75
1.6952,-0.6347779778,1362.84
1.6954,-0.6813779936,1362.93
1.6956,-0.7654183849,1363.02
1.6958,-0.7542505045,1363.11
1.696,-0.7568764434,1363.2
1.6962,-0.7705001808,1363.29
1.6964,-0.8013633367,1363.38
1.6966,-0.9158613431,1363.47
1.6968,-0.963323897,1363.56
1.697,-0.9343463901,1363.65
1.6972,-1.009439547,1363.74
1.6974,-0.8877153346,1363.83
1.6976,-1.031943854,1363.92
1.6978,-0.9615919998,1364.01
1.698,-1.019945686,1364.1
1.6982,-1.088507,1364.19
1.6984,-1.115607217,1364.28
1.6986,-1.10028561,1364.37
1.6988,-1.106346035,1364.46
1.699,-1.21543748,1364.55
1.6992,-1.218406881,1364.64
1.6994,-1.281508579,1364.73
1.6996,-1.221848208,1364.82
1.6998,-1.295118507,1364.91
1.7,-1.278462581,1365
1.7002,-1.312865612,1365.09
1.7004,-1.340003448,1365.18
1.7006,-1.30182176,1365.27
1.7008,-1.31552011,1365.36
1.701,-1.246619713,1365.45
1.7012,-1.307912078,1365.54
1.7014,-1.383295734,1365.63
1.7016,-1.259017511,1365.72
1.7018,-1.302798558,1365.81
1.702,-1.265491829,1365.9
1.7022,-1.224103639,1365.99
1.7024,-1.323593026,1366.08
1.7026,-1.284320346,1366.17
1.7028,-1.267717062,1366.26
1.703,-1.156197784,1366.35
1.7032,-1.163776533,1366.44
1.7034,-1.077102576,1366.53
1.7036,-1.038461588,1366.62
1.7038,-1.057343925,1366.71
1.704,-0.9925754601,1366.8
1.7042,-0.8934985704,1366.89
1.7044,-0.814200627,1366.98
1.7046,-0.7644675476,1367.07
1.7048,-0.7716047551,1367.16
1.705,-0.6875444882,1367.25
1.7052,-0.6185610525,1367.34
1.7054,-0.5561084257,1367.43
1.7056,-0.5417156436,1367.52
1.7058,-0.4292654751,1367.61
1.706,-0.4114628145,1367.7
1.7062,-0.3694835425,1367.79
1.7064,-0.1542992102,1367.88
1.7066,-0.2369858836,1367.97
1.7068,-0.1503535822,1368.06
1.707,-0.05012185797,1368.15
1.7072,0.004718605441,1368.24
1.7074,0.120528417,1368.33
1.7076,0.1539802465,1368.42
1.7078,0.1911947387,1368.51
1.708,0.3196629234,1368.6
1.7082,0.3424078677,1368.69
1.7084,0.4363226677,1368.78
1.7086,0.4793275259,1368.87
1.7088,0.5215941943,1368.96
1.709,0.6798212664,1369.05
1.7092,0.7218044327,1369.14
1.7094,0.7422062174,1369.23
1.7096,0.8115040385,1369.32
1.7098,0.8116607183,1369.41
1.71,0.8703816754,1369.5
1.7102,0.9625148933,1369.59
1.7104,1.047469407,1369.68
1.7106,1.025043428,1369.77
1.7108,1.075690505,1369.86
1.711,1.065330564,1369.95
1.7112,1.16801387,1370.04
1.7114,1.148560159,1370.13
1.7116,1.175740978,1370.22
1.7118,1.173700342,1370.31
1.712,1.253061714,1370.4
1.7122,1.344058941,1370.49
1.7124,1.325024871,1370.58
1.7126,1.239684626,1370.67
1.7128,1.372832465,1370.76
1.713,1.287602728,1370.85
1.7132,1.328292663,1370.94
1.7134,1.320615696,1371.03
1.7136,1.402769411,1371.12
1.7138,1.244788675,1371.21
1.714,1.306507659,1371.3
1.7142,1.270239516,1371.39
1.7144,1.235508744,1371.48
1.7146,1.25983069,1371.57
1.7148,1.172541744,1371.66
1.715,1.287393323,1371.75
1.7152,1.216674567,1371.84
1.7154,1.093369686,1371.93
1.7156,1.141477493,1372.02
1.7158,1.066171173,1372.11
1.716,1.099928536,1372.2
1.7162,1.049873565,1372.29
1.7164,1.102069519,1372.38
1.7166,1.071428998,1372.47
1.7168,0.9315034693,1372.56
1.717,0.9474947683,1372.65
1.7172,0.873478321,1372.74
1.7174,0.9263641917,1372.83
1.7176,0.8772654276,1372.92
1.7178,0.8874813763,1373.01
1.718,0.8792496185,1373.1
1.7182,0.7756059747,1373.19
1.7184,0.7797456463,1373.28
1.7186,0.6471343752,1373.37
1.7188,0.7338612425,1373.46
1.719,0.6906425732,1373.55
1.7192,0.6851154263,1373.64
1.7194,0.630907688,1373.73
1.7196,0.7332888633,1373.82
1.7198,0.5718022631,1373.91
1.72,0.5736082541,1374
1.7202,0.5573770468,1374.09
1.7204,0.6081025268,1374.18
1.7206,0.5704606085,1374.27
1.7208,0.5542054046,1374.36
1.721,0.4718196223,1374.45
1.7212,0.5512442998,1374.54
1.7214,0.5094660277,1374.63
1.7216,0.4506984561,1374.72
1.7218,0.3618744804,1374.81
1.722,0.4958847211,1374.9
1.7222,0.4520226919,1374.99
1.7224,0.3479774681,1375.08
1.7226,0.4858084135,1375.17
1.7228,0.4783348741,1375.26
1.723,0.345937864,1375.35
1.7232,0.4443913708,1375.44
1.7234,0.4327159486,1375.53
1.7236,0.3636033898,1375.62
1.7238,0.3690249473,1375.71
1.724,0.366800213,1375.8
1.7242,0.4266391676,1375.89
1.7244,0.3418843946,1375.98
1.7246,0.3535383619,1376.07
1.7248,0.330148497,1376.16
1.725,0.2968261766,1376.25
1.7252,0.3346383796,1376.34
1.7254,0.2460767341,1376.43
1.7256,0.2242331141,1376.52
1.7258,0.2095830371,1376.61
1.726,0.2978526394,1376.7
1.7262,0.3491111136,1376.79
1.7264,0.2611574521,1376.88
1.7266,0.2239962618,1376.97
1.7268,0.2133402394,1377.06
1.727,0.2152645175,1377.15
1.7272,0.1701807384,1377.24
1.7274,0.1255699157,1377.33
1.7276,0.1939529042,1377.42
1.7278,0.122409424,1377.51
1.728,0.09414534993,1377.6
1.7282,0.1075065047,1377.69
1.7284,0.1180695337,1377.78
1.7286,0.04531486393,1377.87
1.7288,0.04680596701,1377.96
1.729,-0.01888291985,1378.05
1.7292,-0.03663770499,1378.14
1.7294,-0.01359464971,1378.23
1.7296,-0.02697214851,1378.32
1.7298,-0.06338092694,1378.41
1.73,-0.06069608284,1378.5
1.7302,-0.1427899223,1378.59
1.7304,-0.1947789941,1378.68
1.7306,-0.2127756141,1378.77
1.7308,-0.1590212982,1378.86
1.731,-0.2598515279,1378.95
1.7312,-0.1813802198,1379.04
1.7314,-0.2130840124,1379.13
1.7316,-0.2031207335,1379.22
1.7318,-0.2809510163,1379.31
1.732,-0.3048537308,1379.4
1.7322,-0.2562431254,1379.49
1.7324,-0.3267428194,1379.58
1.7326,-0.3162383336,1379.67
1.7328,-0.3155498648,1379.76
1.733,-0.3362479792,1379.85
1.7332,-0.334164966,1379.94
1.7334,-0.3374397368,1380.03
1.7336,-0.3724963301,1380.12
1.7338,-0.3688840421,1380.21
1.734,-0.3606702644,1380.3
1.7342,-0.4608432271,1380.39
1.7344,-0.3509457384,1380.48
1.7346,-0.3929257699,1380.57
1.7348,-0.4449086551,1380.66
1.735,-0.430257133,1380.75
1.7352,-0.3926765721,1380.84
1.7354,-0.4456362479,1380.93
1.7356,-0.4374743358,1381.02
1.7358,-0.4217203719,1381.11
1.736,-0.4187208752,1381.2
1.7362,-0.4754352883,1381.29
1.7364,-0.483662713,1381.38
1.7366,-0.5149547725,1381.47
1.7368,-0.5117089093,1381.56
1.737,-0.4893652945,1381.65
1.7372,-0.5184021609,1381.74
1.7374,-0.5727240479,1381.83
1.7376,-0.5285867496,1381.92
1.7378,-0.5991306812,1382.01
1.738,-0.6217661207,1382.1
1.7382,-0.6360065222,1382.19
1.7384,-0.6869523419,1382.28
1.7386,-0.5956721314,1382.37
1.7388,-0.7526174053,1382.46
1.739,-0.6985222279,1382.55
1.7392,-0.7057136255,1382.64
1.7394,-0.7902208094,1382.73
1.7396,-0.732853004,1382.82
1.7398,-0.7530323205,1382.91
1.74,-0.7889301097,1383
1.7402,-0.8570699547,1383.09
1.7404,-0.8291334907,1383.18
1.7406,-0.9953662881,1383.27
1.7408,-0.8642518778,1383.36
1.741,-0.9476853517,1383.45
1.7412,-0.9757082236,1383.54
1.7414,-1.026907354,1383.63
1.7416,-1.01196461,1383.72
1.7418,-1.101662545,1383.81
1.742,-1.099879021,1383.9
1.7422,-1.115857496,1383.99
1.7424,-1.114847193,1384.08
1.7426,-1.23814831,1384.17
1.7428,-1.187760472,1384.26
1.743,-1.210051771,1384.35
1.7432,-1.194115899,1384.44
1.7434,-1.274367889,1384.53
1.7436,-1.308418296,1384.62
1.7438,-1.281176905,1384.71
1.744,-1.290491877,1384.8
1.7442,-1.3235512,1384.89
1.7444,-1.321211251,1384.98
1.7446,-1.271962039,1385.07
1.7448,-1.300830998,1385.16
1.745,-1.277974997,1385.25
1.7452,-1.354821466,1385.34
1.7454,-1.302229493,1385.43
1.7456,-1.335431443,1385.52
1.7458,-1.231529937,1385.61
1.746,-1.202380612,1385.7
1.7462,-1.115633117,1385.79
1.7464,-1.181724771,1385.88
1.7466,-1.18330809,1385.97
1.7468,-1.064452735,1386.06
1.747,-1.041480863,1386.15
1.7472,-1.11130159,1386.24
1.7474,-1.040676022,1386.33
1.7476,-1.036520271,1386.42
1.7478,-0.9787372195,1386.51
1.748,-0.9481303033,1386.6
1.7482,-0.8677214602,1386.69
1.7484,-0.7314338115,1386.78
1.7486,-0.6788846361,1386.87
1.7488,-0.5998947319,1386.96
1.749,-0.6319953675,1387.05
1.7492,-0.5086697847,1387.14
1.7494,-0.4459704597,1387.23
1.7496,-0.4176958131,1387.32
1.7498,-0.2715076175,1387.41
1.75,-0.1943357486,1387.5
1.7502,-0.1701767576,1387.59
1.7504,-0.064327324,1387.68
1.7506,-0.02844600168,1387.77
1.7508,0.09790006958,1387.86
1.751,0.1676126795,1387.95
1.7512,0.1393271223,1388.04
1.7514,0.2361186643,1388.13
1.7516,0.3733552499,1388.22
1.7518,0.4140373571,1388.31
1.752,0.5467356316,1388.4
1.7522,0.5290014719,1388.49
1.7524,0.5703069784,1388.58
1.7526,0.6936879236,1388.67
1.7528,0.712086164,1388.76
1.753,0.7181985952,1388.85
1.7532,0.8076093237,1388.94
1.7534,0.919156607,1389.03
1.7536,0.9449716884,1389.12
1.7538,0.9901543974,1389.21
1.754,1.04529025,1389.3
1.7542,1.093401173,1389.39
1.7544,1.139788631,1389.48
1.7546,1.135749847,1389.57
1.7548,1.221573837,1389.66
1.755,1.216430272,1389.75
1.7552,1.203751148,1389.84
1.7554,1.286326762,1389.93
1.7556,1.327349174,1390.02
1.7558,1.241345229,1390.11
1.756,1.320031373,1390.2
1.7562,1.374088024,1390.29
1.7564,1.327996737,1390.38
1.7566,1.237654805,1390.47
1.7568,1.313627106,1390.56
1.757,1.351211728,1390.65
1.7572,1.341241287,1390.74
1.7574,1.288259433,1390.83
1.7576,1.277795845,1390.92
1.7578,1.245694967,1391.01
1.758,1.209667721,1391.1
1.7582,1.195929246,1391.19
1.7584,1.227398752,1391.28
1.7586,1.176327884,1391.37
1.7588,1.113236183,1391.46
1.759,1.063921595,1391.55
1.7592,1.084768739,1391.64
1.7594,1.140473095,1391.73
1.7596,0.9881927311,1391.82
1.7598,1.039816696,1391.91
1.76,0.8760369603,1392
1.7602,1.031367952,1392.09
1.7604,1.016229076,1392.18
1.7606,0.9522029031,1392.27
1.7608,0.9282098542,1392.36
1.761,0.8898011521,1392.45
1.7612,0.8389283795,1392.54
1.7614,0.8427464581,1392.63
1.7616,0.7210330739,1392.72
1.7618,0.7509182016,1392.81
1.762,0.6993311685,1392.9
1.7622,0.7440890441,1392.99
1.7624,0.7364272714,1393.08
1.7626,0.7256426051,1393.17
1.7628,0.6882363304,1393.26
1.763,0.6358644368,1393.35
1.7632,0.656834595,1393.44
1.7634,0.6408203869,1393.53
1.7636,0.5911447993,1393.62
1.7638,0.576752977,1393.71
1.764,0.5408114176,1393.8
1.7642,0.4919989505,1393.89
1.7644,0.5600038574,1393.98
1.7646,0.5205457208,1394.07
1.7648,0.5257892627,1394.16
1.765,0.5010794474,1394.25
1.7652,0.5382877011,1394.34
1.7654,0.4076755837,1394.43
1.7656,0.4608486359,1394.52
1.7658,0.4923536754,1394.61
1.766,0.491614299,1394.7
1.7662,0.4284091087,1394.79
1.7664,0.4622371371,1394.88
1.7666,0.4192152565,1394.97
1.7668,0.3857668964,1395.06
1.767,0.3859337833,1395.15
1.7672,0.3954397512,1395.24
1.7674,0.4426253392,1395.33
1.7676,0.3406066969,1395.42
1.7678,0.3350590062,1395.51
1.768,0.327960657,1395.6
1.7682,0.2817034954,1395.69
1.7684,0.326242934,1395.78
1.7686,0.2427600768,1395.87
1.7688,0.3620860569,1395.96
1.769,0.3175013999,1396.05
1.7692,0.2143248522,1396.14
1.7694,0.267110339,1396.23
1.7696,0.2174828883,1396.32
1.7698,0.2448790541,1396.41
1.77,0.2377608044,1396.5
1.7702,0.2002973473,1396.59
1.7704,0.09585092442,1396.68
1.7706,0.2450619622,1396.77
1.7708,0.1842985782,1396.86
1.771,0.1268310935,1396.95
1.7712,0.04377559288,1397.04
1.7714,0.0758777359,1397.13
1.7716,-0.02092011826,1397.22
1.7718,0.07827542542,1397.31
1.772,0.03450164928,1397.4
1.7722,-0.002110459539,1397.49
1.7724,0.005504234959,1397.58
1.7726,0.04828838184,1397.67
1.7728,-0.06877387939,1397.76
1.773,-0.06531563661,1397.85
1.7732,-0.1082749305,1397.94
1.7734,-0.2158011471,1398.03
1.7736,-0.0699557912,1398.12
1.7738,-0.124990957,1398.21
1.774,-0.1367880067,1398.3
1.7742,-0.1875318849,1398.39
1.7744,-0.1220152418,1398.48
1.7746,-0.2025560556,1398.57
1.7748,-0.2451291462,1398.66
1.775,-0.2112507642,1398.75
1.7752,-0.2644160249,1398.84
1.7754,-0.3210703174,1398.93
1.7756,-0.2888932982,1399.02
1.7758,-0.2286585133,1399.11
1.776,-0.3759856801,1399.2
1.7762,-0.3408076399,1399.29
1.7764,-0.3488645142,1399.38
1.7766,-0.3625505127,1399.47
1.7768,-0.3386333729,1399.56
1.777,-0.341782589,1399.65
1.7772,-0.433631246,1399.74
1.7774,-0.3553454459,1399.83
1.7776,-0.3378232425,1399.92
1.7778,-0.4442613433,1400.01
1.778,-0.4799230529,1400.1
1.7782,-0.4288873594,1400.19
1.7784,-0.4490450308,1400.28
1.7786,-0.453378236,1400.37
1.7788,-0.4678245498,1400.46
1.779,-0.5056246118,1400.55
1.7792,-0.4280984424,1400.64
1.7794,-0.4321562544,1400.73
1.7796,-0.5299281481,1400.82
1.7798,-0.4863730766,1400.91
1.78,-0.4865705163,1401
1.7802,-0.5029386406,1401.09
1.7804,-0.5762158527,1401.18
1.7806,-0.5993072992,1401.27
1.7808,-0.4856893614,1401.36
1.781,-0.6483264198,1401.45
1.7812,-0.6312696593,1401.54
1.7814,-0.6282083334,1401.63
1.7816,-0.6251265207,1401.72
1.7818,-0.7089388253,1401.81
1.782,-0.7048442204,1401.9
1.7822,-0.6483749145,1401.99
1.7824,-0.6725879699,1402.08
1.7826,-0.7546388646,1402.17
1.7828,-0.8117465185,1402.26
1.783,-0.8398797728,1402.35
1.7832,-0.8090058693,1402.44
1.7834,-0.9065340264,1402.53
1.7836,-0.8566012717,1402.62
1.7838,-0.9486524439,1402.71
1.784,-1.003612191,1402.8
1.7842,-1.027682357,1402.89
1.7844,-0.9416229465,1402.98
1.7846,-1.066855564,1403.07
1.7848,-1.068766666,1403.16
1.785,-1.094618743,1403.25
1.7852,-1.180482994,1403.34
1.7854,-1.138470503,1403.43
1.7856,-1.154844898,1403.52
1.7858,-1.151449489,1403.61
1.786,-1.239796602,1403.7
1.7862,-1.261875304,1403.79
1.7864,-1.247817028,1403.88
1.7866,-1.246935865,1403.97
1.7868,-1.239922682,1404.06
1.787,-1.361618666,1404.15
1.7872,-1.33401174,1404.24
1.7874,-1.281906339,1404.33
1.7876,-1.301378093,1404.42
1.7878,-1.229956346,1404.51
1.788,-1.265738305,1404.6
1.7882,-1.367804514,1404.69
1.7884,-1.22197725,1404.78
1.7886,-1.285756929,1404.87
1.7888,-1.266607843,1404.96
1.789,-1.240440732,1405.05
1.7892,-1.267372004,1405.14
1.7894,-1.127507127,1405.23
1.7896,-1.203658995,1405.32
1.7898,-1.177385125,1405.41
1.79,-1.083832027,1405.5
1.7902,-1.041203831,1405.59
1.7904,-0.96211686,1405.68
1.7906,-1.021173442,1405.77
1.7908,-0.9112399768,1405.86
1.791,-0.870440033,1405.95
1.7912,-0.8621040356,1406.04
1.7914,-0.7961099661,1406.13
1.7916,-0.6265142186,1406.22
1.7918,-0.6836712614,1406.31
1.792,-0.5634505747,1406.4
1.7922,-0.5660847267,1406.49
1.7924,-0.4392271871,1406.58
1.7926,-0.3294962878,1406.67
1.7928,-0.3791085344,1406.76
1.793,-0.2311244021,1406.85
1.7932,-0.07113095156,1406.94
1.7934,-0.07390794005,1407.03
1.7936,0.01665301379,1407.12
1.7938,0.01349077595,1407.21
1.794,0.1370601004,1407.3
1.7942,0.1814154987,1407.39
1.7944,0.3259856426,1407.48
1.7946,0.3416344744,1407.57
1.7948,0.4044734424,1407.66
1.795,0.4954293445,1407.75
1.7952,0.4961241214,1407.84
1.7954,0.6173851753,1407.93
1.7956,0.66336091,1408.02
1.7958,0.7483941108,1408.11
1.796,0.8114826408,1408.2
1.7962,0.8676038286,1408.29
1.7964,0.9387553266,1408.38
1.7966,0.9795044552,1408.47
1.7968,0.9633489016,1408.56
1.797,0.9436394636,1408.65
1.7972,1.133238916,1408.74
1.7974,1.162672023,1408.83
1.7976,1.196647696,1408.92
1.7978,1.189811253,1409.01
1.798,1.274028559,1409.1
1.7982,1.205585078,1409.19
1.7984,1.217072983,1409.28
1.7986,1.399301103,1409.37
1.7988,1.26834875,1409.46
1.799,1.322758602,1409.55
1.7992,1.325355316,1409.64
1.7994,1.343991425,1409.73
1.7996,1.309832547,1409.82
1.7998,1.335949603,1409.91
1.8,1.349283379,1410
1.8002,1.252945208,1410.09
1.8004,1.181089233,1410.18
1.8006,1.294121754,1410.27
1.8008,1.163457424,1410.36
1.801,1.254200217,1410.45
1.8012,1.219201252,1410.54
1.8014,1.243627309,1410.63
1.8016,1.182769176,1410.72
1.8018,1.202076873,1410.81
1.802,1.110639954,1410.9
1.8022,1.021324323,1410.99
1.8024,1.104544825,1411.08
1.8026,1.069001225,1411.17
1.8028,1.016224586,1411.26
1.803,1.012379712,1411.35
1.8032,0.9568717808,1411.44
1.8034,0.8714941643,1411.53
1.8036,0.8593792515,1411.62
1.8038,0.8805660211,1411.71
1.804,0.9293708017,1411.8
1.8042,0.8400689335,1411.89
1.8044,0.661041329,1411.98
1.8046,0.7422087565,1412.07
1.8048,0.6608529386,1412.16
1.805,0.6707634339,1412.25
1.8052,0.6126001934,1412.34
1.8054,0.6745804459,1412.43
1.8056,0.647653887,1412.52
1.8058,0.6221030328,1412.61
1.806,0.61862267,1412.7
1.8062,0.5783051141,1412.79
1.8064,0.5813245394,1412.88
1.8066,0.6246955081,1412.97
1.8068,0.5414482883,1413.06
1.807,0.4921815797,1413.15
1.8072,0.5611889101,1413.24
1.8074,0.463061604,1413.33
1.8076,0.5706121672,1413.42
1.8078,0.4934786002,1413.51
1.808,0.5116452394,1413.6
1.8082,0.4468865292,1413.69
1.8084,0.519329843,1413.78
1.8086,0.4334052664,1413.87
1.8088,0.4030253277,1413.96
1.809,0.4192161668,1414.05
1.8092,0.4104075764,1414.14
1.8094,0.4144443765,1414.23
1.8096,0.4270249665,1414.32
1.8098,0.4300862808,1414.41
1.81,0.4035864617,1414.5
1.8102,0.3867069745,1414.59
1.8104,0.3547198861,1414.68
1.8106,0.2998855988,1414.77
1.8108,0.3363955792,1414.86
1.811,0.3761274686,1414.95
1.8112,0.3359001762,1415.04
1.8114,0.348794082,1415.13
1.8116,0.3171892307,1415.22
1.8118,0.3366494077,1415.31
1.812,0.2154383996,1415.4
1.8122,0.2010657402,1415.49
1.8124,0.1339648747,1415.58
1.8126,0.165730709,1415.67
1.8128,0.2005016715,1415.76
1.813,0.1286515553,1415.85
1.8132,0.2530424937,1415.94
1.8134,0.1418278891,1416.03
1.8136,0.1040859992,1416.12
1.8138,0.1464015303,1416.21
1.814,0.1210164706,1416.3
1.8142,0.1277276601,1416.39
1.8144,0.04532219018,1416.48
1.8146,0.02560014235,1416.57
1.8148,0.03556787369,1416.66
1.815,0.04536199933,1416.75
1.8152,0.001502505874,1416.84
1.8154,-0.03749074737,1416.93
1.8156,-0.1078971595,1417.02
1.8158,-0.1464555463,1417.11
1.816,-0.07249488878,1417.2
1.8162,-0.1482262488,1417.29
1.8164,-0.1414224723,1417.38
1.8166,-0.2216206256,1417.47
1.8168,-0.1288148486,1417.56
1.817,-0.1547006291,1417.65
1.8172,-0.2126165755,1417.74
1.8174,-0.1969054744,1417.83
1.8176,-0.2968863372,1417.92
1.8178,-0.3142053817,1418.01
1.818,-0.3504119663,1418.1
1.8182,-0.2403802178,1418.19
1.8184,-0.2997113751,1418.28
1.8186,-0.3058478657,1418.37
1.8188,-0.306434761,1418.46
1.819,-0.3421119232,1418.55
1.8192,-0.3888311023,1418.64
1.8194,-0.4866232849,1418.73
1.8196,-0.3744864597,1418.82
1.8198,-0.35722978,1418.91
1.82,-0.3952004492,1419
1.8202,-0.4538205985,1419.09
1.8204,-0.4320539894,1419.18
1.8206,-0.3755161935,1419.27
1.8208,-0.4143806292,1419.36
1.821,-0.4858242388,1419.45
1.8212,-0.4353827809,1419.54
1.8214,-0.3693231205,1419.63
1.8216,-0.4928235323,1419.72
1.8218,-0.528469524,1419.81
1.822,-0.476991145,1419.9
1.8222,-0.4996349272,1419.99
1.8224,-0.4481123757,1420.08
1.8226,-0.5465079628,1420.17
1.8228,-0.5835281041,1420.26
1.823,-0.5331277609,1420.35
1.8232,-0.6027072411,1420.44
1.8234,-0.5528791865,1420.53
1.8236,-0.6570490443,1420.62
1.8238,-0.6381132639,1420.71
1.824,-0.6642583111,1420.8
1.8242,-0.6437787505,1420.89
1.8244,-0.5953957419,1420.98
1.8246,-0.6353946043,1421.07
1.8248,-0.7802839454,1421.16
1.825,-0.6662831566,1421.25
1.8252,-0.8547917317,1421.34
1.8254,-0.7380030395,1421.43
1.8256,-0.8594899023,1421.52
1.8258,-0.8562975444,1421.61
1.826,-0.8682295941,1421.7
1.8262,-0.9037946835,1421.79
1.8264,-1.029870586,1421.88
1.8266,-0.8842533236,1421.97
1.8268,-0.9579657314,1422.06
1.827,-1.000277263,1422.15
1.8272,-1.122038015,1422.24
1.8274,-1.08809501,1422.33
1.8276,-1.155696748,1422.42
1.8278,-1.108505552,1422.51
1.828,-1.174502463,1422.6
1.8282,-1.094573099,1422.69
1.8284,-1.219610173,1422.78
1.8286,-1.212994358,1422.87
1.8288,-1.223324426,1422.96
1.829,-1.288074386,1423.05
1.8292,-1.266990975,1423.14
1.8294,-1.322962424,1423.23
1.8296,-1.313741313,1423.32
1.8298,-1.370183394,1423.41
1.83,-1.319749886,1423.5
1.8302,-1.339279842,1423.59
1.8304,-1.271134748,1423.68
1.8306,-1.32912236,1423.77
1.8308,-1.331625791,1423.86
1.831,-1.27679756,1423.95
1.8312,-1.341427,1424.04
1.8314,-1.253615278,1424.13
1.8316,-1.308683326,1424.22
1.8318,-1.225118034,1424.31
1.832,-1.158298124,1424.4
1.8322,-1.163713301,1424.49
1.8324,-1.123997839,1424.58
1.8326,-1.031560961,1424.67
1.8328,-1.041866454,1424.76
1.833,-0.9340634927,1424.85
1.8332,-0.8865408594,1424.94
1.8334,-0.8497575777,1425.03
1.8336,-0.8642810357,1425.12
1.8338,-0.7181579335,1425.21
1.834,-0.741971331,1425.3
1.8342,-0.6800386564,1425.39
1.8344,-0.5865359425,1425.48
1.8346,-0.5469730206,1425.57
1.8348,-0.3863353391,1425.66
1.835,-0.4096925897,1425.75
1.8352,-0.2862189615,1425.84
1.8354,-0.1832759729,1425.93
1.8356,-0.09931684699,1426.02
1.8358,-0.01906646385,1426.11
1.836,0.01469633574,1426.2
1.8362,0.1381148813,1426.29
1.8364,0.2296892021,1426.38
1.8366,0.2612494661,1426.47
1.8368,0.3602847801,1426.56
1.837,0.4030717779,1426.65
1.8372,0.4541010558,1426.74
1.8374,0.5394358264,1426.83
1.8376,0.5508788604,1426.92
1.8378,0.6702013689,1427.01
1.838,0.6509607488,1427.1
1.8382,0.8127916458,1427.19
1.8384,0.83851016,1427.28
1.8386,0.9352237246,1427.37
1.8388,0.9035227653,1427.46
1.839,0.9717281084,1427.55
1.8392,1.007048022,1427.64
1.8394,1.030030156,1427.73
1.8396,1.096442431,1427.82
1.8398,1.151359073,1427.91
1.84,1.116615188,1428
1.8402,1.21434067,1428.09
1.8404,1.185195928,1428.18
1.8406,1.237545382,1428.27
1.8408,1.257025806,1428.36
1.841,1.310578559,1428.45
1.8412,1.275514354,1428.54
1.8414,1.355656413,1428.63
1.8416,1.222929599,1428.72
1.8418,1.331373056,1428.81
1.842,1.333045411,1428.9
1.8422,1.32401116,1428.99
1.8424,1.3379276,1429.08
1.8426,1.174839553,1429.17
1.8428,1.291658862,1429.26
1.843,1.268175377,1429.35
1.8432,1.237094135,1429.44
1.8434,1.206464981,1429.53
1.8436,1.101982036,1429.62
1.8438,1.189790482,1429.71
1.844,1.215698844,1429.8
1.8442,1.122891222,1429.89
1.8444,1.068040923,1429.98
1.8446,1.000231403,1430.07
1.8448,1.088700363,1430.16
1.845,0.9926850142,1430.25
1.8452,0.9529469833,1430.34
1.8454,0.9043436584,1430.43
1.8456,0.8787379238,1430.52
1.8458,0.8927855401,1430.61
1.846,0.8366245969,1430.7
1.8462,0.8526020477,1430.79
1.8464,0.770153195,1430.88
1.8466,0.6967837521,1430.97
1.8468,0.7497568999,1431.06
1.847,0.7775389325,1431.15
1.8472,0.7258410731,1431.24
1.8474,0.6626974938,1431.33
1.8476,0.6420665664,1431.42
1.8478,0.6389203236,1431.51
1.848,0.5428885265,1431.6
1.8482,0.5201755959,1431.69
1.8484,0.6104131529,1431.78
1.8486,0.5086055064,1431.87
1.8488,0.5549871125,1431.96
1.849,0.5391036838,1432.05
1.8492,0.5732567948,1432.14
1.8494,0.540172305,1432.23
1.8496,0.4699650532,1432.32
1.8498,0.3676000961,1432.41
1.85,0.4416858372,1432.5
1.8502,0.4521201829,1432.59
1.8504,0.4317196827,1432.68
1.8506,0.487157683,1432.77
1.8508,0.3783262664,1432.86
1.851,0.4230792357,1432.95
1.8512,0.4776394524,1433.04
1.8514,0.3779322305,1433.13
1.8516,0.3966770211,1433.22
1.8518,0.3835028368,1433.31
1.852,0.3979396898,1433.4
1.8522,0.4318755812,1433.49
1.8524,0.3203192939,1433.58
1.8526,0.373946244,1433.67
1.8528,0.3756942367,1433.76
1.853,0.3299538023,1433.85
1.8532,0.3290593821,1433.94
1.8534,0.357071193,1434.03
1.8536,0.4229933853,1434.12
1.8538,0.3133945133,1434.21
1.854,0.2753307055,1434.3
1.8542,0.2482791494,1434.39
1.8544,0.3466440642,1434.48
1.8546,0.2709753202,1434.57
1.8548,0.1631372621,1434.66
1.855,0.2910511137,1434.75
1.8552,0.1491181629,1434.84
1.8554,0.1928885779,1434.93
1.8556,0.09344627927,1435.02
1.8558,0.1183326127,1435.11
1.856,0.04085416605,1435.2
1.8562,0.1198906655,1435.29
1.8564,0.06102153842,1435.38
1.8566,0.02304247391,1435.47
1.8568,0.06111293676,1435.56
1.857,-0.02763935842,1435.65
1.8572,-0.007698065082,1435.74
1.8574,-0.02183527047,1435.83
1.8576,-0.08408410279,1435.92
1.8578,-0.04601175308,1436.01
1.858,-0.1285157945,1436.1
1.8582,-0.1464856544,1436.19
1.8584,-0.1852528099,1436.28
1.8586,-0.1780197095,1436.37
1.8588,-0.1575180864,1436.46
1.859,-0.2082922593,1436.55
1.8592,-0.2111309454,1436.64
1.8594,-0.2284928147,1436.73
1.8596,-0.2299209991,1436.82
1.8598,-0.2844904507,1436.91
1.86,-0.2477549414,1437
1.8602,-0.251732408,1437.09
1.8604,-0.3547281763,1437.18
1.8606,-0.2725378392,1437.27
1.8608,-0.3461635073,1437.36
1.861,-0.4064891783,1437.45
1.8612,-0.3546004139,1437.54
1.8614,-0.3506567147,1437.63
1.8616,-0.3501633412,1437.72
1.8618,-0.3582987082,1437.81
1.862,-0.383581515,1437.9
1.8622,-0.3381261876,1437.99
1.8624,-0.4580457075,1438.08
1.8626,-0.4083380308,1438.17
1.8628,-0.5089227541,1438.26
1.863,-0.3764338284,1438.35
1.8632,-0.367269598,1438.44
1.8634,-0.5059673125,1438.53
1.8636,-0.5212652679,1438.62
1.8638,-0.4422830287,1438.71
1.864,-0.5319816965,1438.8
1.8642,-0.4931627829,1438.89
1.8644,-0.4314951332,1438.98
1.8646,-0.495618969,1439.07
1.8648,-0.4570739949,1439.16
1.865,-0.5608491995,1439.25
1.8652,-0.5659350454,1439.34
1.8654,-0.5271895898,1439.43
1.8656,-0.6734256958,1439.52
1.8658,-0.5826100844,1439.61
1.866,-0.6433305997,1439.7
1.8662,-0.6167440504,1439.79
1.8664,-0.7218489236,1439.88
1.8666,-0.6944655083,1439.97
1.8668,-0.8281788092,1440.06
1.867,-0.7139948704,1440.15
1.8672,-0.7400908889,1440.24
1.8674,-0.826334532,1440.33
1.8676,-0.8092001779,1440.42
1.8678,-0.8754244582,1440.51
1.868,-0.8881636366,1440.6
1.8682,-0.8828672527,1440.69
1.8684,-0.9922936324,1440.78
1.8686,-1.001188524,1440.87
1.8688,-0.9469902233,1440.96
1.869,-1.048828847,1441.05
1.8692,-1.091098924,1441.14
1.8694,-1.097202256,1441.23
1.8696,-1.184900927,1441.32
1.8698,-1.168801918,1441.41
1.87,-1.240028612,1441.5
1.8702,-1.206617747,1441.59
1.8704,-1.178013761,1441.68
1.8706,-1.119368353,1441.77
1.8708,-1.196627052,1441.86
1.871,-1.32712543,1441.95
1.8712,-1.270623547,1442.04
1.8714,-1.3082477,1442.13
1.8716,-1.274049552,1442.22
1.8718,-1.2998651,1442.31
1.872,-1.327332691,1442.4
1.8722,-1.296293006,1442.49
1.8724,-1.316813515,1442.58
1.8726,-1.276928069,1442.67
1.8728,-1.274767422,1442.76
1.873,-1.264420886,1442.85
1.8732,-1.34346316,1442.94
1.8734,-1.203664282,1443.03
1.8736,-1.233167617,1443.12
1.8738,-1.224202657,1443.21
1.874,-1.062545849,1443.3
1.8742,-1.05333734,1443.39
1.8744,-1.091902439,1443.48
1.8746,-1.019581414,1443.57
1.8748,-0.9701469929,1443.66
1.875,-0.9770236962,1443.75
1.8752,-0.9004484838,1443.84
1.8754,-0.8292364966,1443.93
1.8756,-0.7101898423,1444.02
1.8758,-0.7285422764,1444.11
1.876,-0.6493221766,1444.2
1.8762,-0.5155240461,1444.29
1.8764,-0.5601938434,1444.38
1.8766,-0.3463147648,1444.47
1.8768,-0.2802565004,1444.56
1.877,-0.3417305558,1444.65
1.8772,-0.1610917049,1444.74
1.8774,-0.1848051825,1444.83
1.8776,-0.06866997541,1444.92
1.8778,0.05220485787,1445.01
1.878,0.05305072029,1445.1
1.8782,0.1654304524,1445.19
1.8784,0.2375945424,1445.28
1.8786,0.260128911,1445.37
1.8788,0.3517189439,1445.46
1.879,0.4416889239,1445.55
1.8792,0.5030210134,1445.64
1.8794,0.6371429784,1445.73
1.8796,0.761522958,1445.82
1.8798,0.7275589898,1445.91
1.88,0.775339935,1446
1.8802,0.7745099703,1446.09
1.8804,0.9038435784,1446.18
1.8806,0.931704861,1446.27
1.8808,0.9332894132,1446.36
1.881,0.9555073802,1446.45
1.8812,1.123863065,1446.54
1.8814,1.097842878,1446.63
1.8816,1.271043388,1446.72
1.8818,1.220492963,1446.81
1.882,1.243547787,1446.9
1.8822,1.154370272,1446.99
1.8824,1.19543115,1447.08
1.8826,1.288946635,1447.17
1.8828,1.282767212,1447.26
1.883,1.380333404,1447.35
1.8832,1.229606254,1447.44
1.8834,1.294907458,1447.53
1.8836,1.305277879,1447.62
1.8838,1.293498292,1447.71
1.884,1.340260554,1447.8
1.8842,1.351800384,1447.89
1.8844,1.326067963,1447.98
1.8846,1.220449179,1448.07
1.8848,1.136125718,1448.16
1.885,1.255321057,1448.25
1.8852,1.158216254,1448.34
1.8854,1.210749144,1448.43
1.8856,1.141665472,1448.52
1.8858,1.131283066,1448.61
1.886,1.152888963,1448.7
1.8862,1.124998563,1448.79
1.8864,1.012031647,1448.88
1.8866,0.9533779782,1448.97
1.8868,1.036337719,1449.06
1.887,0.9181605958,1449.15
1.8872,0.9372724185,1449.24
1.8874,0.8392330515,1449.33
1.8876,0.8650490726,1449.42
1.8878,0.8188690026,1449.51
1.888,0.8378562045,1449.6
1.8882,0.842526633,1449.69
1.8884,0.7738298407,1449.78
1.8886,0.7313890104,1449.87
1.8888,0.7145769242,1449.96
1.889,0.6361848825,1450.05
1.8892,0.6356548712,1450.14
1.8894,0.702658382,1450.23
1.8896,0.5972671935,1450.32
1.8898,0.5505657921,1450.41
1.89,0.571465945,1450.5
1.8902,0.5452715493,1450.59
1.8904,0.5327184092,1450.68
1.8906,0.5554308421,1450.77
1.8908,0.4972459329,1450.86
1.891,0.5042363807,1450.95
1.8912,0.4595503775,1451.04
1.8914,0.5246437327,1451.13
1.8916,0.4838458047,1451.22
1.8918,0.55038672,1451.31
1.892,0.4677816128,1451.4
1.8922,0.393788447,1451.49
1.8924,0.3722988606,1451.58
1.8926,0.4027499877,1451.67
1.8928,0.4251061071,1451.76
1.893,0.4069476272,1451.85
1.8932,0.3860109398,1451.94
1.8934,0.407608059,1452.03
1.8936,0.401836501,1452.12
1.8938,0.4119582655,1452.21
1.894,0.4388478023,1452.3
1.8942,0.2989165279,1452.39
1.8944,0.3147535785,1452.48
1.8946,0.3506664645,1452.57
1.8948,0.3011725963,1452.66
1.895,0.2490805187,1452.75
1.8952,0.3430082968,1452.84
1.8954,0.2470798991,1452.93
1.8956,0.2064437857,1453.02
1.8958,0.2727965117,1453.11
1.896,0.3040394575,1453.2
1.8962,0.2179349036,1453.29
1.8964,0.09746245468,1453.38
1.8966,0.1993190748,1453.47
1.8968,0.2221968092,1453.56
1.897,0.2488325673,1453.65
1.8972,0.220032168,1453.74
1.8974,0.1703809866,1453.83
1.8976,0.07384955074,1453.92
1.8978,0.07022337848,1454.01
1.898,0.06334895493,1454.1
1.8982,0.02184408002,1454.19
1.8984,0.01300994431,1454.28
1.8986,0.006950467425,1454.37
1.8988,-0.04553360485,1454.46
1.899,-0.08158805049,1454.55
1.8992,-0.07705926696,1454.64
1.8994,-0.09500633744,1454.73
1.8996,-0.1554244039,1454.82
1.8998,-0.1777622706,1454.91
1.9,-0.1573122596,1455
1.9002,-0.2269576475,1455.09
1.9004,-0.1445700906,1455.18
1.9006,-0.194449839,1455.27
1.9008,-0.1614173122,1455.36
1.901,-0.2771625214,1455.45
1.9012,-0.2708031627,1455.54
1.9014,-0.340329083,1455.63
1.9016,-0.3213934437,1455.72
1.9018,-0.2891988737,1455.81
1.902,-0.2944457253,1455.9
1.9022,-0.3933193743,1455.99
1.9024,-0.3848543445,1456.08
1.9026,-0.3577396279,1456.17
1.9028,-0.378395917,1456.26
1.903,-0.3527594966,1456.35
1.9032,-0.4125294552,1456.44
1.9034,-0.3970289401,1456.53
1.9036,-0.4611234236,1456.62
1.9038,-0.3488953809,1456.71
1.904,-0.4027601982,1456.8
1.9042,-0.4037756234,1456.89
1.9044,-0.4045887944,1456.98
1.9046,-0.4297277722,1457.07
1.9048,-0.4176207069,1457.16
1.905,-0.4087152852,1457.25
1.9052,-0.4454256034,1457.34
1.9054,-0.431154239,1457.43
1.9056,-0.4231311916,1457.52
1.9058,-0.5157123347,1457.61
1.906,-0.4527090064,1457.7
1.9062,-0.5895625045,1457.79
1.9064,-0.5360167884,1457.88
1.9066,-0.5423900481,1457.97
1.9068,-0.5327603066,1458.06
1.907,-0.5897747,1458.15
1.9072,-0.6114594605,1458.24
1.9074,-0.6467885353,1458.33
1.9076,-0.6373519285,1458.42
1.9078,-0.6427310655,1458.51
1.908,-0.7159983143,1458.6
1.9082,-0.6562769834,1458.69
1.9084,-0.7560824388,1458.78
1.9086,-0.7399888789,1458.87
1.9088,-0.7976307648,1458.96
1.909,-0.8611057907,1459.05
1.9092,-0.9092236401,1459.14
1.9094,-0.904855151,1459.23
1.9096,-0.9729131791,1459.32
1.9098,-0.9557731122,1459.41
1.91,-0.974575125,1459.5
1.9102,-0.9974094366,1459.59
1.9104,-1.057728529,1459.68
1.9106,-1.12101416,1459.77
1.9108,-1.097850688,1459.86
1.911,-1.106691469,1459.95
1.9112,-1.122815845,1460.04
1.9114,-1.160468247,1460.13
1.9116,-1.248904664,1460.22
1.9118,-1.243665724,1460.31
1.912,-1.228668929,1460.4
1.9122,-1.255344634,1460.49
1.9124,-1.293353988,1460.58
1.9126,-1.304056098,1460.67
1.9128,-1.310832073,1460.76
1.913,-1.263172954,1460.85
1.9132,-1.353444643,1460.94
1.9134,-1.22561996,1461.03
1.9136,-1.300856624,1461.12
1.9138,-1.253050297,1461.21
1.914,-1.275172143,1461.3
1.9142,-1.206058767,1461.39
1.9144,-1.256167599,1461.48
1.9146,-1.371486122,1461.57
1.9148,-1.248086886,1461.66
1.915,-1.123080093,1461.75
1.9152,-1.202129193,1461.84
1.9154,-1.172866296,1461.93
1.9156,-1.181002813,1462.02
1.9158,-1.023458982,1462.11
1.916,-0.9144850009,1462.2
1.9162,-0.9794409504,1462.29
1.9164,-0.956543181,1462.38
1.9166,-0.8048027867,1462.47
1.9168,-0.7787587623,1462.56
1.917,-0.7633775497,1462.65
1.9172,-0.7076479311,1462.74
1.9174,-0.5681776108,1462.83
1.9176,-0.5382947811,1462.92
1.9178,-0.4984804808,1463.01
1.918,-0.4320788237,1463.1
1.9182,-0.3354686841,1463.19
1.9184,-0.3275651882,1463.28
1.9186,-0.1170118475,1463.37
1.9188,-0.08680067451,1463.46
1.919,0.01870959079,1463.55
1.9192,0.0777446248,1463.64
1.9194,0.1327148844,1463.73
1.9196,0.2610623817,1463.82
1.9198,0.2366142335,1463.91
1.92,0.2963407919,1464
1.9202,0.4223859052,1464.09
1.9204,0.4816273371,1464.18
1.9206,0.6898790737,1464.27
1.9208,0.6328006753,1464.36
1.921,0.7124441432,1464.45
1.9212,0.7720395361,1464.54
1.9214,0.879726534,1464.63
1.9216,0.8857267865,1464.72
1.9218,0.9765396473,1464.81
1.922,0.9986872029,1464.9
1.9222,1.066605897,1464.99
1.9224,1.089854332,1465.08
1.9226,1.110047304,1465.17
1.9228,1.169126024,1465.26
1.923,1.234349477,1465.35
1.9232,1.235669279,1465.44
1.9234,1.209348844,1465.53
1.9236,1.293832328,1465.62
1.9238,1.244741236,1465.71
1.924,1.268882544,1465.8
1.9242,1.305035829,1465.89
1.9244,1.323643231,1465.98
1.9246,1.336295074,1466.07
1.9248,1.333371012,1466.16
1.925,1.268058284,1466.25
1.9252,1.329928317,1466.34
1.9254,1.282584819,1466.43
1.9256,1.227370167,1466.52
1.9258,1.29174225,1466.61
1.926,1.25397935,1466.7
1.9262,1.244225562,1466.79
1.9264,1.183643661,1466.88
1.9266,1.228320853,1466.97
1.9268,1.185487139,1467.06
1.927,1.229898556,1467.15
1.9272,1.181867998,1467.24
1.9274,1.069329018,1467.33
1.9276,1.043512509,1467.42
1.9278,1.046261983,1467.51
1.928,0.9677103488,1467.6
1.9282,0.929631514,1467.69
1.9284,0.9134864212,1467.78
1.9286,0.8617755185,1467.87
1.9288,0.8634097693,1467.96
1.929,0.9536989594,1468.05
1.9292,0.878977214,1468.14
1.9294,0.7729913507,1468.23
1.9296,0.8103507568,1468.32
1.9298,0.7504877664,1468.41
1.93,0.7268869645,1468.5
1.9302,0.6694235097,1468.59
1.9304,0.6888657572,1468.68
1.9306,0.6584331476,1468.77
1.9308,0.5948167839,1468.86
1.931,0.6384856971,1468.95
1.9312,0.5536945463,1469.04
1.9314,0.5000036636,1469.13
1.9316,0.5044703418,1469.22
1.9318,0.5613591826,1469.31
1.932,0.4802240957,1469.4
1.9322,0.4760816824,1469.49
1.9324,0.4800062962,1469.58
1.9326,0.3690576406,1469.67
1.9328,0.4891045142,1469.76
1.933,0.460741326,1469.85
1.9332,0.4713691702,1469.94
1.9334,0.4594808845,1470.03
1.9336,0.3920020728,1470.12
1.9338,0.4191069926,1470.21
1.934,0.4068214759,1470.3
1.9342,0.4062546445,1470.39
1.9344,0.3255179405,1470.48
1.9346,0.4219330155,1470.57
1.9348,0.3547733934,1470.66
1.935,0.4018900678,1470.75
1.9352,0.2425855913,1470.84
1.9354,0.2926808936,1470.93
1.9356,0.3238612625,1471.02
1.9358,0.3354850706,1471.11
1.936,0.3362794906,1471.2
1.9362,0.3401857628,1471.29
1.9364,0.2520554387,1471.38
1.9366,0.2819597646,1471.47
1.9368,0.2414081236,1471.56
1.937,0.189949314,1471.65
1.9372,0.1536413517,1471.74
1.9374,0.1616716906,1471.83
1.9376,0.1897774213,1471.92
1.9378,0.1625056976,1472.01
1.938,0.2078379428,1472.1
1.9382,0.1173556343,1472.19
1.9384,0.1187130613,1472.28
1.9386,0.03680666545,1472.37
1.9388,0.04758955097,1472.46
1.939,0.1135591945,1472.55
1.9392,0.04408534105,1472.64
1.9394,0.01622118394,1472.73
1.9396,-0.002416848513,1472.82
1.9398,-0.1218256858,1472.91
1.94,-0.01651880583,1473
1.9402,-0.04918333868,1473.09
1.9404,-0.1033766886,1473.18
1.9406,-0.1092119404,1473.27
1.9408,-0.1300676438,1473.36
1.941,-0.1710188863,1473.45
1.9412,-0.1399533856,1473.54
1.9414,-0.2290254886,1473.63
1.9416,-0.224046884,1473.72
1.9418,-0.2239813377,1473.81
1.942,-0.2373774327,1473.9
1.9422,-0.2625746043,1473.99
1.9424,-0.3184033241,1474.08
1.9426,-0.312082531,1474.17
1.9428,-0.2840073131,1474.26
1.943,-0.3276710044,1474.35
1.9432,-0.3107002331,1474.44
1.9434,-0.3736104567,1474.53
1.9436,-0.3562276235,1474.62
1.9438,-0.3581247416,1474.71
1.944,-0.3769003381,1474.8
1.9442,-0.3399563959,1474.89
1.9444,-0.4077741712,1474.98
1.9446,-0.3918420626,1475.07
1.9448,-0.4174173133,1475.16
1.945,-0.4173952784,1475.25
1.9452,-0.4594375685,1475.34
1.9454,-0.4209707524,1475.43
1.9456,-0.4968296278,1475.52
1.9458,-0.4645170967,1475.61
1.946,-0.441997717,1475.7
1.9462,-0.4792669588,1475.79
1.9464,-0.4652877713,1475.88
1.9466,-0.5035379688,1475.97
1.9468,-0.5301542718,1476.06
1.947,-0.5125467999,1476.15
1.9472,-0.5388339205,1476.24
1.9474,-0.5786514544,1476.33
1.9476,-0.6211005991,1476.42
1.9478,-0.6259677506,1476.51
1.948,-0.6187390361,1476.6
1.9482,-0.6011590711,1476.69
1.9484,-0.7157694046,1476.78
1.9486,-0.669632214,1476.87
1.9488,-0.6364221084,1476.96
1.949,-0.7668284447,1477.05
1.9492,-0.7699434816,1477.14
1.9494,-0.7894667986,1477.23
1.9496,-0.8194366018,1477.32
1.9498,-0.8270292016,1477.41
1.95,-0.8854090847,1477.5
1.9502,-0.8641916018,1477.59
1.9504,-0.9891589717,1477.68
1.9506,-0.9060271783,1477.77
1.9508,-0.9613026584,1477.86
1.951,-0.9370280043,1477.95
1.9512,-1.073449506,1478.04
1.9514,-1.068819801,1478.13
1.9516,-1.035549908,1478.22
1.9518,-1.008017992,1478.31
1.952,-1.063159063,1478.4
1.9522,-1.189687028,1478.49
1.9524,-1.186000261,1478.58
1.9526,-1.242587104,1478.67
1.9528,-1.302167065,1478.76
1.953,-1.293286559,1478.85
1.9532,-1.258251816,1478.94
1.9534,-1.336144308,1479.03
1.9536,-1.309537989,1479.12
1.9538,-1.306202869,1479.21
1.954,-1.328230589,1479.3
1.9542,-1.283881888,1479.39
1.9544,-1.412044849,1479.48
1.9546,-1.303415166,1479.57
1.9548,-1.274831793,1479.66
1.955,-1.250693459,1479.75
1.9552,-1.271315651,1479.84
1.9554,-1.256180128,1479.93
1.9556,-1.223139807,1480.02
1.9558,-1.223207157,1480.11
1.956,-1.162626542,1480.2
1.9562,-1.113096274,1480.29
1.9564,-1.110297988,1480.38
1.9566,-0.9815997207,1480.47
1.9568,-0.9966570075,1480.56
1.957,-0.9073726823,1480.65
1.9572,-0.966609167,1480.74
1.9574,-0.8443526,1480.83
1.9576,-0.7073225514,1480.92
1.9578,-0.7220993596,1481.01
1.958,-0.6501606271,1481.1
1.9582,-0.5218361216,1481.19
1.9584,-0.5205969927,1481.28
1.9586,-0.4539464194,1481.37
1.9588,-0.3564522927,1481.46
1.959,-0.3226315938,1481.55
1.9592,-0.228662128,1481.64
1.9594,-0.1595249844,1481.73
1.9596,-0.1023583255,1481.82
1.9598,0.06011304396,1481.91
1.96,0.08491598244,1482
1.9602,0.1883534507,1482.09
1.9604,0.2664869518,1482.18
1.9606,0.3665007037,1482.27
1.9608,0.4408521495,1482.36
1.961,0.4608698407,1482.45
1.9612,0.5271800083,1482.54
1.9614,0.6273965417,1482.63
1.9616,0.6391470165,1482.72
1.9618,0.775884487,1482.81
1.962,0.8325776979,1482.9
1.9622,0.8040543683,1482.99
1.9624,1.035447319,1483.08
1.9626,0.9744748945,1483.17
1.9628,1.068568502,1483.26
1.963,0.9993107144,1483.35
1.9632,1.120355782,1483.44
1.9634,1.168522128,1483.53
1.9636,1.245181492,1483.62
1.9638,1.185412661,1483.71
1.964,1.296673741,1483.8
1.9642,1.226020129,1483.89
1.9644,1.264688285,1483.98
1.9646,1.346099961,1484.07
1.9648,1.279484731,1484.16
1.965,1.242395817,1484.25
1.9652,1.287068108,1484.34
1.9654,1.303400503,1484.43
1.9656,1.338797301,1484.52
1.9658,1.348682304,1484.61
1.966,1.302400997,1484.7
1.9662,1.36035803,1484.79
1.9664,1.206865033,1484.88
1.9666,1.223623163,1484.97
1.9668,1.249443925,1485.06
1.967,1.200110219,1485.15
1.9672,1.130717963,1485.24
1.9674,1.173014369,1485.33
1.9676,1.153368866,1485.42
1.9678,1.094649992,1485.51
1.968,1.065692112,1485.6
1.9682,1.033946592,1485.69
1.9684,0.9569396033,1485.78
1.9686,1.010381739,1485.87
1.9688,0.9358446597,1485.96
1.969,0.9498095001,1486.05
1.9692,0.9372858691,1486.14
1.9694,0.8461135932,1486.23
1.9696,0.8372787642,1486.32
1.9698,0.8656445483,1486.41
1.97,0.7930750404,1486.5
1.9702,0.7395413119,1486.59
1.9704,0.6717346401,1486.68
1.9706,0.6338157691,1486.77
1.9708,0.7088066107,1486.86
1.971,0.6064875469,1486.95
1.9712,0.63596873,1487.04
1.9714,0.6631355764,1487.13
1.9716,0.634709069,1487.22
1.9718,0.5436627415,1487.31
1.972,0.6220779862,1487.4
1.9722,0.4440129322,1487.49
1.9724,0.5274784737,1487.58
1.9726,0.5232617994,1487.67
1.9728,0.5100679739,1487.76
1.973,0.5082635089,1487.85
1.9732,0.488598936,1487.94
1.9734,0.4644223226,1488.03
1.9736,0.447911106,1488.12
1.9738,0.4229852908,1488.21
1.974,0.4159341007,1488.3
1.9742,0.4820760746,1488.39
1.9744,0.4677676845,1488.48
1.9746,0.3759882365,1488.57
1.9748,0.3978463971,1488.66
1.975,0.3065391439,1488.75
1.9752,0.3645949832,1488.84
1.9754,0.3652980371,1488.93
1.9756,0.3444633545,1489.02
1.9758,0.3859835686,1489.11
1.976,0.3576780955,1489.2
1.9762,0.3184077028,1489.29
1.9764,0.284204043,1489.38
1.9766,0.2991998946,1489.47
1.9768,0.382975368,1489.56
1.977,0.2168894732,1489.65
1.9772,0.2534663423,1489.74
1.9774,0.2937132466,1489.83
1.9776,0.2257997847,1489.92
1.9778,0.1878983166,1490.01
1.978,0.1718403991,1490.1
1.9782,0.207323687,1490.19
1.9784,0.2168206336,1490.28
1.9786,0.03136447256,1490.37
1.9788,0.1369298782,1490.46
1.979,0.08861411072,1490.55
1.9792,0.1332078184,1490.64
1.9794,0.08831820487,1490.73
1.9796,0.07517462141,1490.82
1.9798,0.03486655642,1490.91
1.98,-0.009415490048,1491
1.9802,-0.06984492176,1491.09
1.9804,-0.06211527961,1491.18
1.9806,-0.06061351714,1491.27
1.9808,-0.02107884427,1491.36
1.981,-0.1057980244,1491.45
1.9812,-0.1793945531,1491.54
1.9814,-0.1425724776,1491.63
1.9816,-0.1376975763,1491.72
1.9818,-0.1323092766,1491.81
1.982,-0.1621215889,1491.9
1.9822,-0.2390770971,1491.99
1.9824,-0.25392081,1492.08
1.9826,-0.3514238359,1492.17
1.9828,-0.2955568282,1492.26
1.983,-0.3657978544,1492.35
1.9832,-0.3111285249,1492.44
1.9834,-0.2670795011,1492.53
1.9836,-0.3145469566,1492.62
1.9838,-0.4062716035,1492.71
1.984,-0.3212413826,1492.8
1.9842,-0.3421046747,1492.89
1.9844,-0.435812451,1492.98
1.9846,-0.416145967,1493.07
1.9848,-0.3595113277,1493.16
1.985,-0.3941309818,1493.25
1.9852,-0.3921930064,1493.34
1.9854,-0.4865926177,1493.43
1.9856,-0.4252861588,1493.52
1.9858,-0.4031971995,1493.61
1.986,-0.4738834666,1493.7
1.9862,-0.4606426947,1493.79
1.9864,-0.4795533662,1493.88
1.9866,-0.4802871869,1493.97
1.9868,-0.4781935469,1494.06
1.987,-0.5526233231,1494.15
1.9872,-0.5024640395,1494.24
1.9874,-0.539195136,1494.33
1.9876,-0.4588580528,1494.42
1.9878,-0.5606105957,1494.51
1.988,-0.5669766878,1494.6
1.9882,-0.6156042063,1494.69
1.9884,-0.6158583639,1494.78
1.9886,-0.6724456284,1494.87
1.9888,-0.6672401398,1494.96
1.989,-0.6987956821,1495.05
1.9892,-0.7716002472,1495.14
1.9894,-0.7759409882,1495.23
1.9896,-0.7652789951,1495.32
1.9898,-0.7554507399,1495.41
1.99,-0.8390866453,1495.5
1.9902,-0.8596549768,1495.59
1.9904,-0.8921006023,1495.68
1.9906,-0.9451515227,1495.77
1.9908,-0.9315308418,1495.86
1.991,-0.8988357599,1495.95
1.9912,-0.9969681102,1496.04
1.9914,-1.045579011,1496.13
1.9916,-1.031386536,1496.22
1.9918,-1.025756256,1496.31
1.992,-1.053686239,1496.4
1.9922,-1.117645299,1496.49
1.9924,-1.108024161,1496.58
1.9926,-1.230625561,1496.67
1.9928,-1.237663754,1496.76
1.993,-1.242327633,1496.85
1.9932,-1.208016506,1496.94
1.9934,-1.346664544,1497.03
1.9936,-1.275626675,1497.12
1.9938,-1.308635252,1497.21
1.994,-1.242710892,1497.3
1.9942,-1.3370616,1497.39
1.9944,-1.279032553,1497.48
1.9946,-1.301120314,1497.57
1.9948,-1.282167419,1497.66
1.995,-1.255731027,1497.75
1.9952,-1.26307483,1497.84
1.9954,-1.267262463,1497.93
1.9956,-1.258567914,1498.02
1.9958,-1.266809626,1498.11
1.996,-1.241414963,1498.2
1.9962,-1.154167777,1498.29
1.9964,-1.19525183,1498.38
1.9966,-1.119602243,1498.47
1.9968,-1.149455179,1498.56
1.997,-1.009531361,1498.65
1.9972,-0.9426112577,1498.74
1.9974,-0.9211050005,1498.83
1.9976,-0.8935900372,1498.92
1.9978,-0.8058614864,1499.01
1.998,-0.7204749814,1499.1
1.9982,-0.7356639693,1499.19
1.9984,-0.579507396,1499.28
1.9986,-0.5726506538,1499.37
1.9988,-0.4146811302,1499.46
1.999,-0.3799464585,1499.55
1.9992,-0.3133797201,1499.64
1.9994,-0.24256606,1499.73
1.9996,-0.1984508659,1499.82
1.9998,-0.07145506407,1499.91
2,-0.03959929414,1500
2.0002,0.09619874704,1500.09
2.0004,0.1409735003,1500.18
2.0006,0.1996756567,1500.27
2.0008,0.278137187,1500.36
2.001,0.4061390998,1500.45
2.0012,0.5338462323,1500.54
2.0014,0.463245457,1500.63
2.0016,0.6430432871,1500.72
2.0018,0.6876296518,1500.81
2.002,0.6507173605,1500.9
2.0022,0.7848349899,1500.99
2.0024,0.8006287102,1501.08
2.0026,0.8751763067,1501.17
2.0028,0.952147595,1501.26
2.003,1.053450808,1501.35
2.0032,1.012635552,1501.44
2.0034,1.175576173,1501.53
2.0036,1.144236508,1501.62
2.0038,1.199513624,1501.71
2.004,1.219620632,1501.8
2.0042,1.175855212,1501.89
2.0044,1.222517067,1501.98
2.0046,1.270966937,1502.07
2.0048,1.314465164,1502.16
2.005,1.225564479,1502.25
2.0052,1.284677623,1502.34
2.0054,1.353160404,1502.43
2.0056,1.293746809,1502.52
2.0058,1.380372503,1502.61
2.006,1.201795956,1502.7
2.0062,1.220690065,1502.79
2.0064,1.208372645,1502.88
2.0066,1.332320904,1502.97
2.0068,1.225947379,1503.06
2.007,1.27894174,1503.15
2.0072,1.233351276,1503.24
2.0074,1.141365007,1503.33
2.0076,1.093960581,1503.42
2.0078,1.129339626,1503.51
2.008,1.192635148,1503.6
2.0082,1.050002767,1503.69
2.0084,1.103622161,1503.78
2.0086,0.948057256,1503.87
2.0088,1.028674188,1503.96
2.009,0.9083074483,1504.05
2.0092,0.8836456363,1504.14
2.0094,0.8880794524,1504.23
2.0096,0.8795942641,1504.32
2.0098,0.8010958663,1504.41
2.01,0.8296916293,1504.5
2.0102,0.7787146842,1504.59
2.0104,0.6843868049,1504.68
2.0106,0.7154284884,1504.77
2.0108,0.6997329392,1504.86
2.011,0.6745971109,1504.95
2.0112,0.6049727667,1505.04
2.0114,0.6893120104,1505.13
2.0116,0.6182767452,1505.22
2.0118,0.6138029024,1505.31
2.012,0.5846854278,1505.4
2.0122,0.5389245755,1505.49
2.0124,0.4829296801,1505.58
2.0126,0.568467433,1505.67
2.0128,0.4876376216,1505.76
2.013,0.5175965119,1505.85
2.0132,0.5144765044,1505.94
2.0134,0.4728724004,1506.03
2.0136,0.4478245056,1506.12
2.0138,0.4447077604,1506.21
2.014,0.3984987976,1506.3
2.0142,0.4771307295,1506.39
2.0144,0.4163082863,1506.48
2.0146,0.44272332,1506.57
2.0148,0.4912298433,1506.66
2.015,0.3722517867,1506.75
2.0152,0.4405743155,1506.84
2.0154,0.3770314823,1506.93
2.0156,0.4009997481,1507.02
2.0158,0.3011376517,1507.11
2.016,0.3876353961,1507.2
2.0162,0.2586971004,1507.29
2.0164,0.2934425635,1507.38
2.0166,0.3122630059,1507.47
2.0168,0.3684480331,1507.56
2.017,0.3216230173,1507.65
2.0172,0.2056688834,1507.74
2.0174,0.3138744605,1507.83
2.0176,0.3022172176,1507.92
2.0178,0.15723077,1508.01
2.018,0.1048682119,1508.1
2.0182,0.1736418579,1508.19
2.0184,0.1479981768,1508.28
2.0186,0.1413880814,1508.37
2.0188,0.1110390817,1508.46
2.019,0.08449017965,1508.55
2.0192,0.03031273125,1508.64
2.0194,0.04001718716,1508.73
2.0196,0.03088491047,1508.82
2.0198,-0.05790096659,1508.91
2.02,0.03072041331,1509
2.0202,0.04212675788,1509.09
2.0204,-0.002093625178,1509.18
2.0206,-0.09845860314,1509.27
2.0208,-0.09306675373,1509.36
2.021,-0.1365746144,1509.45
2.0212,-0.1568241702,1509.54
2.0214,-0.1187758779,1509.63
2.0216,-0.254974548,1509.72
2.0218,-0.1975787524,1509.81
2.022,-0.111414439,1509.9
2.0222,-0.2276457536,1509.99
2.0224,-0.182464182,1510.08
2.0226,-0.2141821171,1510.17
2.0228,-0.2882282789,1510.26
2.023,-0.3070369022,1510.35
2.0232,-0.244377785,1510.44
2.0234,-0.2711418249,1510.53
2.0236,-0.2972090572,1510.62
2.0238,-0.3839674645,1510.71
2.024,-0.3587260432,1510.8
2.0242,-0.3689798034,1510.89
2.0244,-0.3846855921,1510.98
2.0246,-0.3777394206,1511.07
2.0248,-0.4083372455,1511.16
2.025,-0.3706157497,1511.25
2.0252,-0.5011361103,1511.34
2.0254,-0.4834698899,1511.43
2.0256,-0.4084812693,1511.52
2.0258,-0.4459088339,1511.61
2.026,-0.487361782,1511.7
2.0262,-0.4763606911,1511.79
2.0264,-0.5223343413,1511.88
2.0266,-0.4405546451,1511.97
2.0268,-0.4809437621,1512.06
2.027,-0.4807639256,1512.15
2.0272,-0.4409933134,1512.24
2.0274,-0.556111643,1512.33
2.0276,-0.5129010867,1512.42
2.0278,-0.5699042154,1512.51
2.028,-0.5628901618,1512.6
2.0282,-0.5680897497,1512.69
2.0284,-0.6194041287,1512.78
2.0286,-0.5559735736,1512.87
2.0288,-0.6502385647,1512.96
2.029,-0.7481388221,1513.05
2.0292,-0.7117964784,1513.14
2.0294,-0.784808125,1513.23
2.0296,-0.7998349906,1513.32
2.0298,-0.8625140479,1513.41
2.03,-0.7988555202,1513.5
2.0302,-0.9400590805,1513.59
2.0304,-0.9030969076,1513.68
2.0306,-0.8739101403,1513.77
2.0308,-0.9555312655,1513.86
2.031,-1.023248,1513.95
2.0312,-0.9976552469,1514.04
2.0314,-1.063467072,1514.13
2.0316,-1.105719344,1514.22
2.0318,-1.067789086,1514.31
2.032,-1.093065484,1514.4
2.0322,-1.096526795,1514.49
2.0324,-1.138024547,1514.58
2.0326,-1.199203656,1514.67
2.0328,-1.18691908,1514.76
2.033,-1.25055841,1514.85
2.0332,-1.261895274,1514.94
2.0334,-1.227341772,1515.03
2.0336,-1.311400602,1515.12
2.0338,-1.360320437,1515.21
2.034,-1.319026937,1515.3
2.0342,-1.233911897,1515.39
2.0344,-1.301874245,1515.48
2.0346,-1.302582232,1515.57
2.0348,-1.274721623,1515.66
2.035,-1.349416013,1515.75
2.0352,-1.313186889,1515.84
2.0354,-1.236667164,1515.93
2.0356,-1.257031329,1516.02
2.0358,-1.264956897,1516.11
2.036,-1.233003469,1516.2
2.0362,-1.130577369,1516.29
2.0364,-1.142764569,1516.38
2.0366,-1.069214342,1516.47
2.0368,-1.064552194,1516.56
2.037,-0.987472919,1516.65
2.0372,-0.9823393738,1516.74
2.0374,-0.8740527271,1516.83
2.0376,-0.759327725,1516.92
2.0378,-0.7411796431,1517.01
2.038,-0.665455844,1517.1
2.0382,-0.6435821795,1517.19
2.0384,-0.510282605,1517.28
2.0386,-0.4848600392,1517.37
2.0388,-0.3921863289,1517.46
2.039,-0.3286265464,1517.55
2.0392,-0.1909547698,1517.64
2.0394,-0.08936992961,1517.73
2.0396,-0.08962217821,1517.82
2.0398,0.053055167,1517.91
2.04,0.09876647639,1518
2.0402,0.2296707634,1518.09
2.0404,0.2232906795,1518.18
2.0406,0.2902821186,1518.27
2.0408,0.4272057086,1518.36
2.041,0.4016343695,1518.45
2.0412,0.5906935347,1518.54
2.0414,0.6626055364,1518.63
2.0416,0.6932245056,1518.72
2.0418,0.7360370467,1518.81
2.042,0.7623578266,1518.9
2.0422,0.8606439619,1518.99
2.0424,0.9604136546,1519.08
2.0426,1.012723946,1519.17
2.0428,1.071224059,1519.26
2.043,1.054475744,1519.35
2.0432,1.17400549,1519.44
2.0434,1.141756579,1519.53
2.0436,1.221850219,1519.62
2.0438,1.212128958,1519.71
2.044,1.250866954,1519.8
2.0442,1.278248215,1519.89
2.0444,1.292169676,1519.98
2.0446,1.297511579,1520.07
2.0448,1.297398827,1520.16
2.045,1.305987425,1520.25
2.0452,1.294883324,1520.34
2.0454,1.290196906,1520.43
2.0456,1.378567957,1520.52
2.0458,1.234816784,1520.61
2.046,1.297737237,1520.7
2.0462,1.234655306,1520.79
2.0464,1.241714597,1520.88
2.0466,1.269088913,1520.97
2.0468,1.179558945,1521.06
2.047,1.193225944,1521.15
2.0472,1.159713973,1521.24
2.0474,1.196938622,1521.33
2.0476,1.139803962,1521.42
2.0478,1.116200945,1521.51
2.048,1.028690663,1521.6
2.0482,1.05488296,1521.69
2.0484,1.082740841,1521.78
2.0486,0.9233226561,1521.87
2.0488,0.9222949139,1521.96
2.049,0.9117137773,1522.05
2.0492,0.895547658,1522.14
2.0494,0.8585229301,1522.23
2.0496,0.8086388708,1522.32
2.0498,0.7342159414,1522.41
2.05,0.7314716263,1522.5
2.0502,0.7217633935,1522.59
2.0504,0.6570910529,1522.68
2.0506,0.7152250447,1522.77
2.0508,0.6284522783,1522.86
2.051,0.6771207695,1522.95
2.0512,0.5474684445,1523.04
2.0514,0.5935559192,1523.13
2.0516,0.5233051876,1523.22
2.0518,0.501660301,1523.31
2.052,0.5471435056,1523.4
2.0522,0.5699335509,1523.49
2.0524,0.4800508201,1523.58
2.0526,0.5283108266,1523.67
2.0528,0.4734483142,1523.76
2.053,0.4695833241,1523.85
2.0532,0.4531543713,1523.94
2.0534,0.4628530685,1524.03
2.0536,0.4690527851,1524.12
2.0538,0.4232346181,1524.21
2.054,0.4302019209,1524.3
2.0542,0.4231043351,1524.39
2.0544,0.4392663851,1524.48
2.0546,0.4180824779,1524.57
2.0548,0.3672520125,1524.66
2.055,0.4094902892,1524.75
2.0552,0.3790498702,1524.84
2.0554,0.3655425873,1524.93
2.0556,0.3046192803,1525.02
2.0558,0.3168440727,1525.11
2.056,0.3176410085,1525.2
2.0562,0.3025875782,1525.29
2.0564,0.2514652108,1525.38
2.0566,0.335861944,1525.47
2.0568,0.2306186105,1525.56
2.057,0.2834667494,1525.65
2.0572,0.2283370122,1525.74
2.0574,0.1528697712,1525.83
2.0576,0.2603494358,1525.92
2.0578,0.2166107377,1526.01
2.058,0.1426916711,1526.1
2.0582,0.1893595103,1526.19
2.0584,0.1341700525,1526.28
2.0586,0.07170462054,1526.37
2.0588,0.08591490091,1526.46
2.059,0.09481054729,1526.55
2.0592,0.02956285895,1526.64
2.0594,0.04019011894,1526.73
2.0596,-0.02043811448,1526.82
2.0598,-0.05750393274,1526.91
2.06,-0.1110765691,1527
2.0602,-0.06534596232,1527.09
2.0604,-0.03579719989,1527.18
2.0606,-0.134347769,1527.27
2.0608,-0.1912219557,1527.36
2.061,-0.1761981948,1527.45
2.0612,-0.1757715134,1527.54
2.0614,-0.1503127159,1527.63
2.0616,-0.2259335103,1527.72
2.0618,-0.2220482451,1527.81
2.062,-0.2558791619,1527.9
2.0622,-0.3038425228,1527.99
2.0624,-0.2993295612,1528.08
2.0626,-0.3179454055,1528.17
2.0628,-0.3457105679,1528.26
2.063,-0.3389738682,1528.35
2.0632,-0.3422308037,1528.44
2.0634,-0.4117846585,1528.53
2.0636,-0.2820622163,1528.62
2.0638,-0.3135814421,1528.71
2.064,-0.3741672073,1528.8
2.0642,-0.4247066874,1528.89
2.0644,-0.4366493954,1528.98
2.0646,-0.433824009,1529.07
2.0648,-0.4533674735,1529.16
2.065,-0.4067923653,1529.25
2.0652,-0.5487568707,1529.34
2.0654,-0.4831379501,1529.43
2.0656,-0.5167627343,1529.52
2.0658,-0.4732073438,1529.61
2.066,-0.5182892421,1529.7
2.0662,-0.4706612801,1529.79
2.0664,-0.5671658552,1529.88
2.0666,-0.4718652676,1529.97
2.0668,-0.5227420591,1530.06
2.067,-0.4604612973,1530.15
2.0672,-0.546247869,1530.24
2.0674,-0.5495750696,1530.33
2.0676,-0.5803539262,1530.42
2.0678,-0.7297002219,1530.51
2.068,-0.6170382828,1530.6
2.0682,-0.704750348,1530.69
2.0684,-0.7410433535,1530.78
2.0686,-0.6392248192,1530.87
2.0688,-0.7008952162,1530.96
2.069,-0.7673467832,1531.05
2.0692,-0.7408402743,1531.14
2.0694,-0.862664876,1531.23
2.0696,-0.808418538,1531.32
2.0698,-0.8694229657,1531.41
2.07,-0.9309402723,1531.5
2.0702,-0.8885874758,1531.59
2.0704,-0.9603474862,1531.68
2.0706,-1.059456573,1531.77
2.0708,-1.109810494,1531.86
2.071,-1.142048902,1531.95
2.0712,-1.143182746,1532.04
2.0714,-1.066331459,1532.13
2.0716,-1.17513491,1532.22
2.0718,-1.167326303,1532.31
2.072,-1.224114133,1532.4
2.0722,-1.224591828,1532.49
2.0724,-1.234204317,1532.58
2.0726,-1.205067892,1532.67
2.0728,-1.190607535,1532.76
2.073,-1.329141118,1532.85
2.0732,-1.336635373,1532.94
2.0734,-1.307556272,1533.03
2.0736,-1.249738551,1533.12
2.0738,-1.347187869,1533.21
2.074,-1.278290722,1533.3
2.0742,-1.303055132,1533.39
2.0744,-1.292412862,1533.48
2.0746,-1.295580598,1533.57
2.0748,-1.195642838,1533.66
2.075,-1.259086649,1533.75
2.0752,-1.238172063,1533.84
2.0754,-1.261725402,1533.93
2.0756,-1.115319269,1534.02
2.0758,-1.176556615,1534.11
2.076,-1.148860179,1534.2
2.0762,-1.004901126,1534.29
2.0764,-0.9255670578,1534.38
2.0766,-0.801488128,1534.47
2.0768,-0.8666481735,1534.56
2.077,-0.8295647838,1534.65
2.0772,-0.6782445458,1534.74
2.0774,-0.6718359473,1534.83
2.0776,-0.6142855383,1534.92
2.0778,-0.5375006867,1535.01
2.078,-0.5060017555,1535.1
2.0782,-0.2777476154,1535.19
2.0784,-0.2466983959,1535.28
2.0786,-0.2277641565,1535.37
2.0788,-0.07644792341,1535.46
2.079,-0.0164371683,1535.55
2.0792,0.06620849805,1535.64
2.0794,0.148921267,1535.73
2.0796,0.1995374689,1535.82
2.0798,0.2658542427,1535.91
2.08,0.4073269072,1536
2.0802,0.5520776199,1536.09
2.0804,0.543537541,1536.18
2.0806,0.5961746877,1536.27
2.0808,0.718834022,1536.36
2.081,0.763651187,1536.45
2.0812,0.8018178446,1536.54
2.0814,0.9497423413,1536.63
2.0816,0.9074637441,1536.72
2.0818,0.9478526592,1536.81
2.082,0.9735068013,1536.9
2.0822,1.099947252,1536.99
2.0824,1.09345632,1537.08
2.0826,1.163879494,1537.17
2.0828,1.236677932,1537.26
2.083,1.115498331,1537.35
2.0832,1.173549801,1537.44
2.0834,1.248468657,1537.53
2.0836,1.224168189,1537.62
2.0838,1.239452842,1537.71
2.084,1.293361763,1537.8
2.0842,1.27477605,1537.89
2.0844,1.367987537,1537.98
2.0846,1.370135424,1538.07
2.0848,1.309581405,1538.16
2.085,1.287132722,1538.25
2.0852,1.252487921,1538.34
2.0854,1.274348642,1538.43
2.0856,1.21125554,1538.52
2.0858,1.224661388,1538.61
2.086,1.241401889,1538.7
2.0862,1.166697534,1538.79
2.0864,1.167497575,1538.88
2.0866,1.116414248,1538.97
2.0868,1.096764163,1539.06
2.087,1.109811763,1539.15
2.0872,1.070751966,1539.24
2.0874,1.031237012,1539.33
2.0876,0.9557119339,1539.42
2.0878,0.9810160975,1539.51
2.088,0.8266239568,1539.6
2.0882,0.9036738958,1539.69
2.0884,0.8544826298,1539.78
2.0886,0.8374476132,1539.87
2.0888,0.8362164445,1539.96
2.089,0.7905779372,1540.05
2.0892,0.7387084247,1540.14
2.0894,0.6880019992,1540.23
2.0896,0.689434381,1540.32
2.0898,0.6800137411,1540.41
2.09,0.7004714947,1540.5
2.0902,0.6124301723,1540.59
2.0904,0.5341497236,1540.68
2.0906,0.5251474475,1540.77
2.0908,0.6051521791,1540.86
2.091,0.5065028331,1540.95
2.0912,0.5173582516,1541.04
2.0914,0.5420930545,1541.13
2.0916,0.4621285047,1541.22
2.0918,0.5407657531,1541.31
2.092,0.519858666,1541.4
2.0922,0.5260058891,1541.49
2.0924,0.4825483334,1541.58
2.0926,0.5005324129,1541.67
2.0928,0.4527371251,1541.76
2.093,0.4023265488,1541.85
2.0932,0.4259516549,1541.94
2.0934,0.4721109301,1542.03
2.0936,0.4299410535,1542.12
2.0938,0.3421494361,1542.21
2.094,0.3948204477,1542.3
2.0942,0.3965067487,1542.39
2.0944,0.3137600925,1542.48
2.0946,0.271316986,1542.57
2.0948,0.3577553217,1542.66
2.095,0.3793788767,1542.75
2.0952,0.3203756252,1542.84
2.0954,0.236131421,1542.93
2.0956,0.2630895826,1543.02
2.0958,0.2320047331,1543.11
2.096,0.2822196595,1543.2
2.0962,0.2120270138,1543.29
2.0964,0.2643927778,1543.38
2.0966,0.1866425212,1543.47
2.0968,0.2314092121,1543.56
2.097,0.2002575738,1543.65
2.0972,0.1262435057,1543.74
2.0974,0.2364057977,1543.83
2.0976,0.1038022866,1543.92
2.0978,0.03540381537,1544.01
2.098,0.08876196229,1544.1
2.0982,-0.05001876603,1544.19
2.0984,0.05333713551,1544.28
2.0986,0.01026123473,1544.37
2.0988,0.01127005516,1544.46
2.099,-0.03090972135,1544.55
2.0992,-0.122766657,1544.64
2.0994,-0.1468541779,1544.73
2.0996,-0.08643891557,1544.82
2.0998,-0.1316806273,1544.91
2.1,-0.1437184073,1545
2.1002,-0.1659805587,1545.09
2.1004,-0.2507043862,1545.18
2.1006,-0.2607731013,1545.27
2.1008,-0.1613882219,1545.36
2.101,-0.2237643057,1545.45
2.1012,-0.3208072899,1545.54
2.1014,-0.2635176518,1545.63
2.1016,-0.3235783627,1545.72
2.1018,-0.403856684,1545.81
2.102,-0.3462303369,1545.9
2.1022,-0.3032629395,1545.99
2.1024,-0.3219194971,1546.08
2.1026,-0.4197283152,1546.17
2.1028,-0.3902664926,1546.26
2.103,-0.3764700076,1546.35
2.1032,-0.3901231577,1546.44
2.1034,-0.4285308854,1546.53
2.1036,-0.4473578834,1546.62
2.1038,-0.4524922384,1546.71
2.104,-0.4198726869,1546.8
2.1042,-0.4014483985,1546.89
2.1044,-0.4485691661,1546.98
2.1046,-0.4742436253,1547.07
2.1048,-0.4780248649,1547.16
2.105,-0.4097811822,1547.25
2.1052,-0.4893061614,1547.34
2.1054,-0.4888209778,1547.43
2.1056,-0.552355886,1547.52
2.1058,-0.5199710064,1547.61
2.106,-0.6124180103,1547.7
2.1062,-0.6449956929,1547.79
2.1064,-0.5776432638,1547.88
2.1066,-0.5866721374,1547.97
2.1068,-0.6198234732,1548.06
2.107,-0.5834854949,1548.15
2.1072,-0.6188813569,1548.24
2.1074,-0.6912474909,1548.33
2.1076,-0.7490151608,1548.42
2.1078,-0.7739122246,1548.51
2.108,-0.7543010044,1548.6
2.1082,-0.8230359449,1548.69
2.1084,-0.90391042,1548.78
2.1086,-0.8152086875,1548.87
2.1088,-0.800623165,1548.96
2.109,-0.9195984373,1549.05
2.1092,-0.8925272846,1549.14
2.1094,-0.8763154665,1549.23
2.1096,-1.009217634,1549.32
2.1098,-1.034648633,1549.41
2.11,-0.9975643283,1549.5
2.1102,-1.099097374,1549.59
2.1104,-1.08806426,1549.68
2.1106,-1.215223936,1549.77
2.1108,-1.182828665,1549.86
2.111,-1.230562276,1549.95
2.1112,-1.225371265,1550.04
2.1114,-1.26798607,1550.13
2.1116,-1.329929733,1550.22
2.1118,-1.287932552,1550.31
2.112,-1.391834409,1550.4
2.1122,-1.249349788,1550.49
2.1124,-1.259112802,1550.58
2.1126,-1.307979312,1550.67
2.1128,-1.372100102,1550.76
2.113,-1.341507866,1550.85
2.1132,-1.209437618,1550.94
2.1134,-1.243473915,1551.03
2.1136,-1.269181369,1551.12
2.1138,-1.24051769,1551.21
2.114,-1.179093745,1551.3
2.1142,-1.178769028,1551.39
2.1144,-1.101072481,1551.48
2.1146,-1.140783793,1551.57
2.1148,-1.047416651,1551.66
2.115,-1.012312372,1551.75
2.1152,-1.026357209,1551.84
2.1154,-0.9061411292,1551.93
2.1156,-0.8754678042,1552.02
2.1158,-0.8128697772,1552.11
2.116,-0.7715262094,1552.2
2.1162,-0.626994234,1552.29
2.1164,-0.5734646299,1552.38
2.1166,-0.5048686884,1552.47
2.1168,-0.4450097756,1552.56
2.117,-0.3044585465,1552.65
2.1172,-0.2888221887,1552.74
2.1174,-0.2284683356,1552.83
2.1176,-0.1125470418,1552.92
2.1178,-0.009475724292,1553.01
2.118,0.0642856887,1553.1
2.1182,0.1396500486,1553.19
2.1184,0.2111861397,1553.28
2.1186,0.3093714107,1553.37
2.1188,0.3552611658,1553.46
2.119,0.3829939873,1553.55
2.1192,0.4304394308,1553.64
2.1194,0.5408981337,1553.73
2.1196,0.6642422435,1553.82
2.1198,0.7445551993,1553.91
2.12,0.8054545192,1554
2.1202,0.8378096892,1554.09
2.1204,0.9093806459,1554.18
2.1206,1.01556748,1554.27
2.1208,1.011206489,1554.36
2.121,1.064369097,1554.45
2.1212,1.045666635,1554.54
2.1214,1.117074712,1554.63
2.1216,1.158209689,1554.72
2.1218,1.11825974,1554.81
2.122,1.264376404,1554.9
2.1222,1.297489396,1554.99
2.1224,1.331053009,1555.08
2.1226,1.296279694,1555.17
2.1228,1.340116459,1555.26
2.123,1.233961027,1555.35
2.1232,1.303597554,1555.44
2.1234,1.289004476,1555.53
2.1236,1.222610334,1555.62
2.1238,1.289744003,1555.71
2.124,1.319165389,1555.8
2.1242,1.232545208,1555.89
2.1244,1.256678953,1555.98
2.1246,1.19077171,1556.07
2.1248,1.23239448,1556.16
2.125,1.212282717,1556.25
2.1252,1.095768211,1556.34
2.1254,1.085973264,1556.43
2.1256,1.120928216,1556.52
2.1258,1.083928123,1556.61
2.126,1.038316365,1556.7
2.1262,0.9558797573,1556.79
2.1264,1.011001701,1556.88
2.1266,0.9253452714,1556.97
2.1268,0.8629290015,1557.06
2.127,0.9296418895,1557.15
2.1272,0.8687147406,1557.24
2.1274,0.802560086,1557.33
2.1276,0.771609051,1557.42
2.1278,0.7684523496,1557.51
2.128,0.7334395645,1557.6
2.1282,0.7100697492,1557.69
2.1284,0.6607750218,1557.78
2.1286,0.6326925132,1557.87
2.1288,0.6700182903,1557.96
2.129,0.6090032078,1558.05
2.1292,0.6053685146,1558.14
2.1294,0.5761201005,1558.23
2.1296,0.6106363274,1558.32
2.1298,0.5413173266,1558.41
2.13,0.5787885486,1558.5
2.1302,0.5738849851,1558.59
2.1304,0.4510527547,1558.68
2.1306,0.4572107032,1558.77
2.1308,0.4416676114,1558.86
2.131,0.4683179712,1558.95
2.1312,0.4572229602,1559.04
2.1314,0.4343415356,1559.13
2.1316,0.4956789234,1559.22
2.1318,0.4062513539,1559.31
2.132,0.3540960569,1559.4
2.1322,0.3864423519,1559.49
2.1324,0.4448098203,1559.58
2.1326,0.3756819946,1559.67
2.1328,0.3979399608,1559.76
2.133,0.3542174704,1559.85
2.1332,0.29408166,1559.94
2.1334,0.3429982878,1560.03
2.1336,0.3179839855,1560.12
2.1338,0.4432981685,1560.21
2.134,0.2949074104,1560.3
2.1342,0.2311159603,1560.39
2.1344,0.3144993169,1560.48
2.1346,0.2853045957,1560.57
2.1348,0.2171409201,1560.66
2.135,0.2347886274,1560.75
2.1352,0.2325493137,1560.84
2.1354,0.1883743692,1560.93
2.1356,0.1635735517,1561.02
2.1358,0.08040078646,1561.11
2.136,0.1405618644,1561.2
2.1362,0.05789828752,1561.29
2.1364,0.1193815984,1561.38
2.1366,0.04590448542,1561.47
2.1368,0.1218487328,1561.56
2.137,0.03911029742,1561.65
2.1372,0.03029488925,1561.74
2.1374,-0.06985368213,1561.83
2.1376,-0.06342318873,1561.92
2.1378,-0.1275047318,1562.01
2.138,-0.158777796,1562.1
2.1382,-0.1696259826,1562.19
2.1384,-0.172995012,1562.28
2.1386,-0.2109999726,1562.37
2.1388,-0.160473701,1562.46
2.139,-0.1813056078,1562.55
2.1392,-0.1808418982,1562.64
2.1394,-0.2177677785,1562.73
2.1396,-0.2472615411,1562.82
2.1398,-0.2879768869,1562.91
2.14,-0.2917080616,1563
2.1402,-0.3121220903,1563.09
2.1404,-0.3122022476,1563.18
2.1406,-0.3079576124,1563.27
2.1408,-0.3463869554,1563.36
2.141,-0.3232323002,1563.45
2.1412,-0.3523910162,1563.54
2.1414,-0.3563322168,1563.63
2.1416,-0.3867093992,1563.72
2.1418,-0.3370030229,1563.81
2.142,-0.4222210206,1563.9
2.1422,-0.3566301983,1563.99
2.1424,-0.4044962797,1564.08
2.1426,-0.3915456893,1564.17
2.1428,-0.4517814588,1564.26
2.143,-0.4959631349,1564.35
2.1432,-0.4477009761,1564.44
2.1434,-0.4969102286,1564.53
2.1436,-0.5349388761,1564.62
2.1438,-0.4843561482,1564.71
2.144,-0.4951756957,1564.8
2.1442,-0.5123065958,1564.89
2.1444,-0.5686430967,1564.98
2.1446,-0.5078626598,1565.07
2.1448,-0.5532022631,1565.16
2.145,-0.6416077542,1565.25
2.1452,-0.594773538,1565.34
2.1454,-0.6762391378,1565.43
2.1456,-0.6369022734,1565.52
2.1458,-0.6317983224,1565.61
2.146,-0.600099086,1565.7
2.1462,-0.7330602165,1565.79
2.1464,-0.7702943477,1565.88
2.1466,-0.7151508595,1565.97
2.1468,-0.7907254249,1566.06
2.147,-0.8327597764,1566.15
2.1472,-0.9057366189,1566.24
2.1474,-0.9320988586,1566.33
2.1476,-0.9408313593,1566.42
2.1478,-0.9171373542,1566.51
2.148,-0.9378880029,1566.6
2.1482,-0.9890591825,1566.69
2.1484,-1.048939884,1566.78
2.1486,-0.9998125104,1566.87
2.1488,-1.094503329,1566.96
2.149,-1.161208358,1567.05
2.1492,-1.173298056,1567.14
2.1494,-1.185842299,1567.23
2.1496,-1.183135879,1567.32
2.1498,-1.289324261,1567.41
2.15,-1.23954895,1567.5
2.1502,-1.327446332,1567.59
2.1504,-1.318392843,1567.68
2.1506,-1.3481906,1567.77
2.1508,-1.30624008,1567.86
2.151,-1.294570974,1567.95
2.1512,-1.292869533,1568.04
2.1514,-1.270778372,1568.13
2.1516,-1.254449427,1568.22
2.1518,-1.21517872,1568.31
2.152,-1.303974047,1568.4
2.1522,-1.236552171,1568.49
2.1524,-1.277025027,1568.58
2.1526,-1.107912831,1568.67
2.1528,-1.194095194,1568.76
2.153,-1.102349341,1568.85
2.1532,-1.126378612,1568.94
2.1534,-1.056534789,1569.03
2.1536,-0.9311670735,1569.12
2.1538,-0.9436117223,1569.21
2.154,-0.8430085788,1569.3
2.1542,-0.8170768932,1569.39
2.1544,-0.76155606,1569.48
2.1546,-0.6634891922,1569.57
2.1548,-0.5612295828,1569.66
2.155,-0.4595493966,1569.75
2.1552,-0.5082636002,1569.84
2.1554,-0.3293651357,1569.93
2.1556,-0.2358724563,1570.02
2.1558,-0.2195200627,1570.11
2.156,-0.1107120773,1570.2
2.1562,-0.07719026885,1570.29
2.1564,-0.003404077558,1570.38
2.1566,0.1472612349,1570.47
2.1568,0.1900297545,1570.56
2.157,0.3052151744,1570.65
2.1572,0.3862846093,1570.74
2.1574,0.4468585812,1570.83
2.1576,0.4845950649,1570.92
2.1578,0.7005660175,1571.01
2.158,0.6106460693,1571.1
2.1582,0.7616425797,1571.19
2.1584,0.8171655308,1571.28
2.1586,0.8299401145,1571.37
2.1588,0.9469872706,1571.46
2.159,0.9651474824,1571.55
2.1592,1.008126431,1571.64
2.1594,0.9734285625,1571.73
2.1596,1.087819017,1571.82
2.1598,1.137739513,1571.91
2.16,1.242260754,1572
2.1602,1.184133822,1572.09
2.1604,1.266216516,1572.18
2.1606,1.185892349,1572.27
2.1608,1.291260683,1572.36
2.161,1.234007787,1572.45
2.1612,1.34224217,1572.54
2.1614,1.332913447,1572.63
2.1616,1.376273984,1572.72
2.1618,1.315328364,1572.81
2.162,1.290308642,1572.9
2.1622,1.309534399,1572.99
2.1624,1.251409988,1573.08
2.1626,1.337989518,1573.17
2.1628,1.261191647,1573.26
2.163,1.198624974,1573.35
2.1632,1.144022743,1573.44
2.1634,1.246859369,1573.53
2.1636,1.216759061,1573.62
2.1638,1.132273844,1573.71
2.164,1.115286638,1573.8
2.1642,1.001797552,1573.89
2.1644,1.083959659,1573.98
2.1646,1.012465831,1574.07
2.1648,1.007676948,1574.16
2.165,0.9926554448,1574.25
2.1652,0.953732585,1574.34
2.1654,0.8624783369,1574.43
2.1656,0.8653053244,1574.52
2.1658,0.8505340607,1574.61
2.166,0.6854502153,1574.7
2.1662,0.7567461297,1574.79
2.1664,0.7837417201,1574.88
2.1666,0.7530487443,1574.97
2.1668,0.6490145314,1575.06
2.167,0.6350279193,1575.15
2.1672,0.6830936326,1575.24
2.1674,0.5820869426,1575.33
2.1676,0.5794988805,1575.42
2.1678,0.5699503936,1575.51
2.168,0.5982205067,1575.6
2.1682,0.5484007186,1575.69
2.1684,0.520989988,1575.78
2.1686,0.5167251056,1575.87
2.1688,0.4612799285,1575.96
2.169,0.438899666,1576.05
2.1692,0.5323039893,1576.14
2.1694,0.459114806,1576.23
2.1696,0.4078445042,1576.32
2.1698,0.4189524929,1576.41
2.17,0.4261600932,1576.5
2.1702,0.4985223246,1576.59
2.1704,0.4001075839,1576.68
2.1706,0.430096647,1576.77
2.1708,0.455693442,1576.86
2.171,0.3980911214,1576.95
2.1712,0.384091767,1577.04
2.1714,0.3544602813,1577.13
2.1716,0.2818459148,1577.22
2.1718,0.311403084,1577.31
2.172,0.2926232473,1577.4
2.1722,0.3207423377,1577.49
2.1724,0.2748687128,1577.58
2.1726,0.2700865388,1577.67
2.1728,0.302710385,1577.76
2.173,0.3118840081,1577.85
2.1732,0.1997979305,1577.94
2.1734,0.2389469657,1578.03
2.1736,0.2036201757,1578.12
2.1738,0.149170149,1578.21
2.174,0.1618869724,1578.3
2.1742,0.09218505232,1578.39
2.1744,0.115538114,1578.48
2.1746,0.08992304437,1578.57
2.1748,-0.002936419348,1578.66
2.175,0.06812114628,1578.75
2.1752,0.01488462095,1578.84
2.1754,0.02680559848,1578.93
2.1756,-0.01886698919,1579.02
2.1758,-0.02607288685,1579.11
2.176,-0.08659432236,1579.2
2.1762,-0.09683482112,1579.29
2.1764,-0.0960428802,1579.38
2.1766,-0.131671278,1579.47
2.1768,-0.139255906,1579.56
2.177,-0.1823200395,1579.65
2.1772,-0.1548791686,1579.74
2.1774,-0.2020853325,1579.83
2.1776,-0.2494299966,1579.92
2.1778,-0.2305072452,1580.01
2.178,-0.2908007335,1580.1
2.1782,-0.3402618632,1580.19
2.1784,-0.2826345643,1580.28
2.1786,-0.3202856539,1580.37
2.1788,-0.3443551192,1580.46
2.179,-0.2857987535,1580.55
2.1792,-0.3197390879,1580.64
2.1794,-0.3504308471,1580.73
2.1796,-0.3561009544,1580.82
2.1798,-0.3942908786,1580.91
2.18,-0.3868616263,1581
2.1802,-0.4122654719,1581.09
2.1804,-0.4144470695,1581.18
2.1806,-0.4279164097,1581.27
2.1808,-0.3291219122,1581.36
2.181,-0.4271657473,1581.45
2.1812,-0.4445824841,1581.54
2.1814,-0.429376701,1581.63
2.1816,-0.4923222114,1581.72
2.1818,-0.4796993147,1581.81
2.182,-0.5456229393,1581.9
2.1822,-0.5323722203,1581.99
2.1824,-0.4855382144,1582.08
2.1826,-0.5419365853,1582.17
2.1828,-0.5637314872,1582.26
2.183,-0.5411056058,1582.35
2.1832,-0.5430192663,1582.44
2.1834,-0.5600255266,1582.53
2.1836,-0.6408288855,1582.62
2.1838,-0.6440754018,1582.71
2.184,-0.6265973556,1582.8
2.1842,-0.6363548763,1582.89
2.1844,-0.733120543,1582.98
2.1846,-0.734127915,1583.07
2.1848,-0.7898551986,1583.16
2.185,-0.771828565,1583.25
2.1852,-0.9146799615,1583.34
2.1854,-0.8921872277,1583.43
2.1856,-0.8616803701,1583.52
2.1858,-0.9982709415,1583.61
2.186,-1.018358417,1583.7
2.1862,-1.035976029,1583.79
2.1864,-1.03422976,1583.88
2.1866,-1.091118797,1583.97
2.1868,-1.123986427,1584.06
2.187,-1.085557417,1584.15
2.1872,-1.200319075,1584.24
2.1874,-1.15193692,1584.33
2.1876,-1.198899424,1584.42
2.1878,-1.259509676,1584.51
2.188,-1.247936668,1584.6
2.1882,-1.30344772,1584.69
2.1884,-1.258054671,1584.78
2.1886,-1.326824837,1584.87
2.1888,-1.24705085,1584.96
2.189,-1.244446082,1585.05
2.1892,-1.346911357,1585.14
2.1894,-1.286406099,1585.23
2.1896,-1.275073102,1585.32
2.1898,-1.291320925,1585.41
2.19,-1.239108966,1585.5
2.1902,-1.28604677,1585.59
2.1904,-1.302119071,1585.68
2.1906,-1.247025237,1585.77
2.1908,-1.082169598,1585.86
2.191,-1.150677925,1585.95
2.1912,-1.131178368,1586.04
2.1914,-1.011900689,1586.13
2.1916,-1.022613028,1586.22
2.1918,-0.9893227988,1586.31
2.192,-0.8026383368,1586.4
2.1922,-0.8680943302,1586.49
2.1924,-0.6726220711,1586.58
2.1926,-0.6408930381,1586.67
2.1928,-0.5967022584,1586.76
2.193,-0.5447825817,1586.85
2.1932,-0.5242549014,1586.94
2.1934,-0.3896502549,1587.03
2.1936,-0.3195586168,1587.12
2.1938,-0.2644328359,1587.21
2.194,-0.08352117042,1587.3
2.1942,-0.08113640543,1587.39
2.1944,0.04880120293,1587.48
2.1946,0.0962496969,1587.57
2.1948,0.2144186998,1587.66
2.195,0.2514845016,1587.75
2.1952,0.3548831708,1587.84
2.1954,0.4121760402,1587.93
2.1956,0.5198789857,1588.02
2.1958,0.6024282317,1588.11
2.196,0.613180147,1588.2
2.1962,0.7621697674,1588.29
2.1964,0.8226418534,1588.38
2.1966,0.8044701589,1588.47
2.1968,0.9622737197,1588.56
2.197,0.9349447358,1588.65
2.1972,0.9714497201,1588.74
2.1974,1.056057885,1588.83
2.1976,1.106517662,1588.92
2.1978,1.169265376,1589.01
2.198,1.165416894,1589.1
2.1982,1.250706754,1589.19
2.1984,1.26203521,1589.28
2.1986,1.255408674,1589.37
2.1988,1.304702781,1589.46
2.199,1.266549628,1589.55
2.1992,1.340752721,1589.64
2.1994,1.406007435,1589.73
2.1996,1.330277906,1589.82
2.1998,1.294029216,1589.91
2.2,1.382055628,1590
2.2002,1.349710693,1590.09
2.2004,1.236213554,1590.18
2.2006,1.255191836,1590.27
2.2008,1.235123987,1590.36
2.201,1.216195772,1590.45
2.2012,1.212089297,1590.54
2.2014,1.155847178,1590.63
2.2016,1.152476356,1590.72
2.2018,1.06840572,1590.81
2.202,1.055301222,1590.9
2.2022,1.015386135,1590.99
2.2024,1.040322567,1591.08
2.2026,0.9499255444,1591.17
2.2028,0.9381911277,1591.26
2.203,0.9316958585,1591.35
2.2032,0.9323514047,1591.44
2.2034,0.8766327552,1591.53
2.2036,0.8562560521,1591.62
2.2038,0.8379444071,1591.71
2.204,0.7111299983,1591.8
2.2042,0.730821193,1591.89
2.2044,0.777558336,1591.98
2.2046,0.6950325762,1592.07
2.2048,0.7539276152,1592.16
2.205,0.6768700288,1592.25
2.2052,0.5622968994,1592.34
2.2054,0.4467021228,1592.43
2.2056,0.5594766741,1592.52
2.2058,0.6623272474,1592.61
2.206,0.5536115346,1592.7
2.2062,0.5518996806,1592.79
2.2064,0.4815323411,1592.88
2.2066,0.4710303669,1592.97
2.2068,0.5414705028,1593.06
2.207,0.5534006952,1593.15
2.2072,0.4686891256,1593.24
2.2074,0.5038297037,1593.33
2.2076,0.4444361774,1593.42
2.2078,0.3487573269,1593.51
2.208,0.3320033132,1593.6
2.2082,0.4051800451,1593.69
2.2084,0.45466465,1593.78
2.2086,0.3670937411,1593.87
2.2088,0.3204186091,1593.96
2.209,0.3797102336,1594.05
2.2092,0.3513661311,1594.14
2.2094,0.3358328407,1594.23
2.2096,0.3357926172,1594.32
2.2098,0.3180488309,1594.41
2.21,0.3288236294,1594.5
2.2102,0.3014421302,1594.59
2.2104,0.2918604407,1594.68
2.2106,0.280943548,1594.77
2.2108,0.2892048588,1594.86
2.211,0.2457037004,1594.95
2.2112,0.2159381245,1595.04
2.2114,0.2370776604,1595.13
2.2116,0.1398755489,1595.22
2.2118,0.1513395054,1595.31
2.212,0.135015511,1595.4
2.2122,0.1026384997,1595.49
2.2124,0.1084934813,1595.58
2.2126,0.0654933308,1595.67
2.2128,0.09339424486,1595.76
2.213,0.03611773415,1595.85
2.2132,-0.0462558633,1595.94
2.2134,-0.05863894955,1596.03
2.2136,0.03696066273,1596.12
2.2138,-0.04188931039,1596.21
2.214,-0.1332475074,1596.3
2.2142,-0.07850420997,1596.39
2.2144,-0.1723463828,1596.48
2.2146,-0.218547135,1596.57
2.2148,-0.2285355825,1596.66
2.215,-0.1885069255,1596.75
2.2152,-0.1787768936,1596.84
2.2154,-0.1941203756,1596.93
2.2156,-0.2654532855,1597.02
2.2158,-0.2960863263,1597.11
2.216,-0.2931818564,1597.2
2.2162,-0.3066758443,1597.29
2.2164,-0.3483022734,1597.38
2.2166,-0.3199709531,1597.47
2.2168,-0.3808863496,1597.56
2.217,-0.2918508916,1597.65
2.2172,-0.3245552886,1597.74
2.2174,-0.4064935205,1597.83
2.2176,-0.4354723447,1597.92
2.2178,-0.399848359,1598.01
2.218,-0.4370457166,1598.1
2.2182,-0.390504248,1598.19
2.2184,-0.395525606,1598.28
2.2186,-0.4995441633,1598.37
2.2188,-0.4584442968,1598.46
2.219,-0.4100409115,1598.55
2.2192,-0.5151432137,1598.64
2.2194,-0.5004286702,1598.73
2.2196,-0.5071524382,1598.82
2.2198,-0.5510567714,1598.91
2.22,-0.5780491165,1599
2.2202,-0.4826209683,1599.09
2.2204,-0.5248141025,1599.18
2.2206,-0.577918353,1599.27
2.2208,-0.5199394693,1599.36
2.221,-0.6047404214,1599.45
2.2212,-0.5752307941,1599.54
2.2214,-0.6494753527,1599.63
2.2216,-0.6711827449,1599.72
2.2218,-0.7198126515,1599.81
2.222,-0.7606103051,1599.9
2.2222,-0.717428088,1599.99
2.2224,-0.6820086775,1600.08
2.2226,-0.835341315,1600.17
2.2228,-0.8823077457,1600.26
2.223,-0.8738465249,1600.35
2.2232,-0.8523617561,1600.44
2.2234,-0.92473135,1600.53
2.2236,-1.069296943,1600.62
2.2238,-1.016513137,1600.71
2.224,-1.067548125,1600.8
2.2242,-1.07251194,1600.89
2.2244,-1.094101444,1600.98
2.2246,-1.151022558,1601.07
2.2248,-1.141182643,1601.16
2.225,-1.164319686,1601.25
2.2252,-1.1683397,1601.34
2.2254,-1.274247805,1601.43
2.2256,-1.244368633,1601.52
2.2258,-1.263308868,1601.61
2.226,-1.260580549,1601.7
2.2262,-1.329356965,1601.79
2.2264,-1.253488136,1601.88
2.2266,-1.343608768,1601.97
2.2268,-1.27380216,1602.06
2.227,-1.272637891,1602.15
2.2272,-1.239192247,1602.24
2.2274,-1.347984982,1602.33
2.2276,-1.320948284,1602.42
2.2278,-1.294646897,1602.51
2.228,-1.204972599,1602.6
2.2282,-1.157154037,1602.69
2.2284,-1.180995259,1602.78
2.2286,-1.103014487,1602.87
2.2288,-1.09519759,1602.96
2.229,-1.069814335,1603.05
2.2292,-1.021319196,1603.14
2.2294,-0.9732400416,1603.23
2.2296,-0.9208401519,1603.32
2.2298,-0.8160039614,1603.41
2.23,-0.7595467691,1603.5
2.2302,-0.6864848274,1603.59
2.2304,-0.6420012267,1603.68
2.2306,-0.5926545943,1603.77
2.2308,-0.4790084074,1603.86
2.231,-0.4031103574,1603.95
2.2312,-0.2969370296,1604.04
2.2314,-0.2239110351,1604.13
2.2316,-0.05319431666,1604.22
2.2318,-0.07939174337,1604.31
2.232,0.1146281193,1604.4
2.2322,0.09910959542,1604.49
2.2324,0.1979982101,1604.58
2.2326,0.3393983106,1604.67
2.2328,0.3514339172,1604.76
2.233,0.3839969175,1604.85
2.2332,0.4953346633,1604.94
2.2334,0.6142344412,1605.03
2.2336,0.6784579843,1605.12
2.2338,0.7766369809,1605.21
2.234,0.8625667826,1605.3
2.2342,0.8308572481,1605.39
2.2344,0.942527397,1605.48
2.2346,0.963789723,1605.57
2.2348,1.004724758,1605.66
2.235,1.091276483,1605.75
2.2352,1.262936383,1605.84
2.2354,1.184507035,1605.93
2.2356,1.172372322,1606.02
2.2358,1.270711865,1606.11
2.236,1.217118136,1606.2
2.2362,1.280743635,1606.29
2.2364,1.223953203,1606.38
2.2366,1.289076478,1606.47
2.2368,1.312735714,1606.56
2.237,1.256281379,1606.65
2.2372,1.284902852,1606.74
2.2374,1.298762721,1606.83
2.2376,1.272715512,1606.92
2.2378,1.321070872,1607.01
2.238,1.278198677,1607.1
2.2382,1.238882061,1607.19
2.2384,1.226472285,1607.28
2.2386,1.22266803,1607.37
2.2388,1.194749208,1607.46
2.239,1.122148588,1607.55
2.2392,1.167150923,1607.64
2.2394,1.158719097,1607.73
2.2396,1.173316286,1607.82
2.2398,1.014712316,1607.91
2.24,1.111450259,1608
2.2402,0.9581506786,1608.09
2.2404,0.9093615162,1608.18
2.2406,0.8886032044,1608.27
2.2408,0.8737061852,1608.36
2.241,0.8391308164,1608.45
2.2412,0.8178963692,1608.54
2.2414,0.7725131965,1608.63
2.2416,0.7794113485,1608.72
2.2418,0.7278123445,1608.81
2.242,0.6649443816,1608.9
2.2422,0.6640073781,1608.99
2.2424,0.6003370772,1609.08
2.2426,0.6699065774,1609.17
2.2428,0.621014488,1609.26
2.243,0.5273197727,1609.35
2.2432,0.5133996116,1609.44
2.2434,0.5417469268,1609.53
2.2436,0.512044602,1609.62
2.2438,0.4355685321,1609.71
2.244,0.4883539474,1609.8
2.2442,0.45170015,1609.89
2.2444,0.4222695941,1609.98
2.2446,0.4012364155,1610.07
2.2448,0.4948687877,1610.16
2.245,0.4627007211,1610.25
2.2452,0.4802802455,1610.34
2.2454,0.4641746373,1610.43
2.2456,0.4397580881,1610.52
2.2458,0.426574575,1610.61
2.246,0.4572723174,1610.7
2.2462,0.4639450343,1610.79
2.2464,0.3534593523,1610.88
2.2466,0.3626624983,1610.97
2.2468,0.3791425971,1611.06
2.247,0.3782826162,1611.15
2.2472,0.3895632739,1611.24
2.2474,0.3572770012,1611.33
2.2476,0.3155961825,1611.42
2.2478,0.2812884736,1611.51
2.248,0.2947794224,1611.6
2.2482,0.3226962429,1611.69
2.2484,0.1733073877,1611.78
2.2486,0.1704909557,1611.87
2.2488,0.232801383,1611.96
2.249,0.06088471712,1612.05
2.2492,0.1680551968,1612.14
2.2494,0.08778936028,1612.23
2.2496,0.1426974322,1612.32
2.2498,0.1304721765,1612.41
2.25,0.06776816975,1612.5
2.2502,0.05615873956,1612.59
2.2504,-0.01427785997,1612.68
2.2506,0.0544268202,1612.77
2.2508,0.06776536819,1612.86
2.251,0.01212602227,1612.95
2.2512,-0.09948734484,1613.04
2.2514,-0.1796911518,1613.13
2.2516,-0.05481479374,1613.22
2.2518,-0.180789868,1613.31
2.252,-0.1187711086,1613.4
2.2522,-0.2740228649,1613.49
2.2524,-0.2642677486,1613.58
2.2526,-0.214232284,1613.67
2.2528,-0.264929479,1613.76
2.253,-0.2280952772,1613.85
2.2532,-0.2971714155,1613.94
2.2534,-0.3005253106,1614.03
2.2536,-0.2185323808,1614.12
2.2538,-0.3416888736,1614.21
2.254,-0.33024289,1614.3
2.2542,-0.3353431225,1614.39
2.2544,-0.3375443096,1614.48
2.2546,-0.3915352875,1614.57
2.2548,-0.3261403155,1614.66
2.255,-0.3667014123,1614.75
2.2552,-0.3812698929,1614.84
2.2554,-0.3615530893,1614.93
2.2556,-0.4346236408,1615.02
2.2558,-0.3859145071,1615.11
2.256,-0.4507770344,1615.2
2.2562,-0.5132547252,1615.29
2.2564,-0.4185090405,1615.38
2.2566,-0.4458967583,1615.47
2.2568,-0.5309310232,1615.56
2.257,-0.5044440318,1615.65
2.2572,-0.5125992075,1615.74
2.2574,-0.4915444275,1615.83
2.2576,-0.5169650357,1615.92
2.2578,-0.5019594964,1616.01
2.258,-0.512673957,1616.1
2.2582,-0.5071073937,1616.19
2.2584,-0.6044179235,1616.28
2.2586,-0.5977588366,1616.37
2.2588,-0.6416572599,1616.46
2.259,-0.6886251521,1616.55
2.2592,-0.6962139856,1616.64
2.2594,-0.7163598749,1616.73
2.2596,-0.7186712856,1616.82
2.2598,-0.7963749627,1616.91
2.26,-0.7909371884,1617
2.2602,-0.8671148332,1617.09
2.2604,-0.8827147082,1617.18
2.2606,-0.9405611993,1617.27
2.2608,-1.020119483,1617.36
2.261,-0.9834739839,1617.45
2.2612,-0.9849042478,1617.54
2.2614,-1.010436794,1617.63
2.2616,-1.13267932,1617.72
2.2618,-1.067918702,1617.81
2.262,-1.19635159,1617.9
2.2622,-1.151940022,1617.99
2.2624,-1.23877203,1618.08
2.2626,-1.291449265,1618.17
2.2628,-1.282060115,1618.26
2.263,-1.23268901,1618.35
2.2632,-1.355886466,1618.44
2.2634,-1.35635122,1618.53
2.2636,-1.306615904,1618.62
2.2638,-1.413230314,1618.71
2.264,-1.309424351,1618.8
2.2642,-1.288151329,1618.89
2.2644,-1.293611891,1618.98
2.2646,-1.283479837,1619.07
2.2648,-1.304455532,1619.16
2.265,-1.228077065,1619.25
2.2652,-1.292722754,1619.34
2.2654,-1.246751809,1619.43
2.2656,-1.162256477,1619.52
2.2658,-1.14505731,1619.61
2.266,-1.050441027,1619.7
2.2662,-1.079492985,1619.79
2.2664,-0.9915053992,1619.88
2.2666,-0.9533808061,1619.97
2.2668,-0.8948300698,1620.06
2.267,-0.9082136113,1620.15
2.2672,-0.7563379177,1620.24
2.2674,-0.7875512053,1620.33
2.2676,-0.6742711298,1620.42
2.2678,-0.5462735404,1620.51
2.268,-0.4969697447,1620.6
2.2682,-0.3947993189,1620.69
2.2684,-0.3034966876,1620.78
2.2686,-0.2722939669,1620.87
2.2688,-0.1482992178,1620.96
2.269,-0.03381759506,1621.05
2.2692,-0.00306591661,1621.14
2.2694,0.05044992096,1621.23
2.2696,0.2257281371,1621.32
2.2698,0.2704566974,1621.41
2.27,0.3461784386,1621.5
2.2702,0.4398071283,1621.59
2.2704,0.5829535795,1621.68
2.2706,0.6785212779,1621.77
2.2708,0.6456964887,1621.86
2.271,0.8276328169,1621.95
2.2712,0.7469514706,1622.04
2.2714,0.8813200634,1622.13
2.2716,0.9193999942,1622.22
2.2718,0.9800520322,1622.31
2.272,0.9958762854,1622.4
2.2722,1.113102873,1622.49
2.2724,1.089238303,1622.58
2.2726,1.160761432,1622.67
2.2728,1.219123352,1622.76
2.273,1.238889546,1622.85
2.2732,1.288915226,1622.94
2.2734,1.307148391,1623.03
2.2736,1.294800804,1623.12
2.2738,1.319354699,1623.21
2.274,1.324954064,1623.3
2.2742,1.351680509,1623.39
2.2744,1.288118402,1623.48
2.2746,1.282850368,1623.57
2.2748,1.289693658,1623.66
2.275,1.243262287,1623.75
2.2752,1.268560285,1623.84
2.2754,1.207365343,1623.93
2.2756,1.17238895,1624.02
2.2758,1.216266751,1624.11
2.276,1.176610044,1624.2
2.2762,1.095037036,1624.29
2.2764,1.083348636,1624.38
2.2766,1.045742248,1624.47
2.2768,1.116466391,1624.56
2.277,1.019295434,1624.65
2.2772,0.9849597799,1624.74
2.2774,0.9340564801,1624.83
2.2776,0.9177329906,1624.92
2.2778,0.9287180379,1625.01
2.278,0.872767711,1625.1
2.2782,0.8299375093,1625.19
2.2784,0.8070106078,1625.28
2.2786,0.8069904585,1625.37
2.2788,0.7737362217,1625.46
2.279,0.7679335065,1625.55
2.2792,0.6296619946,1625.64
2.2794,0.6743329971,1625.73
2.2796,0.6257362879,1625.82
2.2798,0.6444975299,1625.91
2.28,0.5729924422,1626
2.2802,0.5956258198,1626.09
2.2804,0.5962642713,1626.18
2.2806,0.5021989034,1626.27
2.2808,0.526318982,1626.36
2.281,0.4742081725,1626.45
2.2812,0.5058331793,1626.54
2.2814,0.4123112352,1626.63
2.2816,0.4256059884,1626.72
2.2818,0.5144282921,1626.81
2.282,0.4743213449,1626.9
2.2822,0.4396410445,1626.99
2.2824,0.3988079764,1627.08
2.2826,0.383631451,1627.17
2.2828,0.3786890483,1627.26
2.283,0.3774139014,1627.35
2.2832,0.3685974459,1627.44
2.2834,0.3757541179,1627.53
2.2836,0.3659305145,1627.62
2.2838,0.3650236589,1627.71
2.284,0.3163420281,1627.8
2.2842,0.3887889118,1627.89
2.2844,0.2959117562,1627.98
2.2846,0.2860165357,1628.07
2.2848,0.2926758016,1628.16
2.285,0.3280077226,1628.25
2.2852,0.2456564176,1628.34
2.2854,0.2352161648,1628.43
2.2856,0.1891482596,1628.52
2.2858,0.2922799035,1628.61
2.286,0.1817748634,1628.7
2.2862,0.1087205479,1628.79
2.2864,0.1644172152,1628.88
2.2866,0.1279419062,1628.97
2.2868,0.1037453407,1629.06
2.287,0.07024752848,1629.15
2.2872,0.04265651231,1629.24
2.2874,0.01091570462,1629.33
2.2876,-0.02203772405,1629.42
2.2878,-0.09217328063,1629.51
2.288,-0.03303988966,1629.6
2.2882,-0.0923816952,1629.69
2.2884,-0.05771697083,1629.78
2.2886,-0.08341852223,1629.87
2.2888,-0.1488002941,1629.96
2.289,-0.1965507545,1630.05
2.2892,-0.2909791312,1630.14
2.2894,-0.190745406,1630.23
2.2896,-0.2212823869,1630.32
2.2898,-0.2427432056,1630.41
2.29,-0.2923254803,1630.5
2.2902,-0.3189238803,1630.59
2.2904,-0.24099658,1630.68
2.2906,-0.35377618,1630.77
2.2908,-0.2887828542,1630.86
2.291,-0.3293240727,1630.95
2.2912,-0.3886349517,1631.04
2.2914,-0.2779258933,1631.13
2.2916,-0.4110100286,1631.22
2.2918,-0.3934077259,1631.31
2.292,-0.4125445497,1631.4
2.2922,-0.398440603,1631.49
2.2924,-0.4465604625,1631.58
2.2926,-0.3967750996,1631.67
2.2928,-0.438403855,1631.76
2.293,-0.4849963239,1631.85
2.2932,-0.4242503996,1631.94
2.2934,-0.4882120341,1632.03
2.2936,-0.3961106824,1632.12
2.2938,-0.5281040762,1632.21
2.294,-0.4778599081,1632.3
2.2942,-0.4883751169,1632.39
2.2944,-0.4755580146,1632.48
2.2946,-0.4769316041,1632.57
2.2948,-0.608691168,1632.66
2.295,-0.6249496443,1632.75
2.2952,-0.6370625836,1632.84
2.2954,-0.6274142558,1632.93
2.2956,-0.5317905358,1633.02
2.2958,-0.6893846429,1633.11
2.296,-0.651025249,1633.2
2.2962,-0.7209082399,1633.29
2.2964,-0.7772670402,1633.38
2.2966,-0.7562848957,1633.47
2.2968,-0.8717657353,1633.56
2.297,-0.8781576751,1633.65
2.2972,-0.8745375167,1633.74
2.2974,-0.9037838837,1633.83
2.2976,-0.8887933547,1633.92
2.2978,-0.9804650018,1634.01
2.298,-0.998923236,1634.1
2.2982,-1.002854653,1634.19
2.2984,-1.024395908,1634.28
2.2986,-1.083024023,1634.37
2.2988,-1.15465399,1634.46
2.299,-1.116574669,1634.55
2.2992,-1.14839923,1634.64
2.2994,-1.243131776,1634.73
2.2996,-1.237131478,1634.82
2.2998,-1.219672296,1634.91
2.3,-1.252067503,1635
2.3002,-1.275155561,1635.09
2.3004,-1.355725861,1635.18
2.3006,-1.273205536,1635.27
2.3008,-1.301807141,1635.36
2.301,-1.327823344,1635.45
2.3012,-1.339615272,1635.54
2.3014,-1.334063632,1635.63
2.3016,-1.273990384,1635.72
2.3018,-1.28123874,1635.81
2.302,-1.222727873,1635.9
2.3022,-1.300961209,1635.99
2.3024,-1.151337776,1636.08
2.3026,-1.156243597,1636.17
2.3028,-1.127583896,1636.26
2.303,-1.02908721,1636.35
2.3032,-0.964887589,1636.44
2.3034,-1.006635405,1636.53
2.3036,-0.9616906042,1636.62
2.3038,-0.8781629501,1636.71
2.304,-0.7949837182,1636.8
2.3042,-0.7083805954,1636.89
2.3044,-0.6451454511,1636.98
2.3046,-0.5650181756,1637.07
2.3048,-0.5116475902,1637.16
2.305,-0.4033863176,1637.25
2.3052,-0.3136945544,1637.34
2.3054,-0.2432622042,1637.43
2.3056,-0.1671951723,1637.52
2.3058,-0.1030784906,1637.61
2.306,0.1020774307,1637.7
2.3062,0.1596802562,1637.79
2.3064,0.1578755888,1637.88
2.3066,0.3246161109,1637.97
2.3068,0.3030257361,1638.06
2.307,0.4579357615,1638.15
2.3072,0.4872299752,1638.24
2.3074,0.5830402554,1638.33
2.3076,0.7135324711,1638.42
2.3078,0.7252836764,1638.51
2.308,0.8226958759,1638.6
2.3082,0.8057070424,1638.69
2.3084,0.9529862257,1638.78
2.3086,1.018508081,1638.87
2.3088,1.137562429,1638.96
2.309,1.108823116,1639.05
2.3092,1.094563428,1639.14
2.3094,1.162154957,1639.23
2.3096,1.1746644,1639.32
2.3098,1.178039638,1639.41
2.31,1.283770934,1639.5
2.3102,1.210307008,1639.59
2.3104,1.246417597,1639.68
2.3106,1.321257954,1639.77
2.3108,1.27460505,1639.86
2.311,1.302119217,1639.95
2.3112,1.294244945,1640.04
2.3114,1.306186893,1640.13
2.3116,1.309188762,1640.22
2.3118,1.285921173,1640.31
2.312,1.190033094,1640.4
2.3122,1.228479147,1640.49
2.3124,1.192203983,1640.58
2.3126,1.165022671,1640.67
2.3128,1.16941145,1640.76
2.313,1.135258426,1640.85
2.3132,1.118037921,1640.94
2.3134,1.06464613,1641.03
2.3136,1.014779486,1641.12
2.3138,1.058505312,1641.21
2.314,0.9887452439,1641.3
2.3142,0.9620329443,1641.39
2.3144,0.8391989522,1641.48
2.3146,0.8134009402,1641.57
2.3148,0.8433105112,1641.66
2.315,0.7921637161,1641.75
2.3152,0.8200177322,1641.84
2.3154,0.7984719521,1641.93
2.3156,0.7396172793,1642.02
2.3158,0.6968851915,1642.11
2.316,0.6487725381,1642.2
2.3162,0.6574401953,1642.29
2.3164,0.6074796518,1642.38
2.3166,0.5896200818,1642.47
2.3168,0.613843056,1642.56
2.317,0.6011048267,1642.65
2.3172,0.5767777693,1642.74
2.3174,0.5336995394,1642.83
2.3176,0.5259423884,1642.92
2.3178,0.4801818083,1643.01
2.318,0.5378893208,1643.1
2.3182,0.4033748184,1643.19
2.3184,0.4439564415,1643.28
2.3186,0.4453223929,1643.37
2.3188,0.4447557276,1643.46
2.319,0.3475809935,1643.55
2.3192,0.4284909853,1643.64
2.3194,0.3404688564,1643.73
2.3196,0.3731200038,1643.82
2.3198,0.3730050695,1643.91
2.32,0.3763585061,1644
2.3202,0.3379055195,1644.09
2.3204,0.3120476681,1644.18
2.3206,0.338476963,1644.27
2.3208,0.3660322201,1644.36
2.321,0.3334966511,1644.45
2.3212,0.3088633701,1644.54
2.3214,0.3141289619,1644.63
2.3216,0.2897739002,1644.72
2.3218,0.2195459999,1644.81
2.322,0.2681310054,1644.9
2.3222,0.2716466413,1644.99
2.3224,0.2840496477,1645.08
2.3226,0.1036413878,1645.17
2.3228,0.284036913,1645.26
2.323,0.1861370949,1645.35
2.3232,0.1072690261,1645.44
2.3234,0.1007645093,1645.53
2.3236,0.07584122359,1645.62
2.3238,0.01676430993,1645.71
2.324,0.09409735014,1645.8
2.3242,0.001600928388,1645.89
2.3244,-0.06861497682,1645.98
2.3246,-0.059669047,1646.07
2.3248,-0.02336993534,1646.16
2.325,-0.09696977953,1646.25
2.3252,-0.04222062165,1646.34
2.3254,-0.1508314182,1646.43
2.3256,-0.1679154148,1646.52
2.3258,-0.2420705473,1646.61
2.326,-0.2667271204,1646.7
2.3262,-0.2626909786,1646.79
2.3264,-0.2619073588,1646.88
2.3266,-0.2819285816,1646.97
2.3268,-0.2975647525,1647.06
2.327,-0.2516245046,1647.15
2.3272,-0.3699138996,1647.24
2.3274,-0.3347436926,1647.33
2.3276,-0.3316830889,1647.42
2.3278,-0.3390819313,1647.51
2.328,-0.3622351938,1647.6
2.3282,-0.3389201685,1647.69
2.3284,-0.4185432173,1647.78
2.3286,-0.330057449,1647.87
2.3288,-0.3707171204,1647.96
2.329,-0.4068982986,1648.05
2.3292,-0.4174986318,1648.14
2.3294,-0.4283388135,1648.23
2.3296,-0.4581419294,1648.32
2.3298,-0.395918868,1648.41
2.33,-0.4208711271,1648.5
2.3302,-0.4279121108,1648.59
2.3304,-0.5134362878,1648.68
2.3306,-0.4824159411,1648.77
2.3308,-0.4252761905,1648.86
2.331,-0.5793156263,1648.95
2.3312,-0.5079231378,1649.04
2.3314,-0.5444419496,1649.13
2.3316,-0.5450677859,1649.22
2.3318,-0.5713369101,1649.31
2.332,-0.599718319,1649.4
2.3322,-0.5572756795,1649.49
2.3324,-0.6665376284,1649.58
2.3326,-0.6881165138,1649.67
2.3328,-0.6830531682,1649.76
2.333,-0.8283999661,1649.85
2.3332,-0.7775554673,1649.94
2.3334,-0.7818728818,1650.03
2.3336,-0.8503660038,1650.12
2.3338,-0.8907022887,1650.21
2.334,-0.8416429348,1650.3
2.3342,-0.9604894949,1650.39
2.3344,-0.9658326426,1650.48
2.3346,-0.9930534711,1650.57
2.3348,-1.01674047,1650.66
2.335,-1.008095855,1650.75
2.3352,-1.052922485,1650.84
2.3354,-1.146250259,1650.93
2.3356,-1.175694907,1651.02
2.3358,-1.149349327,1651.11
2.336,-1.234751644,1651.2
2.3362,-1.251790339,1651.29
2.3364,-1.266378681,1651.38
2.3366,-1.280464221,1651.47
2.3368,-1.338837433,1651.56
2.337,-1.322743703,1651.65
2.3372,-1.311863947,1651.74
2.3374,-1.369202206,1651.83
2.3376,-1.318289103,1651.92
2.3378,-1.309475184,1652.01
2.338,-1.269716463,1652.1
2.3382,-1.239237749,1652.19
2.3384,-1.20630569,1652.28
2.3386,-1.127324935,1652.37
2.3388,-1.211777908,1652.46
2.339,-1.19086125,1652.55
2.3392,-1.111943932,1652.64
2.3394,-1.093645535,1652.73
2.3396,-1.057087393,1652.82
2.3398,-0.9826823304,1652.91
2.34,-0.9367258623,1653
2.3402,-0.9019124756,1653.09
2.3404,-0.8507830603,1653.18
2.3406,-0.7771373157,1653.27
2.3408,-0.6893235114,1653.36
2.341,-0.5526290519,1653.45
2.3412,-0.4817325012,1653.54
2.3414,-0.3987577238,1653.63
2.3416,-0.3745808441,1653.72
2.3418,-0.2994401683,1653.81
2.342,-0.08908749296,1653.9
2.3422,-0.06703986757,1653.99
2.3424,-0.01298214092,1654.08
2.3426,0.05369408863,1654.17
2.3428,0.2030825149,1654.26
2.343,0.24928523,1654.35
2.3432,0.3360435803,1654.44
2.3434,0.391513285,1654.53
2.3436,0.4930987564,1654.62
2.3438,0.5691603793,1654.71
2.344,0.6864929959,1654.8
2.3442,0.8001520786,1654.89
2.3444,0.8559150079,1654.98
2.3446,0.7287056483,1655.07
2.3448,0.9529465642,1655.16
2.345,1.020968731,1655.25
2.3452,0.9983962915,1655.34
2.3454,1.08215814,1655.43
2.3456,1.106483659,1655.52
2.3458,1.114622166,1655.61
2.346,1.158333216,1655.7
2.3462,1.1887783,1655.79
2.3464,1.2073419,1655.88
2.3466,1.349135778,1655.97
2.3468,1.271310182,1656.06
2.347,1.289554187,1656.15
2.3472,1.310858929,1656.24
2.3474,1.324877602,1656.33
2.3476,1.337870794,1656.42
2.3478,1.276327175,1656.51
2.348,1.255256319,1656.6
2.3482,1.301044825,1656.69
2.3484,1.333909792,1656.78
2.3486,1.284781879,1656.87
2.3488,1.296389546,1656.96
2.349,1.198324568,1657.05
2.3492,1.167549386,1657.14
2.3494,1.189512619,1657.23
2.3496,1.096594862,1657.32
2.3498,1.083819679,1657.41
2.35,1.005917641,1657.5
2.3502,1.030324833,1657.59
2.3504,1.029934982,1657.68
2.3506,0.883605465,1657.77
2.3508,0.8806956851,1657.86
2.351,0.9534803132,1657.95
2.3512,0.8626467926,1658.04
2.3514,0.7933761225,1658.13
2.3516,0.818580901,1658.22
2.3518,0.6870660917,1658.31
2.352,0.7034339581,1658.4
2.3522,0.6943385598,1658.49
2.3524,0.6546082036,1658.58
2.3526,0.6716177367,1658.67
2.3528,0.6077256787,1658.76
2.353,0.5629404619,1658.85
2.3532,0.6070710065,1658.94
2.3534,0.5824950466,1659.03
2.3536,0.5675488265,1659.12
2.3538,0.5462598051,1659.21
2.354,0.5547628621,1659.3
2.3542,0.5144148604,1659.39
2.3544,0.5197230311,1659.48
2.3546,0.4446178069,1659.57
2.3548,0.4483729784,1659.66
2.355,0.481378007,1659.75
2.3552,0.4232684528,1659.84
2.3554,0.4109878909,1659.93
2.3556,0.4388428831,1660.02
2.3558,0.4121451168,1660.11
2.356,0.3722414956,1660.2
2.3562,0.4603374675,1660.29
2.3564,0.3544867874,1660.38
2.3566,0.4081325864,1660.47
2.3568,0.3836636424,1660.56
2.357,0.323714042,1660.65
2.3572,0.3118716923,1660.74
2.3574,0.3684633912,1660.83
2.3576,0.3447851839,1660.92
2.3578,0.2923988283,1661.01
2.358,0.212395214,1661.1
2.3582,0.2498359436,1661.19
2.3584,0.2136914876,1661.28
2.3586,0.1563650057,1661.37
2.3588,0.1157174068,1661.46
2.359,0.2292570602,1661.55
2.3592,0.1160172109,1661.64
2.3594,0.1236353621,1661.73
2.3596,0.08031908463,1661.82
2.3598,0.1583634264,1661.91
2.36,0.1241856456,1662
2.3602,0.1031465419,1662.09
2.3604,-0.01041362535,1662.18
2.3606,0.04458465669,1662.27
2.3608,-0.07762404356,1662.36
2.361,-0.06111615899,1662.45
2.3612,-0.05823307087,1662.54
2.3614,-0.1655412867,1662.63
2.3616,-0.1311016681,1662.72
2.3618,-0.1211366908,1662.81
2.362,-0.182398755,1662.9
2.3622,-0.1971836748,1662.99
2.3624,-0.2051171187,1663.08
2.3626,-0.2168823115,1663.17
2.3628,-0.2810961078,1663.26
2.363,-0.2754975731,1663.35
2.3632,-0.3321448429,1663.44
2.3634,-0.3475299065,1663.53
2.3636,-0.30494211,1663.62
2.3638,-0.268795866,1663.71
2.364,-0.3134721309,1663.8
2.3642,-0.3739246122,1663.89
2.3644,-0.429598634,1663.98
2.3646,-0.3813504353,1664.07
2.3648,-0.3400086903,1664.16
2.365,-0.4421108727,1664.25
2.3652,-0.4252414433,1664.34
2.3654,-0.4054293056,1664.43
2.3656,-0.459560873,1664.52
2.3658,-0.4471859569,1664.61
2.366,-0.4085386144,1664.7
2.3662,-0.4527135412,1664.79
2.3664,-0.4571190908,1664.88
2.3666,-0.4853162306,1664.97
2.3668,-0.4740675303,1665.06
2.367,-0.485225429,1665.15
2.3672,-0.5462799201,1665.24
2.3674,-0.5894137045,1665.33
2.3676,-0.5419155088,1665.42
2.3678,-0.5431493735,1665.51
2.368,-0.5978783092,1665.6
2.3682,-0.6623968204,1665.69
2.3684,-0.6823290376,1665.78
2.3686,-0.6919870827,1665.87
2.3688,-0.731099057,1665.96
2.369,-0.6619044038,1666.05
2.3692,-0.7242319822,1666.14
2.3694,-0.8166171455,1666.23
2.3696,-0.8041107675,1666.32
2.3698,-0.7896461504,1666.41
2.37,-0.9440428261,1666.5
2.3702,-0.9474746816,1666.59
2.3704,-0.9587993618,1666.68
2.3706,-0.9960390797,1666.77
2.3708,-1.000632965,1666.86
2.371,-1.093172532,1666.95
2.3712,-1.043803503,1667.04
2.3714,-1.100209837,1667.13
2.3716,-1.152834719,1667.22
2.3718,-1.181345981,1667.31
2.372,-1.218681593,1667.4
2.3722,-1.231028752,1667.49
2.3724,-1.222527199,1667.58
2.3726,-1.301148248,1667.67
2.3728,-1.256127505,1667.76
2.373,-1.290264299,1667.85
2.3732,-1.308374225,1667.94
2.3734,-1.321712102,1668.03
2.3736,-1.315255648,1668.12
2.3738,-1.355192305,1668.21
2.374,-1.301920306,1668.3
2.3742,-1.360376985,1668.39
2.3744,-1.347484325,1668.48
2.3746,-1.216047243,1668.57
2.3748,-1.215536164,1668.66
2.375,-1.225400004,1668.75
2.3752,-1.159592353,1668.84
2.3754,-1.153802883,1668.93
2.3756,-1.118558269,1669.02
2.3758,-0.9728404486,1669.11
2.376,-0.8290759809,1669.2
2.3762,-0.8632466744,1669.29
2.3764,-0.8626251703,1669.38
2.3766,-0.6968634519,1669.47
2.3768,-0.7547827769,1669.56
2.377,-0.579489916,1669.65
2.3772,-0.5214290758,1669.74
2.3774,-0.451230501,1669.83
2.3776,-0.4420077741,1669.92
2.3778,-0.2692849051,1670.01
2.378,-0.210727949,1670.1
2.3782,-0.1035333691,1670.19
2.3784,-0.09605468521,1670.28
2.3786,0.06160831823,1670.37
2.3788,0.1658699187,1670.46
2.379,0.2160505396,1670.55
2.3792,0.2877050037,1670.64
2.3794,0.3917985134,1670.73
2.3796,0.4884738729,1670.82
2.3798,0.574141448,1670.91
2.38,0.613982441,1671
2.3802,0.7574342357,1671.09
2.3804,0.766956289,1671.18
2.3806,0.8593518782,1671.27
2.3808,0.880577268,1671.36
2.381,0.9834467811,1671.45
2.3812,1.002398565,1671.54
2.3814,0.9876908645,1671.63
2.3816,1.117404971,1671.72
2.3818,1.193190338,1671.81
2.382,1.136298259,1671.9
2.3822,1.154734309,1671.99
2.3824,1.255157349,1672.08
2.3826,1.224623491,1672.17
2.3828,1.257310673,1672.26
2.383,1.265250235,1672.35
2.3832,1.268846006,1672.44
2.3834,1.259543008,1672.53
2.3836,1.289860537,1672.62
2.3838,1.27497215,1672.71
2.384,1.281230744,1672.8
2.3842,1.239098563,1672.89
2.3844,1.30389631,1672.98
2.3846,1.233082709,1673.07
2.3848,1.182902958,1673.16
2.385,1.180988422,1673.25
2.3852,1.181506523,1673.34
2.3854,1.181894486,1673.43
2.3856,1.080981257,1673.52
2.3858,1.080322886,1673.61
2.386,1.049139102,1673.7
2.3862,1.047738105,1673.79
2.3864,0.9433169177,1673.88
2.3866,0.8950965155,1673.97
2.3868,0.8979499633,1674.06
2.387,0.882681176,1674.15
2.3872,0.8227872869,1674.24
2.3874,0.7813985046,1674.33
2.3876,0.8050348775,1674.42
2.3878,0.6628059596,1674.51
2.388,0.648518774,1674.6
2.3882,0.625311142,1674.69
2.3884,0.6738662631,1674.78
2.3886,0.630664327,1674.87
2.3888,0.6242709604,1674.96
2.389,0.5118871861,1675.05
2.3892,0.4946117351,1675.14
2.3894,0.6090177242,1675.23
2.3896,0.5683278355,1675.32
2.3898,0.4524701703,1675.41
2.39,0.5122544947,1675.5
2.3902,0.5267224423,1675.59
2.3904,0.5274537713,1675.68
2.3906,0.4482282131,1675.77
2.3908,0.4063605057,1675.86
2.391,0.3529020012,1675.95
2.3912,0.4011475395,1676.04
2.3914,0.4084366256,1676.13
2.3916,0.444164765,1676.22
2.3918,0.3440712486,1676.31
2.392,0.3897040115,1676.4
2.3922,0.4017332579,1676.49
2.3924,0.387635154,1676.58
2.3926,0.3607130686,1676.67
2.3928,0.4441290849,1676.76
2.393,0.329594533,1676.85
2.3932,0.2842519196,1676.94
2.3934,0.38870969,1677.03
2.3936,0.3887178493,1677.12
2.3938,0.2534813894,1677.21
2.394,0.2161907351,1677.3
2.3942,0.3075682722,1677.39
2.3944,0.2270189754,1677.48
2.3946,0.1703062366,1677.57
2.3948,0.1344012616,1677.66
2.395,0.2791621481,1677.75
2.3952,0.1534599621,1677.84
2.3954,0.06527664618,1677.93
2.3956,0.1314617153,1678.02
2.3958,0.09036643275,1678.11
2.396,0.09998581628,1678.2
2.3962,0.04081253083,1678.29
2.3964,0.04385310412,1678.38
2.3966,-0.06889097672,1678.47
2.3968,0.01875650558,1678.56
2.397,-0.07979194204,1678.65
2.3972,-0.09150532894,1678.74
2.3974,-0.1337852324,1678.83
2.3976,-0.1252098799,1678.92
2.3978,-0.1378145282,1679.01
2.398,-0.1240042287,1679.1
2.3982,-0.2266561236,1679.19
2.3984,-0.1880281653,1679.28
2.3986,-0.1733812158,1679.37
2.3988,-0.2835126088,1679.46
2.399,-0.2505310661,1679.55
2.3992,-0.3188248547,1679.64
2.3994,-0.3635684956,1679.73
2.3996,-0.2887296009,1679.82
2.3998,-0.3558953071,1679.91
2.4,-0.3302937292,1680
2.4002,-0.346321172,1680.09
2.4004,-0.3447946058,1680.18
2.4006,-0.4067732903,1680.27
2.4008,-0.4660291313,1680.36
2.401,-0.4588407895,1680.45
2.4012,-0.4273514915,1680.54
2.4014,-0.4562367491,1680.63
2.4016,-0.4120176863,1680.72
2.4018,-0.4163605137,1680.81
2.402,-0.4747235726,1680.9
2.4022,-0.4024103751,1680.99
2.4024,-0.4795149775,1681.08
2.4026,-0.465003967,1681.17
2.4028,-0.51540448,1681.26
2.403,-0.5475238174,1681.35
2.4032,-0.5207035273,1681.44
2.4034,-0.4859290612,1681.53
2.4036,-0.6396639049,1681.62
2.4038,-0.5845665661,1681.71
2.404,-0.5282828614,1681.8
2.4042,-0.7160285887,1681.89
2.4044,-0.7147631626,1681.98
2.4046,-0.7570709929,1682.07
2.4048,-0.726767948,1682.16
2.405,-0.762612963,1682.25
2.4052,-0.7920574194,1682.34
2.4054,-0.7961876781,1682.43
2.4056,-0.8017213766,1682.52
2.4058,-0.9211884667,1682.61
2.406,-0.8938900459,1682.7
2.4062,-0.9037614363,1682.79
2.4064,-0.9255028678,1682.88
2.4066,-0.9941435595,1682.97
2.4068,-1.037205853,1683.06
2.407,-1.098116101,1683.15
2.4072,-1.093083299,1683.24
2.4074,-1.086904372,1683.33
2.4076,-1.116548202,1683.42
2.4078,-1.143033172,1683.51
2.408,-1.183361962,1683.6
2.4082,-1.253083438,1683.69
2.4084,-1.273733273,1683.78
2.4086,-1.305274107,1683.87
2.4088,-1.36880422,1683.96
2.409,-1.340352669,1684.05
2.4092,-1.371094449,1684.14
2.4094,-1.311575985,1684.23
2.4096,-1.336531991,1684.32
2.4098,-1.272837596,1684.41
2.41,-1.272090504,1684.5
2.4102,-1.288628615,1684.59
2.4104,-1.21957074,1684.68
2.4106,-1.230662425,1684.77
2.4108,-1.236758916,1684.86
2.411,-1.178896194,1684.95
2.4112,-1.118154595,1685.04
2.4114,-1.096812184,1685.13
2.4116,-1.016040913,1685.22
2.4118,-1.022812818,1685.31
2.412,-0.7997237054,1685.4
2.4122,-0.8395703798,1685.49
2.4124,-0.7686270637,1685.58
2.4126,-0.671078852,1685.67
2.4128,-0.6709531637,1685.76
2.413,-0.4856286179,1685.85
2.4132,-0.3965112784,1685.94
2.4134,-0.3873375432,1686.03
2.4136,-0.3049439144,1686.12
2.4138,-0.1604238609,1686.21
2.414,-0.1225997642,1686.3
2.4142,-0.04845643052,1686.39
2.4144,0.05269499553,1686.48
2.4146,0.1888333511,1686.57
2.4148,0.1431957447,1686.66
2.415,0.281618795,1686.75
2.4152,0.4823373422,1686.84
2.4154,0.5168240455,1686.93
2.4156,0.5246925958,1687.02
2.4158,0.6510911318,1687.11
2.416,0.7158625322,1687.2
2.4162,0.8436210026,1687.29
2.4164,0.888598192,1687.38
2.4166,0.90818868,1687.47
2.4168,1.041920799,1687.56
2.417,1.012807883,1687.65
2.4172,1.113016805,1687.74
2.4174,1.126937902,1687.83
2.4176,1.196655179,1687.92
2.4178,1.252013934,1688.01
2.418,1.233925288,1688.1
2.4182,1.320888328,1688.19
2.4184,1.311925881,1688.28
2.4186,1.262748343,1688.37
2.4188,1.341120623,1688.46
2.419,1.34729251,1688.55
2.4192,1.296079652,1688.64
2.4194,1.314732173,1688.73
2.4196,1.340677647,1688.82
2.4198,1.327331589,1688.91
2.42,1.244287536,1689
2.4202,1.130972257,1689.09
2.4204,1.277578475,1689.18
2.4206,1.194539007,1689.27
2.4208,1.129417944,1689.36
2.421,1.12985552,1689.45
2.4212,1.090369499,1689.54
2.4214,1.08771601,1689.63
2.4216,1.046446674,1689.72
2.4218,1.0505224,1689.81
2.422,1.000392249,1689.9
2.4222,0.9373344211,1689.99
2.4224,0.9346675491,1690.08
2.4226,0.8533473716,1690.17
2.4228,0.9066523089,1690.26
2.423,0.795439362,1690.35
2.4232,0.7798260559,1690.44
2.4234,0.717666502,1690.53
2.4236,0.7314504057,1690.62
2.4238,0.6752865121,1690.71
2.424,0.7055157382,1690.8
2.4242,0.6455020455,1690.89
2.4244,0.5923052898,1690.98
2.4246,0.5164980331,1691.07
2.4248,0.5747594426,1691.16
2.425,0.579142464,1691.25
2.4252,0.541518087,1691.34
2.4254,0.4942333483,1691.43
2.4256,0.4357342679,1691.52
2.4258,0.5042755103,1691.61
2.426,0.451918031,1691.7
2.4262,0.4746835731,1691.79
2.4264,0.4821007225,1691.88
2.4266,0.4401326873,1691.97
2.4268,0.5183160789,1692.06
2.427,0.4247224815,1692.15
2.4272,0.4308846841,1692.24
2.4274,0.4336034115,1692.33
2.4276,0.4365494212,1692.42
2.4278,0.3590975646,1692.51
2.428,0.3996162861,1692.6
2.4282,0.354474862,1692.69
2.4284,0.3010484574,1692.78
2.4286,0.3496078099,1692.87
2.4288,0.3550062633,1692.96
2.429,0.2714659663,1693.05
2.4292,0.3146710172,1693.14
2.4294,0.3181502553,1693.23
2.4296,0.2454929212,1693.32
2.4298,0.1925626195,1693.41
2.43,0.2359554643,1693.5
2.4302,0.2302823873,1693.59
2.4304,0.162371671,1693.68
2.4306,0.101017375,1693.77
2.4308,0.1270762515,1693.86
2.431,0.06803219927,1693.95
2.4312,0.07366915166,1694.04
2.4314,0.112729771,1694.13
2.4316,0.06929520789,1694.22
2.4318,0.06407833452,1694.31
2.432,-0.0106726083,1694.4
2.4322,-0.05813625683,1694.49
2.4324,-0.08314649431,1694.58
2.4326,-0.02667183832,1694.67
2.4328,-0.09632127192,1694.76
2.433,-0.1401143509,1694.85
2.4332,-0.1243367858,1694.94
2.4334,-0.2073041509,1695.03
2.4336,-0.1485361974,1695.12
2.4338,-0.3021806564,1695.21
2.434,-0.2170737663,1695.3
2.4342,-0.2807148781,1695.39
2.4344,-0.2432528111,1695.48
2.4346,-0.2709567457,1695.57
2.4348,-0.2486047184,1695.66
2.435,-0.35372959,1695.75
2.4352,-0.3709793616,1695.84
2.4354,-0.3259419603,1695.93
2.4356,-0.3845651632,1696.02
2.4358,-0.3423000586,1696.11
2.436,-0.3990551373,1696.2
2.4362,-0.3800793977,1696.29
2.4364,-0.3829357172,1696.38
2.4366,-0.4339723852,1696.47
2.4368,-0.4397367246,1696.56
2.437,-0.4895230982,1696.65
2.4372,-0.4915476685,1696.74
2.4374,-0.4860057307,1696.83
2.4376,-0.4275357015,1696.92
2.4378,-0.3951590755,1697.01
2.438,-0.5364659286,1697.1
2.4382,-0.4476372211,1697.19
2.4384,-0.5136831446,1697.28
2.4386,-0.5621295595,1697.37
2.4388,-0.5369891972,1697.46
2.439,-0.5480968982,1697.55
2.4392,-0.5635584396,1697.64
2.4394,-0.5585897981,1697.73
2.4396,-0.6940153062,1697.82
2.4398,-0.6556258651,1697.91
2.44,-0.609237453,1698
2.4402,-0.7076064103,1698.09
2.4404,-0.6845553349,1698.18
2.4406,-0.8305055244,1698.27
2.4408,-0.7937129487,1698.36
2.441,-0.849846319,1698.45
2.4412,-0.9210915264,1698.54
2.4414,-0.9198665907,1698.63
2.4416,-0.919524689,1698.72
2.4418,-0.9388916254,1698.81
2.442,-1.005099136,1698.9
2.4422,-1.061176263,1698.99
2.4424,-1.141748086,1699.08
2.4426,-1.090358566,1699.17
2.4428,-1.075273553,1699.26
2.443,-1.113239332,1699.35
2.4432,-1.145728696,1699.44
2.4434,-1.245765198,1699.53
2.4436,-1.161700022,1699.62
2.4438,-1.262830019,1699.71
2.444,-1.345478722,1699.8
2.4442,-1.314928826,1699.89
2.4444,-1.316248137,1699.98
2.4446,-1.321463089,1700.07
2.4448,-1.312266557,1700.16
2.445,-1.274035525,1700.25
2.4452,-1.266820176,1700.34
2.4454,-1.319587042,1700.43
2.4456,-1.333986004,1700.52
2.4458,-1.274742708,1700.61
2.446,-1.280428593,1700.7
2.4462,-1.137692795,1700.79
2.4464,-1.159986512,1700.88
2.4466,-1.131433763,1700.97
2.4468,-1.062701703,1701.06
2.447,-1.03463556,1701.15
2.4472,-0.8665938917,1701.24
2.4474,-0.9335733597,1701.33
2.4476,-0.9099323741,1701.42
2.4478,-0.7836844952,1701.51
2.448,-0.6919038965,1701.6
2.4482,-0.6672792471,1701.69
2.4484,-0.5698296254,1701.78
2.4486,-0.556127568,1701.87
2.4488,-0.3520008906,1701.96
2.449,-0.2188714513,1702.05
2.4492,-0.2244664509,1702.14
2.4494,-0.1497094617,1702.23
2.4496,-0.001661963174,1702.32
2.4498,0.04523293135,1702.41
2.45,0.2221425639,1702.5
2.4502,0.2330091607,1702.59
2.4504,0.2925342943,1702.68
2.4506,0.447125059,1702.77
2.4508,0.4770260873,1702.86
2.451,0.5995085811,1702.95
2.4512,0.6968028033,1703.04
2.4514,0.629049411,1703.13
2.4516,0.8710156143,1703.22
2.4518,0.866224001,1703.31
2.452,0.8809488714,1703.4
2.4522,0.9533440198,1703.49
2.4524,1.069430251,1703.58
2.4526,1.127130581,1703.67
2.4528,1.133499806,1703.76
2.453,1.156241959,1703.85
2.4532,1.167732606,1703.94
2.4534,1.303366045,1704.03
2.4536,1.283933585,1704.12
2.4538,1.255461968,1704.21
2.454,1.397993308,1704.3
2.4542,1.342940904,1704.39
2.4544,1.366665048,1704.48
2.4546,1.326894749,1704.57
2.4548,1.310429887,1704.66
2.455,1.197072967,1704.75
2.4552,1.297037734,1704.84
2.4554,1.262199754,1704.93
2.4556,1.310418325,1705.02
2.4558,1.211079774,1705.11
2.456,1.285721459,1705.2
2.4562,1.228587524,1705.29
2.4564,1.126998848,1705.38
2.4566,1.014264141,1705.47
2.4568,1.073629864,1705.56
2.457,0.990477673,1705.65
2.4572,1.067645404,1705.74
2.4574,1.005495156,1705.83
2.4576,0.9026193678,1705.92
2.4578,0.9570932663,1706.01
2.458,0.8771686233,1706.1
2.4582,0.8896041891,1706.19
2.4584,0.7940814765,1706.28
2.4586,0.836750495,1706.37
2.4588,0.7729527209,1706.46
2.459,0.746951813,1706.55
2.4592,0.6917421611,1706.64
2.4594,0.7116802472,1706.73
2.4596,0.6786381968,1706.82
2.4598,0.563023817,1706.91
2.46,0.6638776067,1707
2.4602,0.625522402,1707.09
2.4604,0.5296373376,1707.18
2.4606,0.5674133961,1707.27
2.4608,0.4961488854,1707.36
2.461,0.5363289879,1707.45
2.4612,0.491889503,1707.54
2.4614,0.5089061974,1707.63
2.4616,0.4454455757,1707.72
2.4618,0.4927586005,1707.81
2.462,0.5208546762,1707.9
2.4622,0.4197504247,1707.99
2.4624,0.3991188302,1708.08
2.4626,0.3558562428,1708.17
2.4628,0.3830029059,1708.26
2.463,0.4270819075,1708.35
2.4632,0.3545067948,1708.44
2.4634,0.316511339,1708.53
2.4636,0.2630097308,1708.62
2.4638,0.3628520058,1708.71
2.464,0.308345005,1708.8
2.4642,0.2843270347,1708.89
2.4644,0.3468834919,1708.98
2.4646,0.3027078204,1709.07
2.4648,0.2296600747,1709.16
2.465,0.2381697009,1709.25
2.4652,0.2442726084,1709.34
2.4654,0.1960844336,1709.43
2.4656,0.2012590622,1709.52
2.4658,0.2195797475,1709.61
2.466,0.1912345555,1709.7
2.4662,0.08216709463,1709.79
2.4664,0.05868858227,1709.88
2.4666,0.02889210103,1709.97
2.4668,0.03511821653,1710.06
2.467,0.05519194225,1710.15
2.4672,-0.01151304395,1710.24
2.4674,-0.0570152619,1710.33
2.4676,-0.09472925717,1710.42
2.4678,0.004799195861,1710.51
2.468,-0.03111212518,1710.6
2.4682,-0.1407747683,1710.69
2.4684,-0.1540507131,1710.78
2.4686,-0.1819049589,1710.87
2.4688,-0.223743663,1710.96
2.469,-0.2087917121,1711.05
2.4692,-0.2650709533,1711.14
2.4694,-0.2590667375,1711.23
2.4696,-0.240864609,1711.32
2.4698,-0.3019726653,1711.41
2.47,-0.2910677257,1711.5
2.4702,-0.291460618,1711.59
2.4704,-0.3406575169,1711.68
2.4706,-0.3354965199,1711.77
2.4708,-0.3117184953,1711.86
2.471,-0.3498844149,1711.95
2.4712,-0.3865082518,1712.04
2.4714,-0.3716236893,1712.13
2.4716,-0.4030139592,1712.22
2.4718,-0.4521144626,1712.31
2.472,-0.4020144952,1712.4
2.4722,-0.4517358805,1712.49
2.4724,-0.4648530544,1712.58
2.4726,-0.4565826442,1712.67
2.4728,-0.4276375337,1712.76
2.473,-0.457092392,1712.85
2.4732,-0.4732947421,1712.94
2.4734,-0.537167911,1713.03
2.4736,-0.5305569279,1713.12
2.4738,-0.5145600026,1713.21
2.474,-0.5887326722,1713.3
2.4742,-0.5982208219,1713.39
2.4744,-0.6185796436,1713.48
2.4746,-0.6009069498,1713.57
2.4748,-0.6336328662,1713.66
2.475,-0.6686605666,1713.75
2.4752,-0.634845221,1713.84
2.4754,-0.7329445775,1713.93
2.4756,-0.8090897381,1714.02
2.4758,-0.8203128546,1714.11
2.476,-0.8006037551,1714.2
2.4762,-0.7919056799,1714.29
2.4764,-0.9022496207,1714.38
2.4766,-0.9720379974,1714.47
2.4768,-0.8914761661,1714.56
2.477,-1.00855698,1714.65
2.4772,-1.066834933,1714.74
2.4774,-1.048703859,1714.83
2.4776,-1.016551547,1714.92
2.4778,-1.132722326,1715.01
2.478,-1.177504918,1715.1
2.4782,-1.184621592,1715.19
2.4784,-1.19146527,1715.28
2.4786,-1.190302169,1715.37
2.4788,-1.218367149,1715.46
2.479,-1.191351594,1715.55
2.4792,-1.266128531,1715.64
2.4794,-1.318733658,1715.73
2.4796,-1.308876227,1715.82
2.4798,-1.297201802,1715.91
2.48,-1.30692946,1716
2.4802,-1.313083846,1716.09
2.4804,-1.355735464,1716.18
2.4806,-1.348499822,1716.27
2.4808,-1.260598895,1716.36
2.481,-1.229784943,1716.45
2.4812,-1.279044597,1716.54
2.4814,-1.11263497,1716.63
2.4816,-1.076560347,1716.72
2.4818,-1.086130604,1716.81
2.482,-1.066303303,1716.9
2.4822,-0.8977403845,1716.99
2.4824,-0.8969552521,1717.08
2.4826,-0.9476826656,1717.17
2.4828,-0.7444733066,1717.26
2.483,-0.7124226257,1717.35
2.4832,-0.6467793396,1717.44
2.4834,-0.5385745883,1717.53
2.4836,-0.5512566678,1717.62
2.4838,-0.3717905737,1717.71
2.484,-0.3342797806,1717.8
2.4842,-0.2704627319,1717.89
2.4844,-0.1195763767,1717.98
2.4846,-0.07711487204,1718.07
2.4848,0.04004874341,1718.16
2.485,0.1436780264,1718.25
2.4852,0.1923234062,1718.34
2.4854,0.3259284767,1718.43
2.4856,0.3771858339,1718.52
2.4858,0.4745365676,1718.61
2.486,0.5219475682,1718.7
2.4862,0.6668463296,1718.79
2.4864,0.7112428265,1718.88
2.4866,0.7856181275,1718.97
2.4868,0.8877278392,1719.06
2.487,0.9284347834,1719.15
2.4872,0.9523349436,1719.24
2.4874,1.013386841,1719.33
2.4876,1.091655069,1719.42
2.4878,1.165363405,1719.51
2.488,1.192879795,1719.6
2.4882,1.216318318,1719.69
2.4884,1.268905523,1719.78
2.4886,1.24318925,1719.87
2.4888,1.241793713,1719.96
2.489,1.317694467,1720.05
2.4892,1.221733602,1720.14
2.4894,1.314662128,1720.23
2.4896,1.232141185,1720.32
2.4898,1.309543639,1720.41
2.49,1.257415664,1720.5
2.4902,1.203683101,1720.59
2.4904,1.253598034,1720.68
2.4906,1.304870673,1720.77
2.4908,1.200702626,1720.86
2.491,1.207174814,1720.95
2.4912,1.139197029,1721.04
2.4914,1.126903515,1721.13
2.4916,1.053945415,1721.22
2.4918,1.062136475,1721.31
2.492,1.026491093,1721.4
2.4922,0.9981498325,1721.49
2.4924,0.9944365637,1721.58
2.4926,0.9328204386,1721.67
2.4928,0.9362310764,1721.76
2.493,0.8943414617,1721.85
2.4932,0.7758528201,1721.94
2.4934,0.8736441966,1722.03
2.4936,0.7891011866,1722.12
2.4938,0.7674471764,1722.21
2.494,0.718925821,1722.3
2.4942,0.727765701,1722.39
2.4944,0.6431728701,1722.48
2.4946,0.6416159318,1722.57
2.4948,0.5753700628,1722.66
2.495,0.6122861146,1722.75
2.4952,0.5715426103,1722.84
2.4954,0.5596587043,1722.93
2.4956,0.5770098686,1723.02
2.4958,0.5421435799,1723.11
2.496,0.5370060173,1723.2
2.4962,0.5028817053,1723.29
2.4964,0.4053052859,1723.38
2.4966,0.4221217123,1723.47
2.4968,0.4285508276,1723.56
2.497,0.4844973363,1723.65
2.4972,0.4835916953,1723.74
2.4974,0.3649009517,1723.83
2.4976,0.3326071414,1723.92
2.4978,0.4148768271,1724.01
2.498,0.4388722047,1724.1
2.4982,0.402019628,1724.19
2.4984,0.3377197248,1724.28
2.4986,0.3732910198,1724.37
2.4988,0.3274447716,1724.46
2.499,0.323189351,1724.55
2.4992,0.2910391814,1724.64
2.4994,0.2855712729,1724.73
2.4996,0.2715477567,1724.82
2.4998,0.2584937065,1724.91
2.5,0.2497581573,1725
2.5002,0.2732044633,1725.09
2.5004,0.1718705159,1725.18
2.5006,0.1604653425,1725.27
2.5008,0.1381822189,1725.36
2.501,0.1751786108,1725.45
2.5012,0.1042177005,1725.54
2.5014,0.07835355734,1725.63
2.5016,0.0008693281079,1725.72
2.5018,0.09202958217,1725.81
2.502,0.005924378982,1725.9
2.5022,0.0332859764,1725.99
2.5024,-0.03918811575,1726.08
2.5026,-0.02768450441,1726.17
2.5028,-0.1655090743,1726.26
2.503,-0.1301111496,1726.35
2.5032,-0.1507879948,1726.44
2.5034,-0.09637144319,1726.53
2.5036,-0.1715120222,1726.62
2.5038,-0.1732919577,1726.71
2.504,-0.2342898838,1726.8
2.5042,-0.245860719,1726.89
2.5044,-0.2094294754,1726.98
2.5046,-0.2217267361,1727.07
2.5048,-0.3064328582,1727.16
2.505,-0.2934557676,1727.25
2.5052,-0.2772713291,1727.34
2.5054,-0.4170203538,1727.43
2.5056,-0.3164281446,1727.52
2.5058,-0.3950359643,1727.61
2.506,-0.4095040039,1727.7
2.5062,-0.4169858688,1727.79
2.5064,-0.3541471271,1727.88
2.5066,-0.4368713168,1727.97
2.5068,-0.4321011059,1728.06
2.507,-0.4388352936,1728.15
2.5072,-0.4597435223,1728.24
2.5074,-0.3350881909,1728.33
2.5076,-0.5237290514,1728.42
2.5078,-0.460382345,1728.51
2.508,-0.4956535421,1728.6
2.5082,-0.4838829531,1728.69
2.5084,-0.5341000527,1728.78
2.5086,-0.4923445667,1728.87
2.5088,-0.4987277176,1728.96
2.509,-0.5578567992,1729.05
2.5092,-0.5959997096,1729.14
2.5094,-0.648526704,1729.23
2.5096,-0.6010174995,1729.32
2.5098,-0.6527540403,1729.41
2.51,-0.6253258832,1729.5
2.5102,-0.7339875432,1729.59
2.5104,-0.7426964332,1729.68
2.5106,-0.7069746111,1729.77
2.5108,-0.7706565393,1729.86
2.511,-0.8058637706,1729.95
2.5112,-0.8314369781,1730.04
2.5114,-0.8634533603,1730.13
2.5116,-0.9857804007,1730.22
2.5118,-0.9692975149,1730.31
2.512,-0.9397321461,1730.4
2.5122,-1.038692806,1730.49
2.5124,-1.105637856,1730.58
2.5126,-1.083741378,1730.67
2.5128,-1.180020018,1730.76
2.513,-1.175461856,1730.85
2.5132,-1.264586929,1730.94
2.5134,-1.26061866,1731.03
2.5136,-1.243865618,1731.12
2.5138,-1.22790581,1731.21
2.514,-1.287342316,1731.3
2.5142,-1.255463814,1731.39
2.5144,-1.384507876,1731.48
2.5146,-1.313598808,1731.57
2.5148,-1.282351009,1731.66
2.515,-1.314459237,1731.75
2.5152,-1.289255973,1731.84
2.5154,-1.33769813,1731.93
2.5156,-1.277859199,1732.02
2.5158,-1.287744164,1732.11
2.516,-1.1354307,1732.2
2.5162,-1.221807976,1732.29
2.5164,-1.102127342,1732.38
2.5166,-1.108338246,1732.47
2.5168,-1.055090351,1732.56
2.517,-0.9748915986,1732.65
2.5172,-0.8786477865,1732.74
2.5174,-0.9191863249,1732.83
2.5176,-0.8398631612,1732.92
2.5178,-0.7439957488,1733.01
2.518,-0.6537006744,1733.1
2.5182,-0.5926368516,1733.19
2.5184,-0.4656799527,1733.28
2.5186,-0.3850302721,1733.37
2.5188,-0.3166218684,1733.46
2.519,-0.1914512723,1733.55
2.5192,-0.1549769309,1733.64
2.5194,-0.06349445271,1733.73
2.5196,0.07050554642,1733.82
2.5198,0.1287960194,1733.91
2.52,0.2056504551,1734
2.5202,0.2596893274,1734.09
2.5204,0.3774474261,1734.18
2.5206,0.4467197856,1734.27
2.5208,0.5150477927,1734.36
2.521,0.6042039892,1734.45
2.5212,0.7453685482,1734.54
2.5214,0.8308500319,1734.63
2.5216,0.8282250373,1734.72
2.5218,0.98743646,1734.81
2.522,1.026631871,1734.9
2.5222,1.045919855,1734.99
2.5224,1.092783017,1735.08
2.5226,1.122313826,1735.17
2.5228,1.239613863,1735.26
2.523,1.235576563,1735.35
2.5232,1.175016424,1735.44
2.5234,1.289534419,1735.53
2.5236,1.26663402,1735.62
2.5238,1.32912065,1735.71
2.524,1.371483734,1735.8
2.5242,1.25975267,1735.89
2.5244,1.315998963,1735.98
2.5246,1.269800115,1736.07
2.5248,1.326984565,1736.16
2.525,1.253969705,1736.25
2.5252,1.261698945,1736.34
2.5254,1.266808456,1736.43
2.5256,1.213633791,1736.52
2.5258,1.258003351,1736.61
2.526,1.168495428,1736.7
2.5262,1.14628117,1736.79
2.5264,1.063229731,1736.88
2.5266,1.017870631,1736.97
2.5268,1.044154317,1737.06
2.527,1.059465554,1737.15
2.5272,0.9975093585,1737.24
2.5274,0.962075057,1737.33
2.5276,0.9194493505,1737.42
2.5278,0.8218944616,1737.51
2.528,0.8189153535,1737.6
2.5282,0.7707597032,1737.69
2.5284,0.7317853939,1737.78
2.5286,0.6498500072,1737.87
2.5288,0.7051949601,1737.96
2.529,0.7544303876,1738.05
2.5292,0.6475397029,1738.14
2.5294,0.609862898,1738.23
2.5296,0.5384014975,1738.32
2.5298,0.6094768948,1738.41
2.53,0.4839085635,1738.5
2.5302,0.4539950367,1738.59
2.5304,0.4646131693,1738.68
2.5306,0.5199378785,1738.77
2.5308,0.4883033946,1738.86
2.531,0.4745469331,1738.95
2.5312,0.4336716676,1739.04
2.5314,0.3862194361,1739.13
2.5316,0.4043301415,1739.22
2.5318,0.5435110467,1739.31
2.532,0.4291504654,1739.4
2.5322,0.4224301026,1739.49
2.5324,0.4272331834,1739.58
2.5326,0.3389768237,1739.67
2.5328,0.4418989405,1739.76
2.533,0.3571344893,1739.85
2.5332,0.3182236985,1739.94
2.5334,0.356660725,1740.03
2.5336,0.2774737501,1740.12
2.5338,0.3214515706,1740.21
2.534,0.2865624616,1740.3
2.5342,0.3053622471,1740.39
2.5344,0.2224282383,1740.48
2.5346,0.2056728229,1740.57
2.5348,0.224173546,1740.66
2.535,0.2551721808,1740.75
2.5352,0.1721988813,1740.84
2.5354,0.1793072632,1740.93
2.5356,0.1292039303,1741.02
2.5358,0.2136740966,1741.11
2.536,0.1321375318,1741.2
2.5362,0.08627333277,1741.29
2.5364,0.06461395214,1741.38
2.5366,0.1099866335,1741.47
2.5368,-0.01258200251,1741.56
2.537,-0.01418216286,1741.65
2.5372,-0.1192719499,1741.74
2.5374,-0.08157146701,1741.83
2.5376,-0.09077699442,1741.92
2.5378,-0.02710743347,1742.01
2.538,-0.1923332357,1742.1
2.5382,-0.1925835505,1742.19
2.5384,-0.1946157489,1742.28
2.5386,-0.2540272989,1742.37
2.5388,-0.1483841237,1742.46
2.539,-0.2728702713,1742.55
2.5392,-0.2616913571,1742.64
2.5394,-0.286765801,1742.73
2.5396,-0.3677103226,1742.82
2.5398,-0.2901389093,1742.91
2.54,-0.3477402903,1743
2.5402,-0.3806035581,1743.09
2.5404,-0.3329476503,1743.18
2.5406,-0.3622872176,1743.27
2.5408,-0.4111359454,1743.36
2.541,-0.3548818029,1743.45
2.5412,-0.4106314455,1743.54
2.5414,-0.4038450189,1743.63
2.5416,-0.4192625323,1743.72
2.5418,-0.4523819624,1743.81
2.542,-0.4543760575,1743.9
2.5422,-0.5188663433,1743.99
2.5424,-0.4562263971,1744.08
2.5426,-0.3946515317,1744.17
2.5428,-0.5192550552,1744.26
2.543,-0.4978396139,1744.35
2.5432,-0.5278794737,1744.44
2.5434,-0.5252830893,1744.53
2.5436,-0.5832997233,1744.62
2.5438,-0.5969865229,1744.71
2.544,-0.5843741823,1744.8
2.5442,-0.6227497082,1744.89
2.5444,-0.5671753547,1744.98
2.5446,-0.6618782907,1745.07
2.5448,-0.6981851944,1745.16
2.545,-0.7268521286,1745.25
2.5452,-0.7485677396,1745.34
2.5454,-0.8386933961,1745.43
2.5456,-0.783901914,1745.52
2.5458,-0.8827919974,1745.61
2.546,-0.9187679932,1745.7
2.5462,-0.9410048403,1745.79
2.5464,-0.9472545139,1745.88
2.5466,-1.032281655,1745.97
2.5468,-1.030312967,1746.06
2.547,-1.105498079,1746.15
2.5472,-1.080049807,1746.24
2.5474,-1.0866081,1746.33
2.5476,-1.187285229,1746.42
2.5478,-1.24648094,1746.51
2.548,-1.269283081,1746.6
2.5482,-1.281327938,1746.69
2.5484,-1.230068551,1746.78
2.5486,-1.21835951,1746.87
2.5488,-1.286685467,1746.96
2.549,-1.31668943,1747.05
2.5492,-1.38633181,1747.14
2.5494,-1.330076348,1747.23
2.5496,-1.279284012,1747.32
2.5498,-1.288843472,1747.41
2.55,-1.187907478,1747.5
2.5502,-1.332867984,1747.59
2.5504,-1.226021195,1747.68
2.5506,-1.149613537,1747.77
2.5508,-1.131147312,1747.86
2.551,-1.098601856,1747.95
2.5512,-1.048006102,1748.04
2.5514,-1.034773468,1748.13
2.5516,-0.9328977001,1748.22
2.5518,-0.8896403855,1748.31
2.552,-0.8110452256,1748.4
2.5522,-0.6539183368,1748.49
2.5524,-0.6543726133,1748.58
2.5526,-0.5857720671,1748.67
2.5528,-0.5723416308,1748.76
2.553,-0.4163808293,1748.85
2.5532,-0.2993116714,1748.94
2.5534,-0.2258124665,1749.03
2.5536,-0.1624733104,1749.12
2.5538,-0.04184995173,1749.21
2.554,0.04869838982,1749.3
2.5542,0.09825588307,1749.39
2.5544,0.2017548102,1749.48
2.5546,0.2657685858,1749.57
2.5548,0.4059709568,1749.66
2.555,0.4779683327,1749.75
2.5552,0.5251939054,1749.84
2.5554,0.6223057294,1749.93
2.5556,0.7224092329,1750.02
2.5558,0.7279024319,1750.11
2.556,0.8157566353,1750.2
2.5562,0.948410217,1750.29
2.5564,0.9921014839,1750.38
2.5566,0.9940663691,1750.47
2.5568,1.090178973,1750.56
2.557,1.177050553,1750.65
2.5572,1.117613487,1750.74
2.5574,1.203648441,1750.83
2.5576,1.219088636,1750.92
2.5578,1.244895405,1751.01
2.558,1.280800072,1751.1
2.5582,1.289197129,1751.19
2.5584,1.292788214,1751.28
2.5586,1.376749192,1751.37
2.5588,1.341328377,1751.46
2.559,1.346796591,1751.55
2.5592,1.340770651,1751.64
2.5594,1.278228543,1751.73
2.5596,1.291991973,1751.82
2.5598,1.229152656,1751.91
2.56,1.191775801,1752
2.5602,1.152201336,1752.09
2.5604,1.162209631,1752.18
2.5606,1.123095837,1752.27
2.5608,1.138898978,1752.36
2.561,1.079127955,1752.45
2.5612,1.012449903,1752.54
2.5614,1.002306407,1752.63
2.5616,0.9330315434,1752.72
2.5618,0.9454678048,1752.81
2.562,0.9227066188,1752.9
2.5622,0.8985734404,1752.99
2.5624,0.8637773787,1753.08
2.5626,0.7839308979,1753.17
2.5628,0.7699163969,1753.26
2.563,0.6887243658,1753.35
2.5632,0.6602658021,1753.44
2.5634,0.6632120898,1753.53
2.5636,0.6167867956,1753.62
2.5638,0.6152820256,1753.71
2.564,0.6004019475,1753.8
2.5642,0.5845953921,1753.89
2.5644,0.4630570285,1753.98
2.5646,0.5665042159,1754.07
2.5648,0.5300134475,1754.16
2.565,0.5772030135,1754.25
2.5652,0.4425937119,1754.34
2.5654,0.4382274207,1754.43
2.5656,0.4288482708,1754.52
2.5658,0.5087698493,1754.61
2.566,0.4266460508,1754.7
2.5662,0.4543954178,1754.79
2.5664,0.4210230807,1754.88
2.5666,0.4838117613,1754.97
2.5668,0.4711678046,1755.06
2.567,0.4383620035,1755.15
2.5672,0.3912398734,1755.24
2.5674,0.3337912211,1755.33
2.5676,0.3640080609,1755.42
2.5678,0.3333842585,1755.51
2.568,0.318406363,1755.6
2.5682,0.3406287017,1755.69
2.5684,0.3414570992,1755.78
2.5686,0.2883313471,1755.87
2.5688,0.3072307093,1755.96
2.569,0.2299573727,1756.05
2.5692,0.1885115736,1756.14
2.5694,0.1772490364,1756.23
2.5696,0.07901884457,1756.32
2.5698,0.259637102,1756.41
2.57,0.1308121618,1756.5
2.5702,0.06202638477,1756.59
2.5704,0.1258574583,1756.68
2.5706,0.07121673851,1756.77
2.5708,0.01206858461,1756.86
2.571,0.02662997889,1756.95
2.5712,0.06208397718,1757.04
2.5714,-0.06900138288,1757.13
2.5716,-0.06473068152,1757.22
2.5718,-0.08761919789,1757.31
2.572,-0.1331448838,1757.4
2.5722,-0.126973059,1757.49
2.5724,-0.1585954469,1757.58
2.5726,-0.1048100978,1757.67
2.5728,-0.1765994363,1757.76
2.573,-0.1950154268,1757.85
2.5732,-0.229559385,1757.94
2.5734,-0.2707320614,1758.03
2.5736,-0.2175812899,1758.12
2.5738,-0.2989285413,1758.21
2.574,-0.3163946993,1758.3
2.5742,-0.3216101778,1758.39
2.5744,-0.3133035644,1758.48
2.5746,-0.3680980756,1758.57
2.5748,-0.3818356227,1758.66
2.575,-0.3804840064,1758.75
2.5752,-0.4093672232,1758.84
2.5754,-0.370097061,1758.93
2.5756,-0.4296958432,1759.02
2.5758,-0.3772047639,1759.11
2.576,-0.3840999009,1759.2
2.5762,-0.3998321123,1759.29
2.5764,-0.450483557,1759.38
2.5766,-0.4722064808,1759.47
2.5768,-0.4878135716,1759.56
2.577,-0.523057507,1759.65
2.5772,-0.5489915389,1759.74
2.5774,-0.5368800051,1759.83
2.5776,-0.5955994068,1759.92
2.5778,-0.5594490161,1760.01
2.578,-0.6478750479,1760.1
2.5782,-0.601361458,1760.19
2.5784,-0.617343547,1760.28
2.5786,-0.6371290843,1760.37
2.5788,-0.7159084688,1760.46
2.579,-0.7537778697,1760.55
2.5792,-0.701818591,1760.64
2.5794,-0.7288377359,1760.73
2.5796,-0.8486921086,1760.82
2.5798,-0.8431389001,1760.91
2.58,-0.780701645,1761
2.5802,-0.8576110331,1761.09
2.5804,-0.9427608426,1761.18
2.5806,-0.940224764,1761.27
2.5808,-1.029279034,1761.36
2.581,-1.046188387,1761.45
2.5812,-1.062171469,1761.54
2.5814,-1.138329841,1761.63
2.5816,-1.118153052,1761.72
2.5818,-1.205266444,1761.81
2.582,-1.242231583,1761.9
2.5822,-1.244298548,1761.99
2.5824,-1.264575508,1762.08
2.5826,-1.292448407,1762.17
2.5828,-1.283522192,1762.26
2.583,-1.288606972,1762.35
2.5832,-1.268280964,1762.44
2.5834,-1.340476661,1762.53
2.5836,-1.261973427,1762.62
2.5838,-1.320830575,1762.71
2.584,-1.314687713,1762.8
2.5842,-1.271804782,1762.89
2.5844,-1.28153187,1762.98
2.5846,-1.203908244,1763.07
2.5848,-1.223568438,1763.16
2.585,-1.132779802,1763.25
2.5852,-1.094735762,1763.34
2.5854,-1.006523581,1763.43
2.5856,-0.9283014522,1763.52
2.5858,-0.9581620246,1763.61
2.586,-0.8765026781,1763.7
2.5862,-0.8276157191,1763.79
2.5864,-0.698522508,1763.88
2.5866,-0.6344900938,1763.97
2.5868,-0.6160911171,1764.06
2.587,-0.4597926784,1764.15
2.5872,-0.358735373,1764.24
2.5874,-0.4007436726,1764.33
2.5876,-0.2287154439,1764.42
2.5878,-0.1338728284,1764.51
2.588,-0.05181124121,1764.6
2.5882,0.02410450165,1764.69
2.5884,0.101332564,1764.78
2.5886,0.1863941036,1764.87
2.5888,0.33661098,1764.96
2.589,0.3968602918,1765.05
2.5892,0.4680794067,1765.14
2.5894,0.5628409199,1765.23
2.5896,0.6298087811,1765.32
2.5898,0.7261629939,1765.41
2.59,0.8193697089,1765.5
2.5902,0.7530732918,1765.59
2.5904,0.9427543238,1765.68
2.5906,1.036975487,1765.77
2.5908,1.050059816,1765.86
2.591,1.095780541,1765.95
2.5912,1.1375362,1766.04
2.5914,1.215505452,1766.13
2.5916,1.223052682,1766.22
2.5918,1.248489198,1766.31
2.592,1.276643302,1766.4
2.5922,1.342038656,1766.49
2.5924,1.254923178,1766.58
2.5926,1.324592666,1766.67
2.5928,1.300059324,1766.76
2.593,1.252833327,1766.85
2.5932,1.285563721,1766.94
2.5934,1.326966857,1767.03
2.5936,1.237985545,1767.12
2.5938,1.21688423,1767.21
2.594,1.180076986,1767.3
2.5942,1.307920644,1767.39
2.5944,1.117596563,1767.48
2.5946,1.165997673,1767.57
2.5948,1.115559469,1767.66
2.595,1.159880056,1767.75
2.5952,1.093596255,1767.84
2.5954,1.03766101,1767.93
2.5956,0.9933474193,1768.02
2.5958,0.9359157791,1768.11
2.596,0.9500120433,1768.2
2.5962,0.8643877888,1768.29
2.5964,0.882505025,1768.38
2.5966,0.7367192786,1768.47
2.5968,0.8147010859,1768.56
2.597,0.7652436464,1768.65
2.5972,0.7284642755,1768.74
2.5974,0.6697841169,1768.83
2.5976,0.5801007956,1768.92
2.5978,0.6569742337,1769.01
2.598,0.6068948689,1769.1
2.5982,0.606219374,1769.19
2.5984,0.5096095919,1769.28
2.5986,0.5103682178,1769.37
2.5988,0.5334689719,1769.46
2.599,0.6008881962,1769.55
2.5992,0.4578922598,1769.64
2.5994,0.5047111469,1769.73
2.5996,0.4399849773,1769.82
2.5998,0.4910097949,1769.91
2.6,0.4495533208,1770
2.6002,0.4675905598,1770.09
2.6004,0.3703961553,1770.18
2.6006,0.4616308313,1770.27
2.6008,0.4327329403,1770.36
2.601,0.3665580276,1770.45
2.6012,0.4298467421,1770.54
2.6014,0.3210945591,1770.63
2.6016,0.3573234542,1770.72
2.6018,0.3451759972,1770.81
2.602,0.2885069063,1770.9
2.6022,0.3171609958,1770.99
2.6024,0.308923204,1771.08
2.6026,0.3312408116,1771.17
2.6028,0.2957319123,1771.26
2.603,0.2444158757,1771.35
2.6032,0.1976449943,1771.44
2.6034,0.2012549032,1771.53
2.6036,0.1978072707,1771.62
2.6038,0.1055987431,1771.71
2.604,0.1024153011,1771.8
2.6042,0.142044217,1771.89
2.6044,0.1474913836,1771.98
2.6046,0.0665547025,1772.07
2.6048,0.01872090668,1772.16
2.605,0.03200107999,1772.25
2.6052,-0.01225747083,1772.34
2.6054,-0.0903466949,1772.43
2.6056,-0.113844761,1772.52
2.6058,-0.05579137428,1772.61
2.606,-0.1171992655,1772.7
2.6062,-0.144571334,1772.79
2.6064,-0.1441862045,1772.88
2.6066,-0.1879495392,1772.97
2.6068,-0.1722289023,1773.06
2.607,-0.2259591442,1773.15
2.6072,-0.2074230982,1773.24
2.6074,-0.2392367091,1773.33
2.6076,-0.2086033244,1773.42
2.6078,-0.3006314758,1773.51
2.608,-0.3768092598,1773.6
2.6082,-0.31422973,1773.69
2.6084,-0.31412508,1773.78
2.6086,-0.3677651249,1773.87
2.6088,-0.3217347439,1773.96
2.609,-0.3559548708,1774.05
2.6092,-0.4152948152,1774.14
2.6094,-0.412897972,1774.23
2.6096,-0.4827183461,1774.32
2.6098,-0.4719010523,1774.41
2.61,-0.4204289885,1774.5
2.6102,-0.5256807779,1774.59
2.6104,-0.4131613418,1774.68
2.6106,-0.4779868935,1774.77
2.6108,-0.5005509982,1774.86
2.611,-0.4712287419,1774.95
2.6112,-0.4591046084,1775.04
2.6114,-0.5151832935,1775.13
2.6116,-0.5278791022,1775.22
2.6118,-0.5514093549,1775.31
2.612,-0.4787222581,1775.4
2.6122,-0.5799942385,1775.49
2.6124,-0.5923144331,1775.58
2.6126,-0.642459987,1775.67
2.6128,-0.6959075595,1775.76
2.613,-0.7574585424,1775.85
2.6132,-0.6921190273,1775.94
2.6134,-0.8030789332,1776.03
2.6136,-0.7632300851,1776.12
2.6138,-0.879603213,1776.21
2.614,-0.9377260983,1776.3
2.6142,-0.9017174828,1776.39
2.6144,-0.9351776341,1776.48
2.6146,-1.007020762,1776.57
2.6148,-1.032321812,1776.66
2.615,-1.062764686,1776.75
2.6152,-1.115277925,1776.84
2.6154,-1.135915393,1776.93
2.6156,-1.215072475,1777.02
2.6158,-1.231180242,1777.11
2.616,-1.245457137,1777.2
2.6162,-1.207706081,1777.29
2.6164,-1.208812618,1777.38
2.6166,-1.330417454,1777.47
2.6168,-1.238354555,1777.56
2.617,-1.258880462,1777.65
2.6172,-1.293324106,1777.74
2.6174,-1.27332253,1777.83
2.6176,-1.243345554,1777.92
2.6178,-1.287791198,1778.01
2.618,-1.293232679,1778.1
2.6182,-1.284095408,1778.19
2.6184,-1.22811889,1778.28
2.6186,-1.202406553,1778.37
2.6188,-1.168865071,1778.46
2.619,-1.128770008,1778.55
2.6192,-1.052834783,1778.64
2.6194,-1.038604169,1778.73
2.6196,-0.9415501111,1778.82
2.6198,-0.9193100635,1778.91
2.62,-0.8214130184,1779
2.6202,-0.7853736402,1779.09
2.6204,-0.6851745901,1779.18
2.6206,-0.6373156685,1779.27
2.6208,-0.5594214793,1779.36
2.621,-0.4304354529,1779.45
2.6212,-0.4024251894,1779.54
2.6214,-0.2435468297,1779.63
2.6216,-0.1990640955,1779.72
2.6218,-0.06977338623,1779.81
2.622,-0.004332925615,1779.9
2.6222,0.0441310263,1779.99
2.6224,0.2151715518,1780.08
2.6226,0.3569629893,1780.17
2.6228,0.448311974,1780.26
2.623,0.481127145,1780.35
2.6232,0.5492234851,1780.44
2.6234,0.6080604425,1780.53
2.6236,0.7496999367,1780.62
2.6238,0.7988546204,1780.71
2.624,0.8262052992,1780.8
2.6242,0.9069478904,1780.89
2.6244,0.9756190551,1780.98
2.6246,1.017298655,1781.07
2.6248,1.002711935,1781.16
2.625,1.153256755,1781.25
2.6252,1.211320747,1781.34
2.6254,1.229827692,1781.43
2.6256,1.288942574,1781.52
2.6258,1.259321746,1781.61
2.626,1.234687013,1781.7
2.6262,1.286453698,1781.79
2.6264,1.373458844,1781.88
2.6266,1.281211054,1781.97
2.6268,1.314638376,1782.06
2.627,1.349991184,1782.15
2.6272,1.338325337,1782.24
2.6274,1.243239162,1782.33
2.6276,1.202903187,1782.42
2.6278,1.187192515,1782.51
2.628,1.205643297,1782.6
2.6282,1.16639582,1782.69
2.6284,1.124388227,1782.78
2.6286,1.132637411,1782.87
2.6288,1.13706436,1782.96
2.629,1.023104597,1783.05
2.6292,1.057184953,1783.14
2.6294,0.9522867004,1783.23
2.6296,0.9492991561,1783.32
2.6298,0.870851053,1783.41
2.63,0.8062771806,1783.5
2.6302,0.8673967193,1783.59
2.6304,0.8529391792,1783.68
2.6306,0.7726790879,1783.77
2.6308,0.7249370282,1783.86
2.631,0.6961876153,1783.95
2.6312,0.7200871735,1784.04
2.6314,0.5720159003,1784.13
2.6316,0.605560654,1784.22
2.6318,0.6710622697,1784.31
2.632,0.570388468,1784.4
2.6322,0.5473124356,1784.49
2.6324,0.4964055078,1784.58
2.6326,0.6055557929,1784.67
2.6328,0.5503854021,1784.76
2.633,0.5428779605,1784.85
2.6332,0.4997642344,1784.94
2.6334,0.4087822545,1785.03
2.6336,0.4797917317,1785.12
2.6338,0.511472933,1785.21
2.634,0.4591257186,1785.3
2.6342,0.4077044253,1785.39
2.6344,0.4367182038,1785.48
2.6346,0.3784813248,1785.57
2.6348,0.3845648376,1785.66
2.635,0.3623315241,1785.75
2.6352,0.3088698011,1785.84
2.6354,0.3315615839,1785.93
2.6356,0.4544638153,1786.02
2.6358,0.2855902908,1786.11
2.636,0.3081079412,1786.2
2.6362,0.2539892988,1786.29
2.6364,0.3055518366,1786.38
2.6366,0.1965059576,1786.47
2.6368,0.2657955757,1786.56
2.637,0.2361115676,1786.65
2.6372,0.2386450604,1786.74
2.6374,0.2154376893,1786.83
2.6376,0.09411481331,1786.92
2.6378,0.1462905798,1787.01
2.638,0.1046821961,1787.1
2.6382,0.104675353,1787.19
2.6384,0.003892023571,1787.28
2.6386,0.04015489008,1787.37
2.6388,0.04867590112,1787.46
2.639,-0.08352861121,1787.55
2.6392,0.04384534852,1787.64
2.6394,-0.0415690282,1787.73
2.6396,-0.05473885525,1787.82
2.6398,-0.1308817071,1787.91
2.64,-0.1423740183,1788
2.6402,-0.1717521399,1788.09
2.6404,-0.1280848068,1788.18
2.6406,-0.2444588915,1788.27
2.6408,-0.2309112245,1788.36
2.641,-0.1818735424,1788.45
2.6412,-0.2078999784,1788.54
2.6414,-0.344426681,1788.63
2.6416,-0.3482375526,1788.72
2.6418,-0.3203518864,1788.81
2.642,-0.3694958741,1788.9
2.6422,-0.34916833,1788.99
2.6424,-0.3606068312,1789.08
2.6426,-0.4502098,1789.17
2.6428,-0.4230880588,1789.26
2.643,-0.3997192845,1789.35
2.6432,-0.4042919878,1789.44
2.6434,-0.4797162644,1789.53
2.6436,-0.4514394488,1789.62
2.6438,-0.5172169263,1789.71
2.644,-0.4652446432,1789.8
2.6442,-0.3944223818,1789.89
2.6444,-0.4604153572,1789.98
2.6446,-0.5414854098,1790.07
2.6448,-0.4961491899,1790.16
2.645,-0.5430492607,1790.25
2.6452,-0.5593630423,1790.34
2.6454,-0.6205440248,1790.43
2.6456,-0.5896790633,1790.52
2.6458,-0.6256252671,1790.61
2.646,-0.6513809402,1790.7
2.6462,-0.6444651817,1790.79
2.6464,-0.6783917825,1790.88
2.6466,-0.6613962237,1790.97
2.6468,-0.7402811714,1791.06
2.647,-0.8159505484,1791.15
2.6472,-0.7594295544,1791.24
2.6474,-0.7748172273,1791.33
2.6476,-0.8616478351,1791.42
2.6478,-0.8990479987,1791.51
2.648,-0.8999270258,1791.6
2.6482,-0.9017065109,1791.69
2.6484,-0.974690112,1791.78
2.6486,-1.110247363,1791.87
2.6488,-1.100409436,1791.96
2.649,-1.164729557,1792.05
2.6492,-1.149158168,1792.14
2.6494,-1.258302946,1792.23
2.6496,-1.154525317,1792.32
2.6498,-1.219468975,1792.41
2.65,-1.306125336,1792.5
2.6502,-1.244005503,1792.59
2.6504,-1.281621151,1792.68
2.6506,-1.31311934,1792.77
2.6508,-1.340460911,1792.86
2.651,-1.302332513,1792.95
2.6512,-1.290317216,1793.04
2.6514,-1.32194002,1793.13
2.6516,-1.2758986,1793.22
2.6518,-1.288074343,1793.31
2.652,-1.208166258,1793.4
2.6522,-1.220365925,1793.49
2.6524,-1.119854518,1793.58
2.6526,-1.144001914,1793.67
2.6528,-1.04271016,1793.76
2.653,-0.9663358916,1793.85
2.6532,-0.9719166495,1793.94
2.6534,-0.9351136168,1794.03
2.6536,-0.8738302451,1794.12
2.6538,-0.7906933963,1794.21
2.654,-0.7250445528,1794.3
2.6542,-0.5865713422,1794.39
2.6544,-0.5857576855,1794.48
2.6546,-0.4856557596,1794.57
2.6548,-0.2091072021,1794.66
2.655,-0.2526005785,1794.75
2.6552,-0.1629905962,1794.84
2.6554,-0.002385161522,1794.93
2.6556,0.08005573768,1795.02
2.6558,0.08150803841,1795.11
2.656,0.2672013388,1795.2
2.6562,0.3096205088,1795.29
2.6564,0.3788527872,1795.38
2.6566,0.4758153601,1795.47
2.6568,0.5189405813,1795.56
2.657,0.6240155421,1795.65
2.6572,0.7766365892,1795.74
2.6574,0.8200937299,1795.83
2.6576,0.8596998467,1795.92
2.6578,0.9134019136,1796.01
2.658,1.022785237,1796.1
2.6582,1.104450299,1796.19
2.6584,1.135378292,1796.28
2.6586,1.188526976,1796.37
2.6588,1.151829508,1796.46
2.659,1.23045935,1796.55
2.6592,1.163244724,1796.64
2.6594,1.283611538,1796.73
2.6596,1.278741306,1796.82
2.6598,1.34526391,1796.91
2.66,1.333350078,1797
2.6602,1.276204335,1797.09
2.6604,1.305904525,1797.18
2.6606,1.30923869,1797.27
2.6608,1.305853788,1797.36
2.661,1.310732652,1797.45
2.6612,1.325059862,1797.54
2.6614,1.225861944,1797.63
2.6616,1.215357949,1797.72
2.6618,1.188223758,1797.81
2.662,1.107217923,1797.9
2.6622,1.069216345,1797.99
2.6624,0.9983826395,1798.08
2.6626,0.9599244277,1798.17
2.6628,0.9903495653,1798.26
2.663,0.9775312052,1798.35
2.6632,0.9300776186,1798.44
2.6634,0.9103716046,1798.53
2.6636,0.8044755923,1798.62
2.6638,0.8418819358,1798.71
2.664,0.8339786007,1798.8
2.6642,0.8189260423,1798.89
2.6644,0.7420735491,1798.98
2.6646,0.7476412608,1799.07
2.6648,0.5787166467,1799.16
2.665,0.6912646267,1799.25
2.6652,0.5650486907,1799.34
2.6654,0.5980342866,1799.43
2.6656,0.6087839027,1799.52
2.6658,0.5132444236,1799.61
2.666,0.5122262751,1799.7
2.6662,0.4887697172,1799.79
2.6664,0.4546246987,1799.88
2.6666,0.4371799675,1799.97
2.6668,0.5418260155,1800.06
2.667,0.3956637348,1800.15
2.6672,0.4451744451,1800.24
2.6674,0.3960723152,1800.33
2.6676,0.4681361921,1800.42
2.6678,0.4088700556,1800.51
2.668,0.4319941949,1800.6
2.6682,0.3532331177,1800.69
2.6684,0.3271890954,1800.78
2.6686,0.3849950209,1800.87
2.6688,0.4013821748,1800.96
2.669,0.3007606208,1801.05
2.6692,0.3171047789,1801.14
2.6694,0.3215394145,1801.23
2.6696,0.3191718534,1801.32
2.6698,0.2699426894,1801.41
2.67,0.2683771088,1801.5
2.6702,0.236461994,1801.59
2.6704,0.3315902476,1801.68
2.6706,0.1816620636,1801.77
2.6708,0.2043731388,1801.86
2.671,0.1222951588,1801.95
2.6712,0.1467495053,1802.04
2.6714,0.03449303215,1802.13
2.6716,0.04980444329,1802.22
2.6718,0.08906795605,1802.31
2.672,0.0595353042,1802.4
2.6722,0.0270370656,1802.49
2.6724,-0.06842140819,1802.58
2.6726,-0.01300884473,1802.67
2.6728,-0.116341636,1802.76
2.673,-0.1026119996,1802.85
2.6732,-0.1246451541,1802.94
2.6734,-0.08696987066,1803.03
2.6736,-0.1757303215,1803.12
2.6738,-0.2580403568,1803.21
2.674,-0.2433598546,1803.3
2.6742,-0.1976576975,1803.39
2.6744,-0.236611693,1803.48
2.6746,-0.2446267964,1803.57
2.6748,-0.2491132083,1803.66
2.675,-0.2961175501,1803.75
2.6752,-0.3290675951,1803.84
2.6754,-0.4035965647,1803.93
2.6756,-0.3471895993,1804.02
2.6758,-0.3356141921,1804.11
2.676,-0.3509698731,1804.2
2.6762,-0.3648092059,1804.29
2.6764,-0.402909747,1804.38
2.6766,-0.4233945956,1804.47
2.6768,-0.4119524794,1804.56
2.677,-0.469875218,1804.65
2.6772,-0.433548411,1804.74
2.6774,-0.4216721641,1804.83
2.6776,-0.3923346428,1804.92
2.6778,-0.5182553182,1805.01
2.678,-0.5320426438,1805.1
2.6782,-0.5648775938,1805.19
2.6784,-0.4773452503,1805.28
2.6786,-0.5299741719,1805.37
2.6788,-0.5222826908,1805.46
2.679,-0.5871673408,1805.55
2.6792,-0.6010435679,1805.64
2.6794,-0.6252533228,1805.73
2.6796,-0.6719209186,1805.82
2.6798,-0.6072736027,1805.91
2.68,-0.7310883426,1806
2.6802,-0.6898655916,1806.09
2.6804,-0.7851557835,1806.18
2.6806,-0.7699103182,1806.27
2.6808,-0.7933772268,1806.36
2.681,-0.8347380543,1806.45
2.6812,-0.9009866553,1806.54
2.6814,-0.9580475972,1806.63
2.6816,-0.9697183746,1806.72
2.6818,-1.025332398,1806.81
2.682,-1.097619048,1806.9
2.6822,-1.193540609,1806.99
2.6824,-1.09523827,1807.08
2.6826,-1.204090533,1807.17
2.6828,-1.154630053,1807.26
2.683,-1.294234463,1807.35
2.6832,-1.290574459,1807.44
2.6834,-1.31922087,1807.53
2.6836,-1.33106556,1807.62
2.6838,-1.348041125,1807.71
2.684,-1.237616538,1807.8
2.6842,-1.282767912,1807.89
2.6844,-1.241342789,1807.98
2.6846,-1.271037597,1808.07
2.6848,-1.247917552,1808.16
2.685,-1.254907398,1808.25
2.6852,-1.176808888,1808.34
2.6854,-1.19437129,1808.43
2.6856,-1.138648495,1808.52
2.6858,-1.145068826,1808.61
2.686,-1.08126014,1808.7
2.6862,-1.121981117,1808.79
2.6864,-0.9658230771,1808.88
2.6866,-0.9366982692,1808.97
2.6868,-0.8480972277,1809.06
2.687,-0.7555682552,1809.15
2.6872,-0.6890157857,1809.24
2.6874,-0.6801996475,1809.33
2.6876,-0.5416615109,1809.42
2.6878,-0.4789648464,1809.51
2.688,-0.4215159345,1809.6
2.6882,-0.2639367108,1809.69
2.6884,-0.1426257411,1809.78
2.6886,-0.09978469137,1809.87
2.6888,-0.01215891741,1809.96
2.689,0.06212052635,1810.05
2.6892,0.1950509743,1810.14
2.6894,0.2746279619,1810.23
2.6896,0.3602085453,1810.32
2.6898,0.417622849,1810.41
2.69,0.5813897847,1810.5
2.6902,0.6094758681,1810.59
2.6904,0.697167069,1810.68
2.6906,0.7855636246,1810.77
2.6908,0.8981889736,1810.86
2.691,0.8976251433,1810.95
2.6912,0.9829255459,1811.04
2.6914,1.020074014,1811.13
2.6916,1.103571738,1811.22
2.6918,1.161781659,1811.31
2.692,1.154580312,1811.4
2.6922,1.174260764,1811.49
2.6924,1.276491728,1811.58
2.6926,1.216000329,1811.67
2.6928,1.327088926,1811.76
2.693,1.294992091,1811.85
2.6932,1.372079595,1811.94
2.6934,1.267378648,1812.03
2.6936,1.343526257,1812.12
2.6938,1.284759334,1812.21
2.694,1.206859651,1812.3
2.6942,1.30536093,1812.39
2.6944,1.341333582,1812.48
2.6946,1.259710681,1812.57
2.6948,1.141416802,1812.66
2.695,1.174257661,1812.75
2.6952,1.208371891,1812.84
2.6954,1.134344455,1812.93
2.6956,1.05371249,1813.02
2.6958,0.9858246317,1813.11
2.696,1.025677565,1813.2
2.6962,0.929034936,1813.29
2.6964,0.9806962748,1813.38
2.6966,0.8838338779,1813.47
2.6968,0.8325024647,1813.56
2.697,0.8187198539,1813.65
2.6972,0.8086475618,1813.74
2.6974,0.8057640743,1813.83
2.6976,0.7101597315,1813.92
2.6978,0.6896767224,1814.01
2.698,0.7591669499,1814.1
2.6982,0.6458322624,1814.19
2.6984,0.5656454631,1814.28
2.6986,0.5701969291,1814.37
2.6988,0.5489557269,1814.46
2.699,0.4754989207,1814.55
2.6992,0.4620452434,1814.64
2.6994,0.5257463765,1814.73
2.6996,0.4664379701,1814.82
2.6998,0.4275603323,1814.91
2.7,0.4463524023,1815
2.7002,0.3945625599,1815.09
2.7004,0.4311170169,1815.18
2.7006,0.2763297559,1815.27
2.7008,0.3828210545,1815.36
2.701,0.3828519101,1815.45
2.7012,0.3586188667,1815.54
2.7014,0.4274882165,1815.63
2.7016,0.3093113201,1815.72
2.7018,0.340285288,1815.81
2.702,0.3384613556,1815.9
2.7022,0.3681105704,1815.99
2.7024,0.3160317604,1816.08
2.7026,0.291380617,1816.17
2.7028,0.3081718331,1816.26
2.703,0.2208454951,1816.35
2.7032,0.2328039898,1816.44
2.7034,0.2359286428,1816.53
2.7036,0.1755181933,1816.62
2.7038,0.2150921608,1816.71
2.704,0.1750423413,1816.8
2.7042,0.1537336963,1816.89
2.7044,0.1520435992,1816.98
2.7046,0.08160318681,1817.07
2.7048,0.04738902322,1817.16
2.705,0.1208437567,1817.25
2.7052,0.03039478086,1817.34
2.7054,0.01528750236,1817.43
2.7056,-0.06787964382,1817.52
2.7058,-0.05501078704,1817.61
2.706,-0.1245412314,1817.7
2.7062,-0.1152981608,1817.79
2.7064,-0.1441782316,1817.88
2.7066,-0.2085995633,1817.97
2.7068,-0.2022941116,1818.06
2.707,-0.2173670694,1818.15
2.7072,-0.2503021691,1818.24
2.7074,-0.2217260022,1818.33
2.7076,-0.2859702113,1818.42
2.7078,-0.2860101855,1818.51
2.708,-0.316417432,1818.6
2.7082,-0.3491712401,1818.69
2.7084,-0.3541990249,1818.78
2.7086,-0.3155298397,1818.87
2.7088,-0.3471423784,1818.96
2.709,-0.443327686,1819.05
2.7092,-0.3509834212,1819.14
2.7094,-0.4266427132,1819.23
2.7096,-0.3857076998,1819.32
2.7098,-0.3997293977,1819.41
2.71,-0.3472724247,1819.5
2.7102,-0.428186327,1819.59
2.7104,-0.4483782363,1819.68
2.7106,-0.4608946593,1819.77
2.7108,-0.4442241736,1819.86
2.711,-0.446227788,1819.95
2.7112,-0.4370684355,1820.04
2.7114,-0.6084019401,1820.13
2.7116,-0.5424457104,1820.22
2.7118,-0.4937967544,1820.31
2.712,-0.5710724188,1820.4
2.7122,-0.6785440799,1820.49
2.7124,-0.6122745849,1820.58
2.7126,-0.5835892816,1820.67
2.7128,-0.6131680459,1820.76
2.713,-0.6522334748,1820.85
2.7132,-0.6872552408,1820.94
2.7134,-0.7692658748,1821.03
2.7136,-0.807236394,1821.12
2.7138,-0.8056994638,1821.21
2.714,-0.8015902649,1821.3
2.7142,-0.8920132595,1821.39
2.7144,-0.9257326149,1821.48
2.7146,-1.010724448,1821.57
2.7148,-1.007789905,1821.66
2.715,-1.121929594,1821.75
2.7152,-1.062512672,1821.84
2.7154,-1.109641717,1821.93
2.7156,-1.171500105,1822.02
2.7158,-1.173704265,1822.11
2.716,-1.209054448,1822.2
2.7162,-1.290683099,1822.29
2.7164,-1.28666357,1822.38
2.7166,-1.265543987,1822.47
2.7168,-1.24266572,1822.56
2.717,-1.25157875,1822.65
2.7172,-1.320792637,1822.74
2.7174,-1.314145518,1822.83
2.7176,-1.285547821,1822.92
2.7178,-1.217031659,1823.01
2.718,-1.328995193,1823.1
2.7182,-1.222411777,1823.19
2.7184,-1.270654002,1823.28
2.7186,-1.227004846,1823.37
2.7188,-1.109187036,1823.46
2.719,-1.08959551,1823.55
2.7192,-1.104822374,1823.64
2.7194,-1.001786559,1823.73
2.7196,-0.8995926608,1823.82
2.7198,-0.8777647446,1823.91
2.72,-0.8141412413,1824
2.7202,-0.7589860191,1824.09
2.7204,-0.6627207283,1824.18
2.7206,-0.5296709847,1824.27
2.7208,-0.4709985281,1824.36
2.721,-0.3065677567,1824.45
2.7212,-0.2943025918,1824.54
2.7214,-0.1957768194,1824.63
2.7216,-0.1696375093,1824.72
2.7218,-0.005796457258,1824.81
2.722,-0.02299459096,1824.9
2.7222,0.2095783197,1824.99
2.7224,0.2284908226,1825.08
2.7226,0.3547939585,1825.17
2.7228,0.5000457188,1825.26
2.723,0.5823753621,1825.35
2.7232,0.6646938174,1825.44
2.7234,0.7089275761,1825.53
2.7236,0.8047262,1825.62
2.7238,0.8214520126,1825.71
2.724,0.94923318,1825.8
2.7242,1.019914983,1825.89
2.7244,1.01453841,1825.98
2.7246,1.109124113,1826.07
2.7248,1.196761321,1826.16
2.725,1.18030832,1826.25
2.7252,1.235565439,1826.34
2.7254,1.256119318,1826.43
2.7256,1.368845018,1826.52
2.7258,1.32591307,1826.61
2.726,1.289436914,1826.7
2.7262,1.322996202,1826.79
2.7264,1.320616926,1826.88
2.7266,1.262752806,1826.97
2.7268,1.304973547,1827.06
2.727,1.278245319,1827.15
2.7272,1.24869564,1827.24
2.7274,1.24869757,1827.33
2.7276,1.207270286,1827.42
2.7278,1.225809999,1827.51
2.728,1.208532797,1827.6
2.7282,1.194675603,1827.69
2.7284,1.132700209,1827.78
2.7286,1.056808226,1827.87
2.7288,0.9997124515,1827.96
2.729,1.042587157,1828.05
2.7292,0.925236768,1828.14
2.7294,0.897822846,1828.23
2.7296,0.8700303859,1828.32
2.7298,0.8115941067,1828.41
2.73,0.7379873351,1828.5
2.7302,0.8158843506,1828.59
2.7304,0.7460027738,1828.68
2.7306,0.7629611986,1828.77
2.7308,0.6860834777,1828.86
2.731,0.7041154914,1828.95
2.7312,0.6038240709,1829.04
2.7314,0.5973626889,1829.13
2.7316,0.5252513608,1829.22
2.7318,0.5522133037,1829.31
2.732,0.4825550061,1829.4
2.7322,0.4975425732,1829.49
2.7324,0.5333467493,1829.58
2.7326,0.4780395132,1829.67
2.7328,0.5025076023,1829.76
2.733,0.4480199237,1829.85
2.7332,0.4443347418,1829.94
2.7334,0.3588261976,1830.03
2.7336,0.4591322922,1830.12
2.7338,0.3867421962,1830.21
2.734,0.4607879425,1830.3
2.7342,0.3596882018,1830.39
2.7344,0.3655084473,1830.48
2.7346,0.3486914848,1830.57
2.7348,0.3267254248,1830.66
2.735,0.3021981649,1830.75
2.7352,0.2864550501,1830.84
2.7354,0.3848722588,1830.93
2.7356,0.3396286569,1831.02
2.7358,0.2934850786,1831.11
2.736,0.2442022185,1831.2
2.7362,0.209108757,1831.29
2.7364,0.188305124,1831.38
2.7366,0.197738214,1831.47
2.7368,0.1266682949,1831.56
2.737,0.1329735342,1831.65
2.7372,0.1386515001,1831.74
2.7374,0.09929296714,1831.83
2.7376,0.093740582,1831.92
2.7378,0.03610525212,1832.01
2.738,-0.04419208053,1832.1
2.7382,-0.04413336861,1832.19
2.7384,-0.0421049313,1832.28
2.7386,-0.04283972682,1832.37
2.7388,-0.1211705326,1832.46
2.739,-0.1107059429,1832.55
2.7392,-0.02458426338,1832.64
2.7394,-0.1695027004,1832.73
2.7396,-0.1836323696,1832.82
2.7398,-0.1862415331,1832.91
2.74,-0.2456799139,1833
2.7402,-0.2585705368,1833.09
2.7404,-0.2812727542,1833.18
2.7406,-0.2883526019,1833.27
2.7408,-0.231500739,1833.36
2.741,-0.2894785081,1833.45
2.7412,-0.3239143762,1833.54
2.7414,-0.3316370617,1833.63
2.7416,-0.3318791669,1833.72
2.7418,-0.2981586946,1833.81
2.742,-0.3951010296,1833.9
2.7422,-0.4237352433,1833.99
2.7424,-0.4256748835,1834.08
2.7426,-0.4292545148,1834.17
2.7428,-0.4203334533,1834.26
2.743,-0.3967154196,1834.35
2.7432,-0.4688971477,1834.44
2.7434,-0.4606660739,1834.53
2.7436,-0.4043598538,1834.62
2.7438,-0.5227831864,1834.71
2.744,-0.5622368669,1834.8
2.7442,-0.5103961135,1834.89
2.7444,-0.527902021,1834.98
2.7446,-0.5139869128,1835.07
2.7448,-0.5975638464,1835.16
2.745,-0.5122455343,1835.25
2.7452,-0.6255425589,1835.34
2.7454,-0.6251823476,1835.43
2.7456,-0.6335755221,1835.52
2.7458,-0.6891071846,1835.61
2.746,-0.7529002347,1835.7
2.7462,-0.7703161899,1835.79
2.7464,-0.7804955255,1835.88
2.7466,-0.8383037266,1835.97
2.7468,-0.8469173393,1836.06
2.747,-0.8918322021,1836.15
2.7472,-0.9069245206,1836.24
2.7474,-1.008001409,1836.33
2.7476,-0.9814916154,1836.42
2.7478,-1.052429938,1836.51
2.748,-1.095008027,1836.6
2.7482,-1.16230096,1836.69
2.7484,-1.16333759,1836.78
2.7486,-1.150174036,1836.87
2.7488,-1.213064693,1836.96
2.749,-1.273836924,1837.05
2.7492,-1.247675134,1837.14
2.7494,-1.279966201,1837.23
2.7496,-1.333540345,1837.32
2.7498,-1.323473825,1837.41
2.75,-1.350522108,1837.5
2.7502,-1.326086331,1837.59
2.7504,-1.3095004,1837.68
2.7506,-1.345239374,1837.77
2.7508,-1.232231605,1837.86
2.751,-1.239661076,1837.95
2.7512,-1.15384122,1838.04
2.7514,-1.213327182,1838.13
2.7516,-1.0877814,1838.22
2.7518,-1.089209006,1838.31
2.752,-1.028907798,1838.4
2.7522,-1.016341478,1838.49
2.7524,-1.0020176,1838.58
2.7526,-0.8552972361,1838.67
2.7528,-0.7641431985,1838.76
2.753,-0.7608508328,1838.85
2.7532,-0.6206877792,1838.94
2.7534,-0.5477783695,1839.03
2.7536,-0.5513427033,1839.12
2.7538,-0.3461286272,1839.21
2.754,-0.2268805785,1839.3
2.7542,-0.2942138517,1839.39
2.7544,-0.06148249962,1839.48
2.7546,-0.01736652798,1839.57
2.7548,0.04864589283,1839.66
2.755,0.1274844987,1839.75
2.7552,0.2425098902,1839.84
2.7554,0.3826435482,1839.93
2.7556,0.4807580321,1840.02
2.7558,0.585758597,1840.11
2.756,0.6679943018,1840.2
2.7562,0.696423851,1840.29
2.7564,0.7897115571,1840.38
2.7566,0.9302444654,1840.47
2.7568,0.9272019551,1840.56
2.757,1.010727146,1840.65
2.7572,1.051815172,1840.74
2.7574,1.200011354,1840.83
2.7576,1.133155743,1840.92
2.7578,1.192563972,1841.01
2.758,1.173511408,1841.1
2.7582,1.274012077,1841.19
2.7584,1.244478684,1841.28
2.7586,1.343163855,1841.37
2.7588,1.28639061,1841.46
2.759,1.301661101,1841.55
2.7592,1.360240376,1841.64
2.7594,1.329465906,1841.73
2.7596,1.231233797,1841.82
2.7598,1.288339879,1841.91
2.76,1.213003599,1842
2.7602,1.202899381,1842.09
2.7604,1.279554908,1842.18
2.7606,1.196471072,1842.27
2.7608,1.126451135,1842.36
2.761,1.141871331,1842.45
2.7612,1.007496919,1842.54
2.7614,1.05495078,1842.63
2.7616,0.9190578282,1842.72
2.7618,1.026450478,1842.81
2.762,0.9309527854,1842.9
2.7622,0.8609595715,1842.99
2.7624,0.8223469506,1843.08
2.7626,0.8445888491,1843.17
2.7628,0.7944044994,1843.26
2.763,0.7453710847,1843.35
2.7632,0.6897246548,1843.44
2.7634,0.6198740798,1843.53
2.7636,0.6835246804,1843.62
2.7638,0.646180711,1843.71
2.764,0.6130914037,1843.8
2.7642,0.5516842423,1843.89
2.7644,0.577830314,1843.98
2.7646,0.4860959613,1844.07
2.7648,0.5250419642,1844.16
2.765,0.5906036325,1844.25
2.7652,0.4667288992,1844.34
2.7654,0.4266679976,1844.43
2.7656,0.4801819335,1844.52
2.7658,0.5213328666,1844.61
2.766,0.4288843418,1844.7
2.7662,0.3862707343,1844.79
2.7664,0.3643216258,1844.88
2.7666,0.3231045218,1844.97
2.7668,0.4008221267,1845.06
2.767,0.4523312554,1845.15
2.7672,0.3608743938,1845.24
2.7674,0.2819115654,1845.33
2.7676,0.3896217872,1845.42
2.7678,0.3353583375,1845.51
2.768,0.389735137,1845.6
2.7682,0.3504733655,1845.69
2.7684,0.2437335284,1845.78
2.7686,0.2980802026,1845.87
2.7688,0.2919036676,1845.96
2.769,0.2329963457,1846.05
2.7692,0.1447199243,1846.14
2.7694,0.19742477,1846.23
2.7696,0.1870932831,1846.32
2.7698,0.1862832265,1846.41
2.77,0.04438559012,1846.5
2.7702,0.03590401237,1846.59
2.7704,0.07497158329,1846.68
2.7706,-0.01931934004,1846.77
2.7708,0.05117837695,1846.86
2.771,-0.04576656298,1846.95
2.7712,-0.02834842261,1847.04
2.7714,0.001596733304,1847.13
2.7716,-0.09407556196,1847.22
2.7718,-0.08648827174,1847.31
2.772,-0.1590157752,1847.4
2.7722,-0.1375020136,1847.49
2.7724,-0.1870449415,1847.58
2.7726,-0.2267409994,1847.67
2.7728,-0.2185804281,1847.76
2.773,-0.2444688102,1847.85
2.7732,-0.2210553209,1847.94
2.7734,-0.2761854711,1848.03
2.7736,-0.3032889536,1848.12
2.7738,-0.3720396682,1848.21
2.774,-0.3220301148,1848.3
2.7742,-0.3640069948,1848.39
2.7744,-0.3132771812,1848.48
2.7746,-0.4503310709,1848.57
2.7748,-0.3590935476,1848.66
2.775,-0.4258578173,1848.75
2.7752,-0.3357318822,1848.84
2.7754,-0.5050875868,1848.93
2.7756,-0.4946887778,1849.02
2.7758,-0.4686330113,1849.11
2.776,-0.4848660575,1849.2
2.7762,-0.4237787791,1849.29
2.7764,-0.479849299,1849.38
2.7766,-0.5369462367,1849.47
2.7768,-0.5059847492,1849.56
2.777,-0.4485358436,1849.65
2.7772,-0.5568078934,1849.74
2.7774,-0.5886206391,1849.83
2.7776,-0.5240561198,1849.92
2.7778,-0.6703932554,1850.01
2.778,-0.6403184592,1850.1
2.7782,-0.6629567569,1850.19
2.7784,-0.7605654923,1850.28
2.7786,-0.7216594666,1850.37
2.7788,-0.7155988311,1850.46
2.779,-0.8707521864,1850.55
2.7792,-0.8374084542,1850.64
2.7794,-0.8143773436,1850.73
2.7796,-0.9004238436,1850.82
2.7798,-0.9584563678,1850.91
2.78,-0.9591075962,1851
2.7802,-0.9940873309,1851.09
2.7804,-1.007029571,1851.18
2.7806,-1.103452576,1851.27
2.7808,-1.091175951,1851.36
2.781,-1.115560989,1851.45
2.7812,-1.149254507,1851.54
2.7814,-1.301462093,1851.63
2.7816,-1.251034455,1851.72
2.7818,-1.201005582,1851.81
2.782,-1.259415853,1851.9
2.7822,-1.288862582,1851.99
2.7824,-1.339335142,1852.08
2.7826,-1.372283437,1852.17
2.7828,-1.383458986,1852.26
2.783,-1.235449394,1852.35
2.7832,-1.308919886,1852.44
2.7834,-1.264079126,1852.53
2.7836,-1.26349813,1852.62
2.7838,-1.206732815,1852.71
2.784,-1.148486342,1852.8
2.7842,-1.16836078,1852.89
2.7844,-1.042073348,1852.98
2.7846,-1.010209088,1853.07
2.7848,-0.987134244,1853.16
2.785,-0.9704815971,1853.25
2.7852,-0.7943557721,1853.34
2.7854,-0.690646771,1853.43
2.7856,-0.6302135072,1853.52
2.7858,-0.5719598766,1853.61
2.786,-0.4919704611,1853.7
2.7862,-0.4182893195,1853.79
2.7864,-0.2948184045,1853.88
2.7866,-0.2655842303,1853.97
2.7868,-0.07448356088,1854.06
2.787,0.001938163004,1854.15
2.7872,0.07466565984,1854.24
2.7874,0.1444359482,1854.33
2.7876,0.1495711182,1854.42
2.7878,0.3752025926,1854.51
2.788,0.4396431123,1854.6
2.7882,0.5803512681,1854.69
2.7884,0.6054896551,1854.78
2.7886,0.7339615554,1854.87
2.7888,0.7750548583,1854.96
2.789,0.8730306736,1855.05
2.7892,0.9159814699,1855.14
2.7894,0.970867935,1855.23
2.7896,1.007572546,1855.32
2.7898,1.060778073,1855.41
2.79,1.181219332,1855.5
2.7902,1.174900796,1855.59
2.7904,1.203179798,1855.68
2.7906,1.248073217,1855.77
2.7908,1.288482279,1855.86
2.791,1.305174127,1855.95
2.7912,1.27363474,1856.04
2.7914,1.3522602,1856.13
2.7916,1.329628106,1856.22
2.7918,1.277204167,1856.31
2.792,1.25426451,1856.4
2.7922,1.274694612,1856.49
2.7924,1.277550946,1856.58
2.7926,1.263138735,1856.67
2.7928,1.246529047,1856.76
2.793,1.158719752,1856.85
2.7932,1.185707324,1856.94
2.7934,1.137157433,1857.03
2.7936,1.163480547,1857.12
2.7938,1.058450514,1857.21
2.794,1.042179674,1857.3
2.7942,0.995515913,1857.39
2.7944,0.920852671,1857.48
2.7946,0.9006028362,1857.57
2.7948,0.8468962431,1857.66
2.795,0.8243855767,1857.75
2.7952,0.7751136296,1857.84
2.7954,0.7536171823,1857.93
2.7956,0.7736297432,1858.02
2.7958,0.8126073814,1858.11
2.796,0.6528251764,1858.2
2.7962,0.6084512263,1858.29
2.7964,0.6404371405,1858.38
2.7966,0.5696720748,1858.47
2.7968,0.5798280504,1858.56
2.797,0.5011766402,1858.65
2.7972,0.5205062148,1858.74
2.7974,0.4887134272,1858.83
2.7976,0.5100810482,1858.92
2.7978,0.5007115174,1859.01
2.798,0.4288621851,1859.1
2.7982,0.4996355293,1859.19
2.7984,0.4670791419,1859.28
2.7986,0.4190887538,1859.37
2.7988,0.4800533342,1859.46
2.799,0.3840004896,1859.55
2.7992,0.3236026898,1859.64
2.7994,0.4460002364,1859.73
2.7996,0.4148232332,1859.82
2.7998,0.3874136483,1859.91
2.8,0.371692567,1860
2.8002,0.3759416685,1860.09
2.8004,0.3382177225,1860.18
2.8006,0.3141619812,1860.27
2.8008,0.2430468111,1860.36
2.801,0.2611944874,1860.45
2.8012,0.2997131998,1860.54
2.8014,0.2695207772,1860.63
2.8016,0.2212178195,1860.72
2.8018,0.202773514,1860.81
2.802,0.1152289554,1860.9
2.8022,0.176472609,1860.99
2.8024,0.1000590418,1861.08
2.8026,0.07405455239,1861.17
2.8028,0.05014081828,1861.26
2.803,0.0285297858,1861.35
2.8032,-0.007549291793,1861.44
2.8034,-0.03879793963,1861.53
2.8036,-0.06679802087,1861.62
2.8038,-0.02992127717,1861.71
2.804,-0.1181702605,1861.8
2.8042,-0.1206067967,1861.89
2.8044,-0.1314117923,1861.98
2.8046,-0.1962761495,1862.07
2.8048,-0.1963485545,1862.16
2.805,-0.1403982675,1862.25
2.8052,-0.1891205498,1862.34
2.8054,-0.2694167984,1862.43
2.8056,-0.2425455549,1862.52
2.8058,-0.3079661697,1862.61
2.806,-0.3051050015,1862.7
2.8062,-0.2874708123,1862.79
2.8064,-0.342218332,1862.88
2.8066,-0.4101975478,1862.97
2.8068,-0.3779563037,1863.06
2.807,-0.4525282888,1863.15
2.8072,-0.4163482461,1863.24
2.8074,-0.4693047649,1863.33
2.8076,-0.3900476319,1863.42
2.8078,-0.3769926695,1863.51
2.808,-0.4293880899,1863.6
2.8082,-0.4966234598,1863.69
2.8084,-0.4366073458,1863.78
2.8086,-0.4919437939,1863.87
2.8088,-0.453822003,1863.96
2.809,-0.5135410562,1864.05
2.8092,-0.5380712941,1864.14
2.8094,-0.5105190188,1864.23
2.8096,-0.5517922327,1864.32
2.8098,-0.6001950852,1864.41
2.81,-0.5882311535,1864.5
2.8102,-0.5800036905,1864.59
2.8104,-0.7630137567,1864.68
2.8106,-0.7028573551,1864.77
2.8108,-0.7649629836,1864.86
2.811,-0.7273693972,1864.95
2.8112,-0.7234740825,1865.04
2.8114,-0.8141351341,1865.13
2.8116,-0.8396172584,1865.22
2.8118,-0.9685994059,1865.31
2.812,-0.8791708662,1865.4
2.8122,-0.9403110859,1865.49
2.8124,-1.004274474,1865.58
2.8126,-1.03925261,1865.67
2.8128,-1.152025461,1865.76
2.813,-1.087689195,1865.85
2.8132,-1.163494954,1865.94
2.8134,-1.157078121,1866.03
2.8136,-1.23730131,1866.12
2.8138,-1.24348779,1866.21
2.814,-1.33835811,1866.3
2.8142,-1.276265104,1866.39
2.8144,-1.297084163,1866.48
2.8146,-1.307386642,1866.57
2.8148,-1.30229299,1866.66
2.815,-1.314237535,1866.75
2.8152,-1.2560918,1866.84
2.8154,-1.30332951,1866.93
2.8156,-1.292189329,1867.02
2.8158,-1.258585291,1867.11
2.816,-1.220476046,1867.2
2.8162,-1.114337515,1867.29
2.8164,-1.185294145,1867.38
2.8166,-1.080718861,1867.47
2.8168,-0.9907600402,1867.56
2.817,-0.9834439448,1867.65
2.8172,-0.9849861213,1867.74
2.8174,-0.859650423,1867.83
2.8176,-0.7462363095,1867.92
2.8178,-0.7166175065,1868.01
2.818,-0.6144170113,1868.1
2.8182,-0.4997055925,1868.19
2.8184,-0.3847151154,1868.28
2.8186,-0.2847101847,1868.37
2.8188,-0.2363326688,1868.46
2.819,-0.1373199022,1868.55
2.8192,-0.04909163443,1868.64
2.8194,-0.04891444247,1868.73
2.8196,0.1089503644,1868.82
2.8198,0.209277678,1868.91
2.82,0.323767709,1869
2.8202,0.3878976561,1869.09
2.8204,0.5041128461,1869.18
2.8206,0.6056237734,1869.27
2.8208,0.6575990168,1869.36
2.821,0.7862742752,1869.45
2.8212,0.8549557105,1869.54
2.8214,0.8669482158,1869.63
2.8216,1.001504127,1869.72
2.8218,1.043560954,1869.81
2.822,1.09360231,1869.9
2.8222,1.155313675,1869.99
2.8224,1.107680771,1870.08
2.8226,1.25130744,1870.17
2.8228,1.246337233,1870.26
2.823,1.347953124,1870.35
2.8232,1.329158544,1870.44
2.8234,1.300433422,1870.53
2.8236,1.31823214,1870.62
2.8238,1.338948967,1870.71
2.824,1.345747138,1870.8
2.8242,1.299222732,1870.89
2.8244,1.269476284,1870.98
2.8246,1.247937435,1871.07
2.8248,1.28955879,1871.16
2.825,1.276896121,1871.25
2.8252,1.22856825,1871.34
2.8254,1.166699084,1871.43
2.8256,1.086627869,1871.52
2.8258,1.1283149,1871.61
2.826,1.035393799,1871.7
2.8262,0.9500236675,1871.79
2.8264,0.9957217694,1871.88
2.8266,0.9723333106,1871.97
2.8268,0.9108717739,1872.06
2.827,0.9186753635,1872.15
2.8272,0.7914630714,1872.24
2.8274,0.8191255043,1872.33
2.8276,0.8022206653,1872.42
2.8278,0.728062464,1872.51
2.828,0.7858677268,1872.6
2.8282,0.5819720803,1872.69
2.8284,0.6077351868,1872.78
2.8286,0.5330861821,1872.87
2.8288,0.4988711085,1872.96
2.829,0.4842874105,1873.05
2.8292,0.5346293459,1873.14
2.8294,0.5107802361,1873.23
2.8296,0.4805208909,1873.32
2.8298,0.5464511897,1873.41
2.83,0.444728892,1873.5
2.8302,0.475186751,1873.59
2.8304,0.4486418887,1873.68
2.8306,0.4779183124,1873.77
2.8308,0.4137279115,1873.86
2.831,0.3841291782,1873.95
2.8312,0.3552335606,1874.04
2.8314,0.3879819525,1874.13
2.8316,0.4544204931,1874.22
2.8318,0.2816730464,1874.31
2.832,0.3477373382,1874.4
2.8322,0.2690245743,1874.49
2.8324,0.3832624463,1874.58
2.8326,0.2021322966,1874.67
2.8328,0.2770615603,1874.76
2.833,0.3179572274,1874.85
2.8332,0.2636546666,1874.94
2.8334,0.2668453191,1875.03
2.8336,0.2655464539,1875.12
2.8338,0.1680859939,1875.21
2.834,0.2469227787,1875.3
2.8342,0.171176042,1875.39
2.8344,0.07075313219,1875.48
2.8346,0.06023420578,1875.57
2.8348,0.05489173309,1875.66
2.835,-0.01814422148,1875.75
2.8352,0.07247225842,1875.84
2.8354,-0.01714031991,1875.93
2.8356,-0.03211921939,1876.02
2.8358,-0.0453146438,1876.11
2.836,-0.03888122063,1876.2
2.8362,-0.1178937766,1876.29
2.8364,-0.1523597971,1876.38
2.8366,-0.1393705831,1876.47
2.8368,-0.1371345122,1876.56
2.837,-0.241960523,1876.65
2.8372,-0.1803347491,1876.74
2.8374,-0.243083529,1876.83
2.8376,-0.3020587747,1876.92
2.8378,-0.2596454346,1877.01
2.838,-0.3087153784,1877.1
2.8382,-0.4062983883,1877.19
2.8384,-0.2967181105,1877.28
2.8386,-0.4122590116,1877.37
2.8388,-0.3778591831,1877.46
2.839,-0.378876296,1877.55
2.8392,-0.3821160707,1877.64
2.8394,-0.3481327928,1877.73
2.8396,-0.3981763689,1877.82
2.8398,-0.5201924349,1877.91
2.84,-0.4337692438,1878
2.8402,-0.4571246926,1878.09
2.8404,-0.5007700774,1878.18
2.8406,-0.4574050026,1878.27
2.8408,-0.4810396822,1878.36
2.841,-0.4082224694,1878.45
2.8412,-0.4379076646,1878.54
2.8414,-0.5918286935,1878.63
2.8416,-0.5810882958,1878.72
2.8418,-0.5867953551,1878.81
2.842,-0.5400325684,1878.9
2.8422,-0.5945243703,1878.99
2.8424,-0.6736040064,1879.08
2.8426,-0.6645603566,1879.17
2.8428,-0.6431382902,1879.26
2.843,-0.7118592397,1879.35
2.8432,-0.7916484925,1879.44
2.8434,-0.7974437416,1879.53
2.8436,-0.8394244552,1879.62
2.8438,-0.878974326,1879.71
2.844,-0.9709500149,1879.8
2.8442,-0.9072414243,1879.89
2.8444,-1.022555926,1879.98
2.8446,-0.9738818684,1880.07
2.8448,-1.117138071,1880.16
2.845,-1.10818472,1880.25
2.8452,-1.176588028,1880.34
2.8454,-1.179485639,1880.43
2.8456,-1.169601975,1880.52
2.8458,-1.223676459,1880.61
2.846,-1.231690619,1880.7
2.8462,-1.303147234,1880.79
2.8464,-1.257685466,1880.88
2.8466,-1.333809122,1880.97
2.8468,-1.315735852,1881.06
2.847,-1.308120538,1881.15
2.8472,-1.391400632,1881.24
2.8474,-1.366691845,1881.33
2.8476,-1.24260575,1881.42
2.8478,-1.245337348,1881.51
2.848,-1.206842329,1881.6
2.8482,-1.136439588,1881.69
2.8484,-1.157686148,1881.78
2.8486,-1.115596785,1881.87
2.8488,-1.018638916,1881.96
2.849,-0.9527089522,1882.05
2.8492,-0.9314637622,1882.14
2.8494,-0.8399049893,1882.23
2.8496,-0.8024774426,1882.32
2.8498,-0.7360264626,1882.41
2.85,-0.5860496937,1882.5
2.8502,-0.5504775092,1882.59
2.8504,-0.4723730197,1882.68
2.8506,-0.3539936816,1882.77
2.8508,-0.2313175436,1882.86
2.851,-0.1814474115,1882.95
2.8512,-0.1369676079,1883.04
2.8514,0.09747775509,1883.13
2.8516,0.140996643,1883.22
2.8518,0.2048013988,1883.31
2.852,0.3327879448,1883.4
2.8522,0.4516371371,1883.49
2.8524,0.4886050637,1883.58
2.8526,0.6032037886,1883.67
2.8528,0.6542706164,1883.76
2.853,0.7777183675,1883.85
2.8532,0.8973782439,1883.94
2.8534,0.8611844506,1884.03
2.8536,1.010154601,1884.12
2.8538,1.001900239,1884.21
2.854,1.096186042,1884.3
2.8542,1.196942045,1884.39
2.8544,1.205875424,1884.48
2.8546,1.269060498,1884.57
2.8548,1.233426357,1884.66
2.855,1.309260709,1884.75
2.8552,1.204640979,1884.84
2.8554,1.285769155,1884.93
2.8556,1.290078875,1885.02
2.8558,1.256217469,1885.11
2.856,1.248679942,1885.2
2.8562,1.216262091,1885.29
2.8564,1.285687274,1885.38
2.8566,1.289580907,1885.47
2.8568,1.164017685,1885.56
2.857,1.216933422,1885.65
2.8572,1.174550483,1885.74
2.8574,1.152283757,1885.83
2.8576,1.113795381,1885.92
2.8578,1.119365151,1886.01
2.858,1.037312709,1886.1
2.8582,1.006752601,1886.19
2.8584,0.9819674955,1886.28
2.8586,0.9069257842,1886.37
2.8588,0.948803904,1886.46
2.859,0.9038948564,1886.55
2.8592,0.7796147128,1886.64
2.8594,0.7583699843,1886.73
2.8596,0.661378507,1886.82
2.8598,0.6871310179,1886.91
2.86,0.7663692376,1887
2.8602,0.6468528544,1887.09
2.8604,0.6769919326,1887.18
2.8606,0.518276364,1887.27
2.8608,0.6159608345,1887.36
2.861,0.6042686065,1887.45
2.8612,0.5203121342,1887.54
2.8614,0.4551372185,1887.63
2.8616,0.4679091098,1887.72
2.8618,0.4362607826,1887.81
2.862,0.4350483406,1887.9
2.8622,0.4017124827,1887.99
2.8624,0.4577115143,1888.08
2.8626,0.4415684355,1888.17
2.8628,0.4464579787,1888.26
2.863,0.4659203784,1888.35
2.8632,0.3698626146,1888.44
2.8634,0.3676523189,1888.53
2.8636,0.3863652351,1888.62
2.8638,0.3816424628,1888.71
2.864,0.3683562285,1888.8
2.8642,0.319400321,1888.89
2.8644,0.3272963365,1888.98
2.8646,0.4145043822,1889.07
2.8648,0.2791377644,1889.16
2.865,0.2346015071,1889.25
2.8652,0.3101385029,1889.34
2.8654,0.2186879782,1889.43
2.8656,0.1658306223,1889.52
2.8658,0.1894488843,1889.61
2.866,0.13402306,1889.7
2.8662,0.1935710986,1889.79
2.8664,0.1381915025,1889.88
2.8666,0.08596166628,1889.97
2.8668,0.1530394042,1890.06
2.867,0.01485229022,1890.15
2.8672,0.06172021182,1890.24
2.8674,-0.07575684843,1890.33
2.8676,-0.06596068081,1890.42
2.8678,-0.1107440294,1890.51
2.868,-0.06164421147,1890.6
2.8682,-0.07289325205,1890.69
2.8684,-0.186973669,1890.78
2.8686,-0.1600893355,1890.87
2.8688,-0.1573914657,1890.96
2.869,-0.2336886959,1891.05
2.8692,-0.3012305479,1891.14
2.8694,-0.281433834,1891.23
2.8696,-0.3047695985,1891.32
2.8698,-0.2864301749,1891.41
2.87,-0.2823417233,1891.5
2.8702,-0.3057633578,1891.59
2.8704,-0.3859566292,1891.68
2.8706,-0.3631852427,1891.77
2.8708,-0.3607064613,1891.86
2.871,-0.4054289925,1891.95
2.8712,-0.367425909,1892.04
2.8714,-0.4068847493,1892.13
2.8716,-0.4042639063,1892.22
2.8718,-0.4726669028,1892.31
2.872,-0.4233228906,1892.4
2.8722,-0.4466030975,1892.49
2.8724,-0.4107716287,1892.58
2.8726,-0.4479659747,1892.67
2.8728,-0.5223496267,1892.76
2.873,-0.532157653,1892.85
2.8732,-0.4581494073,1892.94
2.8734,-0.609186768,1893.03
2.8736,-0.5577407773,1893.12
2.8738,-0.6459996018,1893.21
2.874,-0.640947371,1893.3
2.8742,-0.6878144806,1893.39
2.8744,-0.6464854952,1893.48
2.8746,-0.6709476017,1893.57
2.8748,-0.7649677131,1893.66
2.875,-0.8454866017,1893.75
2.8752,-0.8181885013,1893.84
2.8754,-0.882806516,1893.93
2.8756,-0.9616996447,1894.02
2.8758,-0.951115789,1894.11
2.876,-1.081302327,1894.2
2.8762,-0.9722997549,1894.29
2.8764,-1.069913007,1894.38
2.8766,-1.151439997,1894.47
2.8768,-1.106655359,1894.56
2.877,-1.167304335,1894.65
2.8772,-1.14941664,1894.74
2.8774,-1.215666994,1894.83
2.8776,-1.228431671,1894.92
2.8778,-1.234563973,1895.01
2.878,-1.297275696,1895.1
2.8782,-1.332351755,1895.19
2.8784,-1.394890282,1895.28
2.8786,-1.215871008,1895.37
2.8788,-1.286982698,1895.46
2.879,-1.320573899,1895.55
2.8792,-1.309474015,1895.64
2.8794,-1.307592716,1895.73
2.8796,-1.192575599,1895.82
2.8798,-1.233929067,1895.91
2.88,-1.189407678,1896
2.8802,-1.135115503,1896.09
2.8804,-1.184132503,1896.18
2.8806,-1.05774423,1896.27
2.8808,-1.006944061,1896.36
2.881,-0.838906966,1896.45
2.8812,-0.8267260099,1896.54
2.8814,-0.7634105579,1896.63
2.8816,-0.7276063184,1896.72
2.8818,-0.6110513257,1896.81
2.882,-0.5014459384,1896.9
2.8822,-0.4492122476,1896.99
2.8824,-0.3075168119,1897.08
2.8826,-0.2476019499,1897.17
2.8828,-0.09440558341,1897.26
2.883,-0.05442121958,1897.35
2.8832,0.1092085033,1897.44
2.8834,0.1990611489,1897.53
2.8836,0.28429108,1897.62
2.8838,0.3896600959,1897.71
2.884,0.4745196182,1897.8
2.8842,0.536857486,1897.89
2.8844,0.7591956877,1897.98
2.8846,0.6997515519,1898.07
2.8848,0.7638179958,1898.16
2.885,0.8131130119,1898.25
2.8852,0.9465944613,1898.34
2.8854,1.096447469,1898.43
2.8856,1.059043262,1898.52
2.8858,1.098238269,1898.61
2.886,1.17172842,1898.7
2.8862,1.215380723,1898.79
2.8864,1.208393475,1898.88
2.8866,1.234179192,1898.97
2.8868,1.261205017,1899.06
2.887,1.337845196,1899.15
2.8872,1.330060656,1899.24
2.8874,1.34941255,1899.33
2.8876,1.365176256,1899.42
2.8878,1.345198236,1899.51
2.888,1.267080606,1899.6
2.8882,1.291083891,1899.69
2.8884,1.215976732,1899.78
2.8886,1.251893808,1899.87
2.8888,1.150945409,1899.96
2.889,1.189633014,1900.05
2.8892,1.140215133,1900.14
2.8894,1.014456038,1900.23
2.8896,1.075259957,1900.32
2.8898,1.022061765,1900.41
2.89,0.9968690123,1900.5
2.8902,0.9503126167,1900.59
2.8904,0.9250604428,1900.68
2.8906,0.8331267804,1900.77
2.8908,0.7919431936,1900.86
2.891,0.7498787016,1900.95
2.8912,0.6886923625,1901.04
2.8914,0.7544538805,1901.13
2.8916,0.673600387,1901.22
2.8918,0.7155392129,1901.31
2.892,0.6011119452,1901.4
2.8922,0.6169287659,1901.49
2.8924,0.5930711838,1901.58
2.8926,0.5599402678,1901.67
2.8928,0.5728056539,1901.76
2.893,0.5849133049,1901.85
2.8932,0.5767951401,1901.94
2.8934,0.4954939276,1902.03
2.8936,0.5328206543,1902.12
2.8938,0.5245220141,1902.21
2.894,0.4076933538,1902.3
2.8942,0.4621472105,1902.39
2.8944,0.4090404346,1902.48
2.8946,0.456056922,1902.57
2.8948,0.4442145847,1902.66
2.895,0.4527167267,1902.75
2.8952,0.401639758,1902.84
2.8954,0.3548624673,1902.93
2.8956,0.3882719908,1903.02
2.8958,0.3303504155,1903.11
2.896,0.4649658094,1903.2
2.8962,0.3423281114,1903.29
2.8964,0.2743933973,1903.38
2.8966,0.288825577,1903.47
2.8968,0.308592878,1903.56
2.897,0.2145549926,1903.65
2.8972,0.2284833125,1903.74
2.8974,0.1805654254,1903.83
2.8976,0.0704168526,1903.92
2.8978,0.169878483,1904.01
2.898,0.129641591,1904.1
2.8982,0.05764599606,1904.19
2.8984,0.07188544565,1904.28
2.8986,0.002515894909,1904.37
2.8988,0.07387630606,1904.46
2.899,-0.06720651379,1904.55
2.8992,-0.02213066417,1904.64
2.8994,-0.006532146369,1904.73
2.8996,-0.1342664638,1904.82
2.8998,-0.1201953632,1904.91
2.9,-0.1882850558,1905
2.9002,-0.2574027604,1905.09
2.9004,-0.1490860742,1905.18
2.9006,-0.2279358655,1905.27
2.9008,-0.1960497614,1905.36
2.901,-0.2200283402,1905.45
2.9012,-0.2224856412,1905.54
2.9014,-0.3102244497,1905.63
2.9016,-0.3159452917,1905.72
2.9018,-0.3789791643,1905.81
2.902,-0.3090364935,1905.9
2.9022,-0.4366197999,1905.99
2.9024,-0.3899159661,1906.08
2.9026,-0.419565936,1906.17
2.9028,-0.3753724839,1906.26
2.903,-0.4506521346,1906.35
2.9032,-0.3565782587,1906.44
2.9034,-0.4260957089,1906.53
2.9036,-0.4197413071,1906.62
2.9038,-0.4455734847,1906.71
2.904,-0.4783285661,1906.8
2.9042,-0.4925163998,1906.89
2.9044,-0.5541933462,1906.98
2.9046,-0.4725844947,1907.07
2.9048,-0.5252706135,1907.16
2.905,-0.5557530247,1907.25
2.9052,-0.6595745284,1907.34
2.9054,-0.6230713066,1907.43
2.9056,-0.6587308096,1907.52
2.9058,-0.6925028103,1907.61
2.906,-0.6508231124,1907.7
2.9062,-0.7040972232,1907.79
2.9064,-0.7070897972,1907.88
2.9066,-0.7783241657,1907.97
2.9068,-0.8287236644,1908.06
2.907,-0.8392702269,1908.15
2.9072,-0.888314374,1908.24
2.9074,-0.9373586347,1908.33
2.9076,-1.022091553,1908.42
2.9078,-0.9408903102,1908.51
2.908,-1.07973522,1908.6
2.9082,-1.054221926,1908.69
2.9084,-1.098562369,1908.78
2.9086,-1.11684786,1908.87
2.9088,-1.209761952,1908.96
2.909,-1.18520409,1909.05
2.9092,-1.290120629,1909.14
2.9094,-1.240363935,1909.23
2.9096,-1.261839845,1909.32
2.9098,-1.313999607,1909.41
2.91,-1.218312034,1909.5
2.9102,-1.371594468,1909.59
2.9104,-1.330995634,1909.68
2.9106,-1.325412174,1909.77
2.9108,-1.312076799,1909.86
2.911,-1.221847957,1909.95
2.9112,-1.245608506,1910.04
2.9114,-1.198382823,1910.13
2.9116,-1.223017783,1910.22
2.9118,-1.201163803,1910.31
2.912,-0.9981937114,1910.4
2.9122,-0.9950799339,1910.49
2.9124,-0.8431643826,1910.58
2.9126,-0.8940401863,1910.67
2.9128,-0.8709994684,1910.76
2.913,-0.715130462,1910.85
2.9132,-0.5983038542,1910.94
2.9134,-0.4847643145,1911.03
2.9136,-0.4775723562,1911.12
2.9138,-0.3809452892,1911.21
2.914,-0.2854948901,1911.3
2.9142,-0.204523079,1911.39
2.9144,-0.03325427235,1911.48
2.9146,-0.01279439858,1911.57
2.9148,0.1212890423,1911.66
2.915,0.270040844,1911.75
2.9152,0.3612747478,1911.84
2.9154,0.4890288861,1911.93
2.9156,0.5433673325,1912.02
2.9158,0.5494052244,1912.11
2.916,0.7205137217,1912.2
2.9162,0.7593455491,1912.29
2.9164,0.875096271,1912.38
2.9166,0.8980621196,1912.47
2.9168,1.029847382,1912.56
2.917,1.031134783,1912.65
2.9172,1.108597596,1912.74
2.9174,1.173973492,1912.83
2.9176,1.134898443,1912.92
2.9178,1.156810747,1913.01
2.918,1.251963564,1913.1
2.9182,1.283787559,1913.19
2.9184,1.258778504,1913.28
2.9186,1.376873097,1913.37
2.9188,1.349975759,1913.46
2.919,1.330941196,1913.55
2.9192,1.341752832,1913.64
2.9194,1.390646074,1913.73
2.9196,1.321980705,1913.82
2.9198,1.356163067,1913.91
2.92,1.279015159,1914
2.9202,1.182734383,1914.09
2.9204,1.268398328,1914.18
2.9206,1.114167136,1914.27
2.9208,1.064339284,1914.36
2.921,1.13167011,1914.45
2.9212,1.049714659,1914.54
2.9214,0.9753233383,1914.63
2.9216,0.8998876558,1914.72
2.9218,0.8898355571,1914.81
2.922,0.8811458,1914.9
2.9222,0.8879190322,1914.99
2.9224,0.7971586187,1915.08
2.9226,0.6895591496,1915.17
2.9228,0.7800176945,1915.26
2.923,0.6813104033,1915.35
2.9232,0.7384992184,1915.44
2.9234,0.5993678122,1915.53
2.9236,0.5974157566,1915.62
2.9238,0.5989822464,1915.71
2.924,0.5227137896,1915.8
2.9242,0.5051161093,1915.89
2.9244,0.5578097112,1915.98
2.9246,0.5464174236,1916.07
2.9248,0.4953761173,1916.16
2.925,0.4045751735,1916.25
2.9252,0.452818828,1916.34
2.9254,0.4121059979,1916.43
2.9256,0.4974411863,1916.52
2.9258,0.4119645798,1916.61
2.926,0.4037462629,1916.7
2.9262,0.3909002382,1916.79
2.9264,0.3437950909,1916.88
2.9266,0.3321889013,1916.97
2.9268,0.3716192422,1917.06
2.927,0.4312475773,1917.15
2.9272,0.2642347932,1917.24
2.9274,0.3061851532,1917.33
2.9276,0.3217631805,1917.42
2.9278,0.2832904401,1917.51
2.928,0.1960031528,1917.6
2.9282,0.2527467024,1917.69
2.9284,0.3024242057,1917.78
2.9286,0.2008321132,1917.87
2.9288,0.1230509661,1917.96
2.929,0.1362089789,1918.05
2.9292,0.1649247614,1918.14
2.9294,0.1783287235,1918.23
2.9296,0.05765250149,1918.32
2.9298,0.04934883838,1918.41
2.93,0.08652777636,1918.5
2.9302,0.0719397291,1918.59
2.9304,-0.005320680135,1918.68
2.9306,-0.07947012072,1918.77
2.9308,-0.0393204474,1918.86
2.931,-0.1519372111,1918.95
2.9312,-0.06735343506,1919.04
2.9314,-0.1680356186,1919.13
2.9316,-0.2346634547,1919.22
2.9318,-0.2372503086,1919.31
2.932,-0.1670194818,1919.4
2.9322,-0.2521745981,1919.49
2.9324,-0.2417602554,1919.58
2.9326,-0.2910223831,1919.67
2.9328,-0.335280445,1919.76
2.933,-0.3059310188,1919.85
2.9332,-0.2724543484,1919.94
2.9334,-0.3757320724,1920.03
2.9336,-0.3583352801,1920.12
2.9338,-0.4401863753,1920.21
2.934,-0.3751557489,1920.3
2.9342,-0.4213176238,1920.39
2.9344,-0.4400341157,1920.48
2.9346,-0.4513317185,1920.57
2.9348,-0.4932835724,1920.66
2.935,-0.4645927342,1920.75
2.9352,-0.5360275303,1920.84
2.9354,-0.4628530623,1920.93
2.9356,-0.4846660802,1921.02
2.9358,-0.4498233697,1921.11
2.936,-0.5110379295,1921.2
2.9362,-0.5445825679,1921.29
2.9364,-0.5893581652,1921.38
2.9366,-0.5470596382,1921.47
2.9368,-0.545098026,1921.56
2.937,-0.6299277655,1921.65
2.9372,-0.6336458844,1921.74
2.9374,-0.6793092509,1921.83
2.9376,-0.8124486589,1921.92
2.9378,-0.7975874944,1922.01
2.938,-0.761693093,1922.1
2.9382,-0.7786226637,1922.19
2.9384,-0.8743315226,1922.28
2.9386,-0.9091234582,1922.37
2.9388,-0.9458546086,1922.46
2.939,-0.9575206803,1922.55
2.9392,-1.020630579,1922.64
2.9394,-1.014911461,1922.73
2.9396,-1.045907878,1922.82
2.9398,-1.172834693,1922.91
2.94,-1.147879656,1923
2.9402,-1.235552079,1923.09
2.9404,-1.239489649,1923.18
2.9406,-1.180648273,1923.27
2.9408,-1.205545304,1923.36
2.941,-1.300329287,1923.45
2.9412,-1.348431566,1923.54
2.9414,-1.319890613,1923.63
2.9416,-1.293763023,1923.72
2.9418,-1.255549911,1923.81
2.942,-1.350919658,1923.9
2.9422,-1.254013159,1923.99
2.9424,-1.268720633,1924.08
2.9426,-1.17402464,1924.17
2.9428,-1.202395204,1924.26
2.943,-1.220597439,1924.35
2.9432,-1.071868348,1924.44
2.9434,-1.006566145,1924.53
2.9436,-0.9724757198,1924.62
2.9438,-0.8909529743,1924.71
2.944,-0.9054765518,1924.8
2.9442,-0.7946962452,1924.89
2.9444,-0.6919427518,1924.98
2.9446,-0.5513756579,1925.07
2.9448,-0.5739109408,1925.16
2.945,-0.3513718719,1925.25
2.9452,-0.3625847269,1925.34
2.9454,-0.1594003378,1925.43
2.9456,-0.1745585439,1925.52
2.9458,-0.02559217026,1925.61
2.946,0.04364111942,1925.7
2.9462,0.195818897,1925.79
2.9464,0.301768613,1925.88
2.9466,0.3931613303,1925.97
2.9468,0.4414202127,1926.06
2.947,0.5511005705,1926.15
2.9472,0.6946280613,1926.24
2.9474,0.7717665416,1926.33
2.9476,0.8124037919,1926.42
2.9478,0.9525673085,1926.51
2.948,0.9312998262,1926.6
2.9482,1.025148129,1926.69
2.9484,1.100032579,1926.78
2.9486,1.152602897,1926.87
2.9488,1.19276268,1926.96
2.949,1.238824283,1927.05
2.9492,1.270521025,1927.14
2.9494,1.277615205,1927.23
2.9496,1.344839887,1927.32
2.9498,1.281463709,1927.41
2.95,1.371174323,1927.5
2.9502,1.383189768,1927.59
2.9504,1.302498724,1927.68
2.9506,1.347609709,1927.77
2.9508,1.283474883,1927.86
2.951,1.283043348,1927.95
2.9512,1.223462037,1928.04
2.9514,1.204942369,1928.13
2.9516,1.267481438,1928.22
2.9518,1.086371011,1928.31
2.952,1.06513831,1928.4
2.9522,1.136154867,1928.49
2.9524,1.041718992,1928.58
2.9526,1.006126457,1928.67
2.9528,0.9777127596,1928.76
2.953,0.9086479257,1928.85
2.9532,0.8855070864,1928.94
2.9534,0.8261233143,1929.03
2.9536,0.7318864185,1929.12
2.9538,0.7350767119,1929.21
2.954,0.8093877988,1929.3
2.9542,0.730165191,1929.39
2.9544,0.6639155394,1929.48
2.9546,0.6697599532,1929.57
2.9548,0.6749060717,1929.66
2.955,0.5935879274,1929.75
2.9552,0.5672690515,1929.84
2.9554,0.5704693715,1929.93
2.9556,0.5161817222,1930.02
2.9558,0.4133194965,1930.11
2.956,0.4664266786,1930.2
2.9562,0.5450724841,1930.29
2.9564,0.4014827376,1930.38
2.9566,0.4465925485,1930.47
2.9568,0.3935387025,1930.56
2.957,0.4217547344,1930.65
2.9572,0.4503240011,1930.74
2.9574,0.4731909602,1930.83
2.9576,0.3996448383,1930.92
2.9578,0.4629568799,1931.01
2.958,0.2882585398,1931.1
2.9582,0.3467278216,1931.19
2.9584,0.3526121045,1931.28
2.9586,0.3485816241,1931.37
2.9588,0.3574692829,1931.46
2.959,0.2710210998,1931.55
2.9592,0.2641328247,1931.64
2.9594,0.307514239,1931.73
2.9596,0.2278461794,1931.82
2.9598,0.1700230354,1931.91
2.96,0.1828922223,1932
2.9602,0.1867393705,1932.09
2.9604,0.1837916668,1932.18
2.9606,0.2291805362,1932.27
2.9608,0.1393425407,1932.36
2.961,0.02418912327,1932.45
2.9612,0.09687798342,1932.54
2.9614,-0.05105258959,1932.63
2.9616,0.02952274934,1932.72
2.9618,-0.1081502991,1932.81
2.962,-0.146368997,1932.9
2.9622,-0.1017778466,1932.99
2.9624,-0.1489012135,1933.08
2.9626,-0.1442308294,1933.17
2.9628,-0.151085885,1933.26
2.963,-0.2087130085,1933.35
2.9632,-0.2425226986,1933.44
2.9634,-0.2297938214,1933.53
2.9636,-0.2618504642,1933.62
2.9638,-0.2387062998,1933.71
2.964,-0.3530436525,1933.8
2.9642,-0.2861623615,1933.89
2.9644,-0.3693039838,1933.98
2.9646,-0.3739638443,1934.07
2.9648,-0.351153412,1934.16
2.965,-0.3665423834,1934.25
2.9652,-0.3446240286,1934.34
2.9654,-0.3687425523,1934.43
2.9656,-0.5035530774,1934.52
2.9658,-0.4251779805,1934.61
2.966,-0.4269039073,1934.7
2.9662,-0.4621761666,1934.79
2.9664,-0.463142675,1934.88
2.9666,-0.4944380852,1934.97
2.9668,-0.5180561454,1935.06
2.967,-0.526133148,1935.15
2.9672,-0.5704508933,1935.24
2.9674,-0.4982735956,1935.33
2.9676,-0.6267358254,1935.42
2.9678,-0.5473883776,1935.51
2.968,-0.5617658241,1935.6
2.9682,-0.672198074,1935.69
2.9684,-0.6672767634,1935.78
2.9686,-0.6822298399,1935.87
2.9688,-0.7477780246,1935.96
2.969,-0.7681504209,1936.05
2.9692,-0.7658493386,1936.14
2.9694,-0.8387028076,1936.23
2.9696,-0.8837654964,1936.32
2.9698,-0.9463959959,1936.41
2.97,-0.9174413479,1936.5
2.9702,-0.9706689217,1936.59
2.9704,-1.000232005,1936.68
2.9706,-1.094674238,1936.77
2.9708,-1.050435159,1936.86
2.971,-1.17405647,1936.95
2.9712,-1.1568703,1937.04
2.9714,-1.186275622,1937.13
2.9716,-1.188858964,1937.22
2.9718,-1.254197027,1937.31
2.972,-1.266266021,1937.4
2.9722,-1.33836191,1937.49
2.9724,-1.318519029,1937.58
2.9726,-1.353604615,1937.67
2.9728,-1.288378739,1937.76
2.973,-1.25810611,1937.85
2.9732,-1.291403671,1937.94
2.9734,-1.301379869,1938.03
2.9736,-1.235619199,1938.12
2.9738,-1.133442076,1938.21
2.974,-1.137643044,1938.3
2.9742,-1.141847129,1938.39
2.9744,-1.07840869,1938.48
2.9746,-1.005958696,1938.57
2.9748,-0.9671454654,1938.66
2.975,-0.8356608894,1938.75
2.9752,-0.7494223234,1938.84
2.9754,-0.7195020938,1938.93
2.9756,-0.6343998459,1939.02
2.9758,-0.5404234369,1939.11
2.976,-0.4646250454,1939.2
2.9762,-0.3298167797,1939.29
2.9764,-0.3123259744,1939.38
2.9766,-0.116194899,1939.47
2.9768,-0.04368903175,1939.56
2.977,0.05477028611,1939.65
2.9772,0.2075896535,1939.74
2.9774,0.2720132528,1939.83
2.9776,0.3622149537,1939.92
2.9778,0.5613476553,1940.01
2.978,0.5665853982,1940.1
2.9782,0.6232206483,1940.19
2.9784,0.7016478039,1940.28
2.9786,0.8232984976,1940.37
2.9788,0.9189028299,1940.46
2.979,0.9725103021,1940.55
2.9792,1.05158146,1940.64
2.9794,1.11566329,1940.73
2.9796,1.20380724,1940.82
2.9798,1.120241575,1940.91
2.98,1.26346378,1941
2.9802,1.254171337,1941.09
2.9804,1.303748361,1941.18
2.9806,1.310327108,1941.27
2.9808,1.287337878,1941.36
2.981,1.295767191,1941.45
2.9812,1.302406146,1941.54
2.9814,1.321938199,1941.63
2.9816,1.23725693,1941.72
2.9818,1.289298832,1941.81
2.982,1.273057808,1941.9
2.9822,1.193644902,1941.99
2.9824,1.190048023,1942.08
2.9826,1.1447632,1942.17
2.9828,1.170217496,1942.26
2.983,1.059980619,1942.35
2.9832,1.120179017,1942.44
2.9834,1.097269159,1942.53
2.9836,0.9537515463,1942.62
2.9838,0.9323324654,1942.71
2.984,0.9653759538,1942.8
2.9842,0.8547113304,1942.89
2.9844,0.8115895223,1942.98
2.9846,0.7742199101,1943.07
2.9848,0.7858124853,1943.16
2.985,0.7350725977,1943.25
2.9852,0.67349112,1943.34
2.9854,0.6102481712,1943.43
2.9856,0.6669837169,1943.52
2.9858,0.6123261737,1943.61
2.986,0.5436320095,1943.7
2.9862,0.5504903602,1943.79
2.9864,0.5319629465,1943.88
2.9866,0.5069050905,1943.97
2.9868,0.4662968772,1944.06
2.987,0.4428703686,1944.15
2.9872,0.4856139824,1944.24
2.9874,0.4954531207,1944.33
2.9876,0.4007290225,1944.42
2.9878,0.4911862934,1944.51
2.988,0.4639637954,1944.6
2.9882,0.4065645615,1944.69
2.9884,0.3457239807,1944.78
2.9886,0.4694881512,1944.87
2.9888,0.366961731,1944.96
2.989,0.3632917197,1945.05
2.9892,0.2845233245,1945.14
2.9894,0.3387476169,1945.23
2.9896,0.2786571497,1945.32
2.9898,0.2789452302,1945.41
2.99,0.2844019269,1945.5
2.9902,0.3634181707,1945.59
2.9904,0.2089601835,1945.68
2.9906,0.2661516032,1945.77
2.9908,0.2226091869,1945.86
2.991,0.1403049218,1945.95
2.9912,0.09356367395,1946.04
2.9914,0.05814654143,1946.13
2.9916,0.1026128226,1946.22
2.9918,0.110608256,1946.31
2.992,0.03841387043,1946.4
2.9922,0.001914605528,1946.49
2.9924,-0.03238502918,1946.58
2.9926,-0.07681352687,1946.67
2.9928,-0.02628416603,1946.76
2.993,-0.07440091031,1946.85
2.9932,-0.09143588554,1946.94
2.9934,-0.1149320278,1947.03
2.9936,-0.2244713632,1947.12
2.9938,-0.1939997719,1947.21
2.994,-0.2736254354,1947.3
2.9942,-0.2787871979,1947.39
2.9944,-0.205506914,1947.48
2.9946,-0.2996273068,1947.57
2.9948,-0.3360965118,1947.66
2.995,-0.357823062,1947.75
2.9952,-0.3274061034,1947.84
2.9954,-0.3288013232,1947.93
2.9956,-0.3494873821,1948.02
2.9958,-0.379104334,1948.11
2.996,-0.405151646,1948.2
2.9962,-0.4391880031,1948.29
2.9964,-0.4746305615,1948.38
2.9966,-0.5315986451,1948.47
2.9968,-0.40199999,1948.56
2.997,-0.4803889865,1948.65
2.9972,-0.3852263022,1948.74
2.9974,-0.4560569177,1948.83
2.9976,-0.5594868226,1948.92
2.9978,-0.4471111533,1949.01
2.998,-0.5189976597,1949.1
2.9982,-0.5446204749,1949.19
2.9984,-0.5115664007,1949.28
2.9986,-0.5795407582,1949.37
2.9988,-0.6117378211,1949.46
2.999,-0.6496531286,1949.55
2.9992,-0.628921283,1949.64
2.9994,-0.6411332498,1949.73
2.9996,-0.8053981589,1949.82
2.9998,-0.728177372,1949.91
3,-0.8030397316,1950
3.0002,-0.8509766586,1950.09
3.0004,-0.9057257774,1950.18
3.0006,-0.9201048691,1950.27
3.0008,-1.001581815,1950.36
3.001,-1.085472374,1950.45
3.0012,-1.000672602,1950.54
3.0014,-1.105049231,1950.63
3.0016,-1.097337222,1950.72
3.0018,-1.201926683,1950.81
3.002,-1.137971715,1950.9
3.0022,-1.176359791,1950.99
3.0024,-1.222523232,1951.08
3.0026,-1.292853674,1951.17
3.0028,-1.220466498,1951.26
3.003,-1.302423356,1951.35
3.0032,-1.287057558,1951.44
3.0034,-1.329459588,1951.53
3.0036,-1.381904399,1951.62
3.0038,-1.358399002,1951.71
3.004,-1.277652512,1951.8
3.0042,-1.27409097,1951.89
3.0044,-1.324800957,1951.98
3.0046,-1.245528977,1952.07
3.0048,-1.125351112,1952.16
3.005,-1.073576295,1952.25
3.0052,-1.063394648,1952.34
3.0054,-0.9897950863,1952.43
3.0056,-0.9363499218,1952.52
3.0058,-0.8342821851,1952.61
3.006,-0.8175200612,1952.7
3.0062,-0.7349051294,1952.79
3.0064,-0.6356120771,1952.88
3.0066,-0.5311434022,1952.97
3.0068,-0.3736883273,1953.06
3.007,-0.3499908726,1953.15
3.0072,-0.2205360491,1953.24
3.0074,-0.09395985966,1953.33
3.0076,0.01050891177,1953.42
3.0078,0.06127293897,1953.51
3.008,0.06419788477,1953.6
3.0082,0.222884002,1953.69
3.0084,0.2679424721,1953.78
3.0086,0.4636111208,1953.87
3.0088,0.4997197005,1953.96
3.009,0.5979501467,1954.05
3.0092,0.7798551783,1954.14
3.0094,0.8526982387,1954.23
3.0096,0.938100999,1954.32
3.0098,0.986859438,1954.41
3.01,0.9903193318,1954.5
3.0102,1.113389132,1954.59
3.0104,1.130088698,1954.68
3.0106,1.211345089,1954.77
3.0108,1.234406087,1954.86
3.011,1.278101673,1954.95
3.0112,1.219686625,1955.04
3.0114,1.28954562,1955.13
3.0116,1.334890852,1955.22
3.0118,1.382197186,1955.31
3.012,1.228470335,1955.4
3.0122,1.352556167,1955.49
3.0124,1.234849336,1955.58
3.0126,1.273091875,1955.67
3.0128,1.296544798,1955.76
3.013,1.239100518,1955.85
3.0132,1.164873409,1955.94
3.0134,1.126533149,1956.03
3.0136,1.130086547,1956.12
3.0138,1.136018876,1956.21
3.014,1.048606888,1956.3
3.0142,0.9797503995,1956.39
3.0144,0.936724415,1956.48
3.0146,0.9190144322,1956.57
3.0148,0.9270927421,1956.66
3.015,0.8824629576,1956.75
3.0152,0.7597486473,1956.84
3.0154,0.7904846277,1956.93
3.0156,0.7736768125,1957.02
3.0158,0.7420304712,1957.11
3.016,0.6818351437,1957.2
3.0162,0.6499085099,1957.29
3.0164,0.6075734351,1957.38
3.0166,0.6624859098,1957.47
3.0168,0.5798560866,1957.56
3.017,0.5878758631,1957.65
3.0172,0.5164043743,1957.74
3.0174,0.4692315045,1957.83
3.0176,0.4789333722,1957.92
3.0178,0.5104114672,1958.01
3.018,0.4359360812,1958.1
3.0182,0.4918891397,1958.19
3.0184,0.4707590683,1958.28
3.0186,0.3779452437,1958.37
3.0188,0.4333611588,1958.46
3.019,0.3958923428,1958.55
3.0192,0.4070530677,1958.64
3.0194,0.3874930111,1958.73
3.0196,0.3290317607,1958.82
3.0198,0.3523250225,1958.91
3.02,0.3940562014,1959
3.0202,0.3883288064,1959.09
3.0204,0.3132359407,1959.18
3.0206,0.3023352055,1959.27
3.0208,0.2904156359,1959.36
3.021,0.2596556782,1959.45
3.0212,0.2033066547,1959.54
3.0214,0.1996340792,1959.63
3.0216,0.1319723927,1959.72
3.0218,0.1275240853,1959.81
3.022,0.1607594033,1959.9
3.0222,0.1022284662,1959.99
3.0224,0.07855158773,1960.08
3.0226,0.05180115905,1960.17
3.0228,-0.03020042611,1960.26
3.023,0.04025720376,1960.35
3.0232,0.03745240459,1960.44
3.0234,-0.05467317294,1960.53
3.0236,-0.1351275952,1960.62
3.0238,-0.07459193664,1960.71
3.024,-0.2232621181,1960.8
3.0242,-0.1684280899,1960.89
3.0244,-0.2374156071,1960.98
3.0246,-0.2248473878,1961.07
3.0248,-0.2402987343,1961.16
3.025,-0.3051241673,1961.25
3.0252,-0.3026768185,1961.34
3.0254,-0.2387582702,1961.43
3.0256,-0.3454646289,1961.52
3.0258,-0.2758792572,1961.61
3.026,-0.3082176289,1961.7
3.0262,-0.3463984494,1961.79
3.0264,-0.3690735095,1961.88
3.0266,-0.3558966261,1961.97
3.0268,-0.3899212851,1962.06
3.027,-0.3761952618,1962.15
3.0272,-0.4181703903,1962.24
3.0274,-0.4568993552,1962.33
3.0276,-0.4600594743,1962.42
3.0278,-0.4570240662,1962.51
3.028,-0.4877762971,1962.6
3.0282,-0.5231689753,1962.69
3.0284,-0.4757976637,1962.78
3.0286,-0.6457099119,1962.87
3.0288,-0.5536957241,1962.96
3.029,-0.6185459531,1963.05
3.0292,-0.5826615264,1963.14
3.0294,-0.526377389,1963.23
3.0296,-0.6630508373,1963.32
3.0298,-0.696825219,1963.41
3.03,-0.7017261379,1963.5
3.0302,-0.6826476282,1963.59
3.0304,-0.7464206147,1963.68
3.0306,-0.7622299138,1963.77
3.0308,-0.8924075947,1963.86
3.031,-0.846366785,1963.95
3.0312,-0.9180669503,1964.04
3.0314,-0.9207095062,1964.13
3.0316,-1.007470636,1964.22
3.0318,-1.02586948,1964.31
3.032,-1.054912738,1964.4
3.0322,-1.066179706,1964.49
3.0324,-1.150066459,1964.58
3.0326,-1.124618401,1964.67
3.0328,-1.262887863,1964.76
3.033,-1.193304257,1964.85
3.0332,-1.29270989,1964.94
3.0334,-1.306580555,1965.03
3.0336,-1.277601044,1965.12
3.0338,-1.309495462,1965.21
3.034,-1.282064171,1965.3
3.0342,-1.309909286,1965.39
3.0344,-1.302741986,1965.48
3.0346,-1.263484977,1965.57
3.0348,-1.335574166,1965.66
3.035,-1.224955297,1965.75
3.0352,-1.237765474,1965.84
3.0354,-1.214822147,1965.93
3.0356,-1.089834984,1966.02
3.0358,-1.088262278,1966.11
3.036,-1.02591855,1966.2
3.0362,-0.9926876875,1966.29
3.0364,-0.8578210231,1966.38
3.0366,-0.8004194866,1966.47
3.0368,-0.7266154189,1966.56
3.037,-0.6173178249,1966.65
3.0372,-0.5082129578,1966.74
3.0374,-0.3633090065,1966.83
3.0376,-0.3661709914,1966.92
3.0378,-0.2742264932,1967.01
3.038,-0.06703920093,1967.1
3.0382,-0.05050449745,1967.19
3.0384,0.1115982136,1967.28
3.0386,0.1501037726,1967.37
3.0388,0.1985922329,1967.46
3.039,0.317793445,1967.55
3.0392,0.4559132328,1967.64
3.0394,0.5837983489,1967.73
3.0396,0.7166709324,1967.82
3.0398,0.7563602241,1967.91
3.04,0.7709020497,1968
3.0402,0.9649126388,1968.09
3.0404,0.9004926899,1968.18
3.0406,1.006495601,1968.27
3.0408,1.015357509,1968.36
3.041,1.153673804,1968.45
3.0412,1.12592595,1968.54
3.0414,1.21028102,1968.63
3.0416,1.254395034,1968.72
3.0418,1.293088047,1968.81
3.042,1.341679446,1968.9
3.0422,1.337940161,1968.99
3.0424,1.329687638,1969.08
3.0426,1.352131008,1969.17
3.0428,1.358322505,1969.26
3.043,1.201976925,1969.35
3.0432,1.329924287,1969.44
3.0434,1.199558116,1969.53
3.0436,1.227333373,1969.62
3.0438,1.284448418,1969.71
3.044,1.202404202,1969.8
3.0442,1.150594246,1969.89
3.0444,1.10762955,1969.98
3.0446,1.054067208,1970.07
3.0448,0.9710060818,1970.16
3.045,0.9299261986,1970.25
3.0452,0.9015034395,1970.34
3.0454,0.8750350327,1970.43
3.0456,0.8745104276,1970.52
3.0458,0.8391511577,1970.61
3.046,0.7817992672,1970.7
3.0462,0.7439428687,1970.79
3.0464,0.7398473724,1970.88
3.0466,0.6527314441,1970.97
3.0468,0.6428488997,1971.06
3.047,0.632340193,1971.15
3.0472,0.609503955,1971.24
3.0474,0.5957629271,1971.33
3.0476,0.5381096048,1971.42
3.0478,0.5639668124,1971.51
3.048,0.4701524254,1971.6
3.0482,0.461353197,1971.69
3.0484,0.5000077543,1971.78
3.0486,0.5036775726,1971.87
3.0488,0.4969923977,1971.96
3.049,0.4617033688,1972.05
3.0492,0.468850779,1972.14
3.0494,0.4872098007,1972.23
3.0496,0.4076683393,1972.32
3.0498,0.3956753768,1972.41
3.05,0.3657508549,1972.5
3.0502,0.2896121701,1972.59
3.0504,0.3783028229,1972.68
3.0506,0.3135671119,1972.77
3.0508,0.252105776,1972.86
3.051,0.2541257492,1972.95
3.0512,0.336243279,1973.04
3.0514,0.2780944135,1973.13
3.0516,0.2177881081,1973.22
3.0518,0.2254347039,1973.31
3.052,0.2126701122,1973.4
3.0522,0.1896620644,1973.49
3.0524,0.1567864686,1973.58
3.0526,0.09631819736,1973.67
3.0528,0.1005685318,1973.76
3.053,-0.001349051088,1973.85
3.0532,0.1206230496,1973.94
3.0534,-0.03952645136,1974.03
3.0536,-0.004103086593,1974.12
3.0538,0.007141199906,1974.21
3.054,-0.06726336371,1974.3
3.0542,-0.1029046472,1974.39
3.0544,-0.09950429176,1974.48
3.0546,-0.1738142747,1974.57
3.0548,-0.1630155405,1974.66
3.055,-0.2274770834,1974.75
3.0552,-0.2923858509,1974.84
3.0554,-0.1891492239,1974.93
3.0556,-0.3118778973,1975.02
3.0558,-0.2767646444,1975.11
3.056,-0.3121520045,1975.2
3.0562,-0.3633071213,1975.29
3.0564,-0.3838496127,1975.38
3.0566,-0.3856674193,1975.47
3.0568,-0.3075570792,1975.56
3.057,-0.4079145916,1975.65
3.0572,-0.476077898,1975.74
3.0574,-0.4473583636,1975.83
3.0576,-0.385488215,1975.92
3.0578,-0.4102661485,1976.01
3.058,-0.471590275,1976.1
3.0582,-0.4784260721,1976.19
3.0584,-0.4625224917,1976.28
3.0586,-0.4103535643,1976.37
3.0588,-0.5777029041,1976.46
3.059,-0.4982887527,1976.55
3.0592,-0.5821015251,1976.64
3.0594,-0.5671007238,1976.73
3.0596,-0.5533134629,1976.82
3.0598,-0.5869530072,1976.91
3.06,-0.5626214533,1977
3.0602,-0.6056474931,1977.09
3.0604,-0.6618608702,1977.18
3.0606,-0.6873664135,1977.27
3.0608,-0.7349769017,1977.36
3.061,-0.7410174786,1977.45
3.0612,-0.811323408,1977.54
3.0614,-0.8765261961,1977.63
3.0616,-0.887269079,1977.72
3.0618,-0.8694365719,1977.81
3.062,-0.9415433373,1977.9
3.0622,-1.022636129,1977.99
3.0624,-0.9730913525,1978.08
3.0626,-1.132472858,1978.17
3.0628,-1.12406981,1978.26
3.063,-1.204398713,1978.35
3.0632,-1.152894089,1978.44
3.0634,-1.173977742,1978.53
3.0636,-1.184880678,1978.62
3.0638,-1.357171952,1978.71
3.064,-1.260138138,1978.8
3.0642,-1.282498271,1978.89
3.0644,-1.29238542,1978.98
3.0646,-1.285602779,1979.07
3.0648,-1.273575886,1979.16
3.065,-1.344147227,1979.25
3.0652,-1.296599934,1979.34
3.0654,-1.262577494,1979.43
3.0656,-1.196701675,1979.52
3.0658,-1.186991547,1979.61
3.066,-1.152924157,1979.7
3.0662,-1.042661387,1979.79
3.0664,-0.967042898,1979.88
3.0666,-0.9122976065,1979.97
3.0668,-0.9540529068,1980.06
3.067,-0.8225160546,1980.15
3.0672,-0.7845603386,1980.24
3.0674,-0.6650084182,1980.33
3.0676,-0.6270966237,1980.42
3.0678,-0.5000705978,1980.51
3.068,-0.3156279349,1980.6
3.0682,-0.253341082,1980.69
3.0684,-0.2153081105,1980.78
3.0686,-0.03521657442,1980.87
3.0688,0.06395114183,1980.96
3.069,0.1706518601,1981.05
3.0692,0.2795697672,1981.14
3.0694,0.3429599816,1981.23
3.0696,0.4075726115,1981.32
3.0698,0.5604007065,1981.41
3.07,0.6863734279,1981.5
3.0702,0.7238084545,1981.59
3.0704,0.7604709178,1981.68
3.0706,0.8636450913,1981.77
3.0708,1.030852304,1981.86
3.071,1.013717194,1981.95
3.0712,1.074524337,1982.04
3.0714,1.180934799,1982.13
3.0716,1.124182567,1982.22
3.0718,1.194742587,1982.31
3.072,1.317986469,1982.4
3.0722,1.297549065,1982.49
3.0724,1.296855601,1982.58
3.0726,1.288969435,1982.67
3.0728,1.304666249,1982.76
3.073,1.186367147,1982.85
3.0732,1.298984827,1982.94
3.0734,1.350570678,1983.03
3.0736,1.20025205,1983.12
3.0738,1.226022708,1983.21
3.074,1.215736009,1983.3
3.0742,1.193421896,1983.39
3.0744,1.08648064,1983.48
3.0746,1.051008206,1983.57
3.0748,1.013497603,1983.66
3.075,1.035602067,1983.75
3.0752,1.095156622,1983.84
3.0754,0.9481439982,1983.93
3.0756,1.003202409,1984.02
3.0758,0.8222603467,1984.11
3.076,0.8660293782,1984.2
3.0762,0.8774399124,1984.29
3.0764,0.8413372727,1984.38
3.0766,0.7180975162,1984.47
3.0768,0.7246447399,1984.56
3.077,0.6442983343,1984.65
3.0772,0.6114799933,1984.74
3.0774,0.5698858061,1984.83
3.0776,0.5514551248,1984.92
3.0778,0.5202797615,1985.01
3.078,0.5516437714,1985.1
3.0782,0.5648585217,1985.19
3.0784,0.5427477129,1985.28
3.0786,0.5188002916,1985.37
3.0788,0.4353384317,1985.46
3.079,0.4555425699,1985.55
3.0792,0.4137150788,1985.64
3.0794,0.4810733626,1985.73
3.0796,0.4282305843,1985.82
3.0798,0.3789782573,1985.91
3.08,0.3759293722,1986
3.0802,0.3733162935,1986.09
3.0804,0.3996824859,1986.18
3.0806,0.3899620673,1986.27
3.0808,0.3874257177,1986.36
3.081,0.3175929949,1986.45
3.0812,0.2800324691,1986.54
3.0814,0.276453437,1986.63
3.0816,0.2973776524,1986.72
3.0818,0.1372454893,1986.81
3.082,0.3198876195,1986.9
3.0822,0.1928664789,1986.99
3.0824,0.2113364806,1987.08
3.0826,0.1312205521,1987.17
3.0828,0.1688307588,1987.26
3.083,0.1125338911,1987.35
3.0832,0.02895813135,1987.44
3.0834,0.04123425545,1987.53
3.0836,0.01952116674,1987.62
3.0838,-0.02760297315,1987.71
3.084,-0.06307655205,1987.8
3.0842,-0.1094937738,1987.89
3.0844,-0.00306049847,1987.98
3.0846,-0.1201601524,1988.07
3.0848,-0.1180259012,1988.16
3.085,-0.1653518119,1988.25
3.0852,-0.2525183719,1988.34
3.0854,-0.1858752234,1988.43
3.0856,-0.2424717599,1988.52
3.0858,-0.2431730241,1988.61
3.086,-0.2974147282,1988.7
3.0862,-0.324485774,1988.79
3.0864,-0.2486421951,1988.88
3.0866,-0.3852412362,1988.97
3.0868,-0.3937970231,1989.06
3.087,-0.3579882657,1989.15
3.0872,-0.3926894551,1989.24
3.0874,-0.3883217941,1989.33
3.0876,-0.3414020313,1989.42
3.0878,-0.4099309272,1989.51
3.088,-0.4312981133,1989.6
3.0882,-0.3548513416,1989.69
3.0884,-0.4897840003,1989.78
3.0886,-0.4425576368,1989.87
3.0888,-0.4919867654,1989.96
3.089,-0.4661998041,1990.05
3.0892,-0.4708868378,1990.14
3.0894,-0.530419572,1990.23
3.0896,-0.5795497646,1990.32
3.0898,-0.5861848591,1990.41
3.09,-0.5055317277,1990.5
3.0902,-0.6104905695,1990.59
3.0904,-0.5570683932,1990.68
3.0906,-0.6499023609,1990.77
3.0908,-0.7106500036,1990.86
3.091,-0.7556261731,1990.95
3.0912,-0.8159080955,1991.04
3.0914,-0.7987540955,1991.13
3.0916,-0.8323421189,1991.22
3.0918,-0.9580843239,1991.31
3.092,-0.9043119819,1991.4
3.0922,-0.9649279297,1991.49
3.0924,-0.9656562977,1991.58
3.0926,-1.023543979,1991.67
3.0928,-1.01340029,1991.76
3.093,-1.13830761,1991.85
3.0932,-1.178321124,1991.94
3.0934,-1.250827882,1992.03
3.0936,-1.248965412,1992.12
3.0938,-1.278547936,1992.21
3.094,-1.202091476,1992.3
3.0942,-1.271463087,1992.39
3.0944,-1.313918756,1992.48
3.0946,-1.324052294,1992.57
3.0948,-1.315642895,1992.66
3.095,-1.337709165,1992.75
3.0952,-1.359195931,1992.84
3.0954,-1.309988985,1992.93
3.0956,-1.201475049,1993.02
3.0958,-1.172513508,1993.11
3.096,-1.185404381,1993.2
3.0962,-1.178138448,1993.29
3.0964,-1.130832052,1993.38
3.0966,-1.061771146,1993.47
3.0968,-0.9568796321,1993.56
3.097,-0.8264174819,1993.65
3.0972,-0.8958063056,1993.74
3.0974,-0.7660772044,1993.83
3.0976,-0.6508055242,1993.92
3.0978,-0.4951848571,1994.01
3.098,-0.404987785,1994.1
3.0982,-0.3262826117,1994.19
3.0984,-0.2670157691,1994.28
3.0986,-0.1238683146,1994.37
3.0988,-0.01699939033,1994.46
3.099,0.06286027108,1994.55
3.0992,0.1226623594,1994.64
3.0994,0.2528460907,1994.73
3.0996,0.3673341899,1994.82
3.0998,0.426629151,1994.91
3.1,0.5421396716,1995
3.1002,0.5747191023,1995.09
3.1004,0.7099035634,1995.18
3.1006,0.7872144367,1995.27
3.1008,0.9346157982,1995.36
3.101,0.9887295346,1995.45
3.1012,1.059099157,1995.54
3.1014,1.082258598,1995.63
3.1016,1.185745015,1995.72
3.1018,1.273935446,1995.81
3.102,1.2615344,1995.9
3.1022,1.232430214,1995.99
3.1024,1.26185115,1996.08
3.1026,1.341618272,1996.17
3.1028,1.325825831,1996.26
3.103,1.375621983,1996.35
3.1032,1.342571852,1996.44
3.1034,1.33003114,1996.53
3.1036,1.269093771,1996.62
3.1038,1.235748958,1996.71
3.104,1.275622142,1996.8
3.1042,1.124807409,1996.89
3.1044,1.132870904,1996.98
3.1046,1.178681387,1997.07
3.1048,1.072404804,1997.16
3.105,1.141190696,1997.25
3.1052,1.035435811,1997.34
3.1054,0.9753021439,1997.43
3.1056,1.071421165,1997.52
3.1058,0.9442787045,1997.61
3.106,0.8680902915,1997.7
3.1062,0.8460344678,1997.79
3.1064,0.8122653082,1997.88
3.1066,0.7309186573,1997.97
3.1068,0.726302169,1998.06
3.107,0.7864155957,1998.15
3.1072,0.621396466,1998.24
3.1074,0.6277722523,1998.33
3.1076,0.6111782046,1998.42
3.1078,0.526402765,1998.51
3.108,0.4974347112,1998.6
3.1082,0.4953226598,1998.69
3.1084,0.4754608931,1998.78
3.1086,0.4921014861,1998.87
3.1088,0.4809382064,1998.96
3.109,0.5258724558,1999.05
3.1092,0.4587097167,1999.14
3.1094,0.453546839,1999.23
3.1096,0.479527469,1999.32
3.1098,0.4898249996,1999.41
3.11,0.3748658194,1999.5
3.1102,0.4489435289,1999.59
3.1104,0.4284617173,1999.68
3.1106,0.3409972011,1999.77
3.1108,0.3105971388,1999.86
3.111,0.3212412467,1999.95
3.1112,0.3444986991,2000.04
3.1114,0.3378871204,2000.13
3.1116,0.2833386177,2000.22
3.1118,0.2604381874,2000.31
3.112,0.349128525,2000.4
3.1122,0.2493852072,2000.49
3.1124,0.2298586793,2000.58
3.1126,0.15685491,2000.67
3.1128,0.1834140888,2000.76
3.113,0.154242882,2000.85
3.1132,0.1200146127,2000.94
3.1134,0.09988782496,2001.03
3.1136,0.06273500443,2001.12
3.1138,0.0107992529,2001.21
3.114,0.01151920578,2001.3
3.1142,-0.07406910069,2001.39
3.1144,-0.05066167557,2001.48
3.1146,-0.0974734183,2001.57
3.1148,-0.1053195892,2001.66
3.115,-0.1698020856,2001.75
3.1152,-0.2009869249,2001.84
3.1154,-0.2474893203,2001.93
3.1156,-0.2223479193,2002.02
3.1158,-0.241297845,2002.11
3.116,-0.3316933005,2002.2
3.1162,-0.2679146368,2002.29
3.1164,-0.3195269695,2002.38
3.1166,-0.3056816443,2002.47
3.1168,-0.3825358266,2002.56
3.117,-0.3853859094,2002.65
3.1172,-0.3170689475,2002.74
3.1174,-0.380347311,2002.83
3.1176,-0.3711747294,2002.92
3.1178,-0.4084029138,2003.01
3.118,-0.3725418489,2003.1
3.1182,-0.4473208573,2003.19
3.1184,-0.4260391796,2003.28
3.1186,-0.4274411351,2003.37
3.1188,-0.4287574129,2003.46
3.119,-0.4812997754,2003.55
3.1192,-0.5022101477,2003.64
3.1194,-0.523840204,2003.73
3.1196,-0.6317394518,2003.82
3.1198,-0.5714764321,2003.91
3.12,-0.6220599844,2004
3.1202,-0.5772254517,2004.09
3.1204,-0.5923261926,2004.18
3.1206,-0.6987323413,2004.27
3.1208,-0.6904788687,2004.36
3.121,-0.7666312546,2004.45
3.1212,-0.7315127283,2004.54
3.1214,-0.7792818395,2004.63
3.1216,-0.8549728375,2004.72
3.1218,-0.9271920925,2004.81
3.122,-0.9265675836,2004.9
3.1222,-0.9518483951,2004.99
3.1224,-0.9798923366,2005.08
3.1226,-0.9664451015,2005.17
3.1228,-1.002023207,2005.26
3.123,-1.117589265,2005.35
3.1232,-1.192455444,2005.44
3.1234,-1.197622263,2005.53
3.1236,-1.241722679,2005.62
3.1238,-1.246990118,2005.71
3.124,-1.321875248,2005.8
3.1242,-1.307168593,2005.89
3.1244,-1.348011222,2005.98
3.1246,-1.304548711,2006.07
3.1248,-1.380594024,2006.16
3.125,-1.312373634,2006.25
3.1252,-1.260810852,2006.34
3.1254,-1.30173464,2006.43
3.1256,-1.23248455,2006.52
3.1258,-1.265571362,2006.61
3.126,-1.11159709,2006.7
3.1262,-1.158093977,2006.79
3.1264,-1.048451858,2006.88
3.1266,-1.094769225,2006.97
3.1268,-0.9616039728,2007.06
3.127,-0.8358288594,2007.15
3.1272,-0.8444433121,2007.24
3.1274,-0.7441156192,2007.33
3.1276,-0.6589760909,2007.42
3.1278,-0.5050472215,2007.51
3.128,-0.440067325,2007.6
3.1282,-0.3804935372,2007.69
3.1284,-0.2525873315,2007.78
3.1286,-0.111778507,2007.87
3.1288,-0.03557290374,2007.96
3.129,0.07306350103,2008.05
3.1292,0.1791945228,2008.14
3.1294,0.2684966467,2008.23
3.1296,0.4564217371,2008.32
3.1298,0.4552872105,2008.41
3.13,0.5772769216,2008.5
3.1302,0.7100015482,2008.59
3.1304,0.737884644,2008.68
3.1306,0.8225233067,2008.77
3.1308,0.913487162,2008.86
3.131,0.9798044396,2008.95
3.1312,1.045404789,2009.04
3.1314,1.056484489,2009.13
3.1316,1.20987848,2009.22
3.1318,1.210081215,2009.31
3.132,1.262371179,2009.4
3.1322,1.241368601,2009.49
3.1324,1.365093681,2009.58
3.1326,1.356228359,2009.67
3.1328,1.271849637,2009.76
3.133,1.289825211,2009.85
3.1332,1.217327742,2009.94
3.1334,1.359688305,2010.03
3.1336,1.303103611,2010.12
3.1338,1.241799819,2010.21
3.134,1.278295136,2010.3
3.1342,1.206564325,2010.39
3.1344,1.170220172,2010.48
3.1346,1.157958254,2010.57
3.1348,1.053145196,2010.66
3.135,1.052749168,2010.75
3.1352,0.9812084792,2010.84
3.1354,1.000476025,2010.93
3.1356,0.9585301689,2011.02
3.1358,0.9224889965,2011.11
3.136,0.8251273871,2011.2
3.1362,0.7891696301,2011.29
3.1364,0.8273012114,2011.38
3.1366,0.6907510099,2011.47
3.1368,0.7109029379,2011.56
3.137,0.7244973298,2011.65
3.1372,0.6792967493,2011.74
3.1374,0.6268861297,2011.83
3.1376,0.6481479773,2011.92
3.1378,0.6001813884,2012.01
3.138,0.5450668459,2012.1
3.1382,0.5161119802,2012.19
3.1384,0.560445814,2012.28
3.1386,0.5269041981,2012.37
3.1388,0.4716059096,2012.46
3.139,0.5147912841,2012.55
3.1392,0.5057695759,2012.64
3.1394,0.4871579105,2012.73
3.1396,0.3710541726,2012.82
3.1398,0.4182827776,2012.91
3.14,0.406894559,2013
3.1402,0.3900998089,2013.09
3.1404,0.3547499469,2013.18
3.1406,0.3815680281,2013.27
3.1408,0.4127351037,2013.36
3.141,0.3106786879,2013.45
3.1412,0.2732574816,2013.54
3.1414,0.3624056691,2013.63
3.1416,0.1956457136,2013.72
3.1418,0.2874105269,2013.81
3.142,0.2415784817,2013.9
3.1422,0.1509559059,2013.99
3.1424,0.1631357859,2014.08
3.1426,0.08846448788,2014.17
3.1428,0.07880688815,2014.26
3.143,0.1277641298,2014.35
3.1432,0.161912625,2014.44
3.1434,0.1164688788,2014.53
3.1436,0.0277794979,2014.62
3.1438,-0.03149859723,2014.71
3.144,0.02557278226,2014.8
3.1442,-0.04794025248,2014.89
3.1444,-0.08992805413,2014.98
3.1446,-0.065360958,2015.07
3.1448,-0.09824099706,2015.16
3.145,-0.09734767078,2015.25
3.1452,-0.2099812721,2015.34
3.1454,-0.2565606505,2015.43
3.1456,-0.1992394719,2015.52
3.1458,-0.2058282032,2015.61
3.146,-0.3662832064,2015.7
3.1462,-0.2865178562,2015.79
3.1464,-0.3837653433,2015.88
3.1466,-0.3072720326,2015.97
3.1468,-0.2718262282,2016.06
3.147,-0.3721798489,2016.15
3.1472,-0.3522718927,2016.24
3.1474,-0.3786185675,2016.33
3.1476,-0.4196540071,2016.42
3.1478,-0.3584320791,2016.51
3.148,-0.4457530723,2016.6
3.1482,-0.4475827022,2016.69
3.1484,-0.3973166173,2016.78
3.1486,-0.4675879319,2016.87
3.1488,-0.5436130809,2016.96
3.149,-0.4983253596,2017.05
3.1492,-0.4811507272,2017.14
3.1494,-0.5663228823,2017.23
3.1496,-0.5263442026,2017.32
3.1498,-0.6092975508,2017.41
3.15,-0.6543281499,2017.5
3.1502,-0.6198141721,2017.59
3.1504,-0.6570218744,2017.68
3.1506,-0.7311758065,2017.77
3.1508,-0.7149644662,2017.86
3.151,-0.8010394129,2017.95
3.1512,-0.7759336089,2018.04
3.1514,-0.8319266213,2018.13
3.1516,-0.856525686,2018.22
3.1518,-0.8804065376,2018.31
3.152,-0.9949741673,2018.4
3.1522,-0.9734897288,2018.49
3.1524,-1.034854705,2018.58
3.1526,-1.057584519,2018.67
3.1528,-1.123831449,2018.76
3.153,-1.18675221,2018.85
3.1532,-1.168984752,2018.94
3.1534,-1.268663123,2019.03
3.1536,-1.265074985,2019.12
3.1538,-1.233310576,2019.21
3.154,-1.28638906,2019.3
3.1542,-1.310252347,2019.39
3.1544,-1.277463861,2019.48
3.1546,-1.341625184,2019.57
3.1548,-1.355667503,2019.66
3.155,-1.262128712,2019.75
3.1552,-1.252261715,2019.84
3.1554,-1.278984827,2019.93
3.1556,-1.273652619,2020.02
3.1558,-1.195555352,2020.11
3.156,-1.110996457,2020.2
3.1562,-1.128001309,2020.29
3.1564,-0.9923613324,2020.38
3.1566,-1.015319008,2020.47
3.1568,-0.8884638222,2020.56
3.157,-0.8224399109,2020.65
3.1572,-0.7225625038,2020.74
3.1574,-0.6284340415,2020.83
3.1576,-0.5178853479,2020.92
3.1578,-0.4621301393,2021.01
3.158,-0.3205029933,2021.1
3.1582,-0.2149109951,2021.19
3.1584,-0.1279668816,2021.28
3.1586,0.001780893411,2021.37
3.1588,0.05940630715,2021.46
3.159,0.1574379016,2021.55
3.1592,0.2571723434,2021.64
3.1594,0.3751400325,2021.73
3.1596,0.5501890494,2021.82
3.1598,0.5768309472,2021.91
3.16,0.681851526,2022
3.1602,0.8064770741,2022.09
3.1604,0.9762406189,2022.18
3.1606,0.8863370804,2022.27
3.1608,1.063462951,2022.36
3.161,1.041661243,2022.45
3.1612,1.143697162,2022.54
3.1614,1.192367584,2022.63
3.1616,1.138499384,2022.72
3.1618,1.266865667,2022.81
3.162,1.256787018,2022.9
3.1622,1.250419911,2022.99
3.1624,1.302249553,2023.08
3.1626,1.355704895,2023.17
3.1628,1.31337119,2023.26
3.163,1.288141439,2023.35
3.1632,1.30673387,2023.44
3.1634,1.246908623,2023.53
3.1636,1.218373933,2023.62
3.1638,1.137398176,2023.71
3.164,1.159755312,2023.8
3.1642,1.145937231,2023.89
3.1644,1.14870604,2023.98
3.1646,1.011815732,2024.07
3.1648,1.040381292,2024.16
3.165,1.012237199,2024.25
3.1652,0.9645203442,2024.34
3.1654,0.9527109058,2024.43
3.1656,0.9329812701,2024.52
3.1658,0.8872798786,2024.61
3.166,0.7853805258,2024.7
3.1662,0.756528569,2024.79
3.1664,0.7511625255,2024.88
3.1666,0.6654825998,2024.97
3.1668,0.650171025,2025.06
3.167,0.6318127742,2025.15
3.1672,0.5576365919,2025.24
3.1674,0.563357634,2025.33
3.1676,0.5043264785,2025.42
3.1678,0.5572467833,2025.51
3.168,0.5530219204,2025.6
3.1682,0.5391798009,2025.69
3.1684,0.4602062804,2025.78
3.1686,0.4645718964,2025.87
3.1688,0.4345706137,2025.96
3.169,0.4578005895,2026.05
3.1692,0.4515118517,2026.14
3.1694,0.3967707946,2026.23
3.1696,0.4374057972,2026.32
3.1698,0.3839521185,2026.41
3.17,0.356213299,2026.5
3.1702,0.3827874389,2026.59
3.1704,0.3103104908,2026.68
3.1706,0.3142251799,2026.77
3.1708,0.3693658781,2026.86
3.171,0.4001636697,2026.95
3.1712,0.2572511268,2027.04
3.1714,0.267457711,2027.13
3.1716,0.2540822304,2027.22
3.1718,0.2111105771,2027.31
3.172,0.1214268579,2027.4
3.1722,0.2059859948,2027.49
3.1724,0.1228696297,2027.58
3.1726,0.1395149229,2027.67
3.1728,0.05096067384,2027.76
3.173,0.1076017966,2027.85
3.1732,-0.008448877757,2027.94
3.1734,0.07705003268,2028.03
3.1736,-0.00332753903,2028.12
3.1738,0.03804899212,2028.21
3.174,-0.1093368651,2028.3
3.1742,-0.07452088389,2028.39
3.1744,-0.1067947205,2028.48
3.1746,-0.1844446496,2028.57
3.1748,-0.1861083089,2028.66
3.175,-0.202007075,2028.75
3.1752,-0.2150285969,2028.84
3.1754,-0.29032436,2028.93
3.1756,-0.3397164036,2029.02
3.1758,-0.3041904046,2029.11
3.176,-0.3042381498,2029.2
3.1762,-0.3251382361,2029.29
3.1764,-0.3776375698,2029.38
3.1766,-0.3893972359,2029.47
3.1768,-0.3446187147,2029.56
3.177,-0.3491460285,2029.65
3.1772,-0.4308555768,2029.74
3.1774,-0.3472314429,2029.83
3.1776,-0.4378289465,2029.92
3.1778,-0.4904957711,2030.01
3.178,-0.4416136855,2030.1
3.1782,-0.4539491082,2030.19
3.1784,-0.4521984553,2030.28
3.1786,-0.4505280044,2030.37
3.1788,-0.5359767746,2030.46
3.179,-0.5924293609,2030.55
3.1792,-0.5104080416,2030.64
3.1794,-0.5374617268,2030.73
3.1796,-0.5948243791,2030.82
3.1798,-0.5432300803,2030.91
3.18,-0.6541644276,2031
3.1802,-0.6415448279,2031.09
3.1804,-0.7531989528,2031.18
3.1806,-0.761890519,2031.27
3.1808,-0.7966254387,2031.36
3.181,-0.756159091,2031.45
3.1812,-0.8601305864,2031.54
3.1814,-0.9662189833,2031.63
3.1816,-0.9364217766,2031.72
3.1818,-0.9695062217,2031.81
3.182,-1.026229969,2031.9
3.1822,-1.115579557,2031.99
3.1824,-1.120814224,2032.08
3.1826,-1.142606294,2032.17
3.1828,-1.148410501,2032.26
3.183,-1.165708496,2032.35
3.1832,-1.250198108,2032.44
3.1834,-1.27454193,2032.53
3.1836,-1.250554988,2032.62
3.1838,-1.306138415,2032.71
3.184,-1.334589685,2032.8
3.1842,-1.2895411,2032.89
3.1844,-1.313391158,2032.98
3.1846,-1.260471488,2033.07
3.1848,-1.223188738,2033.16
3.185,-1.252786999,2033.25
3.1852,-1.181225018,2033.34
3.1854,-1.179724132,2033.43
3.1856,-1.033593129,2033.52
3.1858,-1.126250074,2033.61
3.186,-0.9712875068,2033.7
3.1862,-0.9826285067,2033.79
3.1864,-0.9437127526,2033.88
3.1866,-0.8137045985,2033.97
3.1868,-0.7521544065,2034.06
3.187,-0.6196028362,2034.15
3.1872,-0.4973493469,2034.24
3.1874,-0.3899723943,2034.33
3.1876,-0.3381590227,2034.42
3.1878,-0.2520102227,2034.51
3.188,-0.1077733948,2034.6
3.1882,0.01366495057,2034.69
3.1884,0.02065617766,2034.78
3.1886,0.2234239316,2034.87
3.1888,0.2661058583,2034.96
3.189,0.4644051248,2035.05
3.1892,0.4323601636,2035.14
3.1894,0.5883928767,2035.23
3.1896,0.7089516812,2035.32
3.1898,0.8127577339,2035.41
3.19,0.8879028265,2035.5
3.1902,0.901079249,2035.59
3.1904,1.001684412,2035.68
3.1906,1.093127972,2035.77
3.1908,1.038991867,2035.86
3.191,1.117000633,2035.95
3.1912,1.198030787,2036.04
3.1914,1.286441744,2036.13
3.1916,1.322082153,2036.22
3.1918,1.359160381,2036.31
3.192,1.306593071,2036.4
3.1922,1.342541725,2036.49
3.1924,1.382519375,2036.58
3.1926,1.352167696,2036.67
3.1928,1.337225891,2036.76
3.193,1.294115589,2036.85
3.1932,1.24166879,2036.94
3.1934,1.193702902,2037.03
3.1936,1.19075606,2037.12
3.1938,1.15255455,2037.21
3.194,1.071384403,2037.3
3.1942,1.08620884,2037.39
3.1944,1.07457608,2037.48
3.1946,1.012664534,2037.57
3.1948,0.9388480695,2037.66
3.195,0.8813791127,2037.75
3.1952,0.8729111837,2037.84
3.1954,0.8118551902,2037.93
3.1956,0.7783573749,2038.02
3.1958,0.8378397137,2038.11
3.196,0.721980079,2038.2
3.1962,0.696148359,2038.29
3.1964,0.6364780242,2038.38
3.1966,0.6345368844,2038.47
3.1968,0.5521545397,2038.56
3.197,0.5459861879,2038.65
3.1972,0.5439347493,2038.74
3.1974,0.5638006262,2038.83
3.1976,0.5603667142,2038.92
3.1978,0.495912301,2039.01
3.198,0.4868107709,2039.1
3.1982,0.4425496182,2039.19
3.1984,0.4549506981,2039.28
3.1986,0.4310504691,2039.37
3.1988,0.4472190952,2039.46
3.199,0.3480278014,2039.55
3.1992,0.4147066908,2039.64
3.1994,0.3699849665,2039.73
3.1996,0.4010447034,2039.82
3.1998,0.3442243009,2039.91
3.2,0.342412424,2040
3.2002,0.3602694886,2040.09
3.2004,0.2937463032,2040.18
3.2006,0.3122488735,2040.27
3.2008,0.3164940174,2040.36
3.201,0.2504140231,2040.45
3.2012,0.3090755061,2040.54
3.2014,0.1921135025,2040.63
3.2016,0.1475604599,2040.72
3.2018,0.1792479454,2040.81
3.202,0.1530003823,2040.9
3.2022,0.1305698669,2040.99
3.2024,0.1078560572,2041.08
3.2026,0.01118881927,2041.17
3.2028,0.02680269798,2041.26
3.203,-0.03700127386,2041.35
3.2032,-0.02927672958,2041.44
3.2034,-0.08548941177,2041.53
3.2036,-0.06094355747,2041.62
3.2038,-0.09199939734,2041.71
3.204,-0.1132159283,2041.8
3.2042,-0.2422474901,2041.89
3.2044,-0.1957049547,2041.98
3.2046,-0.24312272,2042.07
3.2048,-0.2278553583,2042.16
3.205,-0.2530882152,2042.25
3.2052,-0.2998325688,2042.34
3.2054,-0.3212984671,2042.43
3.2056,-0.3197894464,2042.52
3.2058,-0.3789272537,2042.61
3.206,-0.3729548058,2042.7
3.2062,-0.403775901,2042.79
3.2064,-0.3894528834,2042.88
3.2066,-0.4162353269,2042.97
3.2068,-0.3721319687,2043.06
3.207,-0.4581859692,2043.15
3.2072,-0.4645562513,2043.24
3.2074,-0.4399218084,2043.33
3.2076,-0.4161675256,2043.42
3.2078,-0.4834182028,2043.51
3.208,-0.4726931825,2043.6
3.2082,-0.511510626,2043.69
3.2084,-0.4924520409,2043.78
3.2086,-0.5843897795,2043.87
3.2088,-0.5567965314,2043.96
3.209,-0.5797178016,2044.05
3.2092,-0.600615186,2044.14
3.2094,-0.6098889102,2044.23
3.2096,-0.6275332582,2044.32
3.2098,-0.7519621622,2044.41
3.21,-0.767725791,2044.5
3.2102,-0.8033577159,2044.59
3.2104,-0.898158615,2044.68
3.2106,-0.7948746363,2044.77
3.2108,-0.8679357164,2044.86
3.211,-0.8937763636,2044.95
3.2112,-1.022574337,2045.04
3.2114,-1.034544852,2045.13
3.2116,-1.087191158,2045.22
3.2118,-1.078676562,2045.31
3.212,-1.181764603,2045.4
3.2122,-1.152033261,2045.49
3.2124,-1.261159589,2045.58
3.2126,-1.152508959,2045.67
3.2128,-1.249834588,2045.76
3.213,-1.284094387,2045.85
3.2132,-1.265775887,2045.94
3.2134,-1.341706142,2046.03
3.2136,-1.341071732,2046.12
3.2138,-1.354784913,2046.21
3.214,-1.338108051,2046.3
3.2142,-1.324826997,2046.39
3.2144,-1.234353994,2046.48
3.2146,-1.218171934,2046.57
3.2148,-1.267202459,2046.66
3.215,-1.147948378,2046.75
3.2152,-1.05985573,2046.84
3.2154,-0.9800893702,2046.93
3.2156,-0.9685756541,2047.02
3.2158,-0.7980475891,2047.11
3.216,-0.8137741293,2047.2
3.2162,-0.7570443678,2047.29
3.2164,-0.7043911202,2047.38
3.2166,-0.5325073092,2047.47
3.2168,-0.4199184195,2047.56
3.217,-0.3354795864,2047.65
3.2172,-0.2148547253,2047.74
3.2174,-0.08474437282,2047.83
3.2176,-0.01430909787,2047.92
3.2178,0.0644346783,2048.01
3.218,0.2053025438,2048.1
3.2182,0.3045172418,2048.19
3.2184,0.3651515525,2048.28
3.2186,0.5452445888,2048.37
3.2188,0.6659633362,2048.46
3.219,0.6513109082,2048.55
3.2192,0.7838018653,2048.64
3.2194,0.8448084573,2048.73
3.2196,0.9725537119,2048.82
3.2198,1.047836754,2048.91
3.22,0.9935256259,2049
3.2202,1.171989295,2049.09
3.2204,1.163905,2049.18
3.2206,1.249663953,2049.27
3.2208,1.201460026,2049.36
3.221,1.206725243,2049.45
3.2212,1.263758393,2049.54
3.2214,1.350666686,2049.63
3.2216,1.350599534,2049.72
3.2218,1.263306265,2049.81
3.222,1.354915138,2049.9
3.2222,1.230592592,2049.99
3.2224,1.254991007,2050.08
3.2226,1.286109311,2050.17
3.2228,1.216002405,2050.26
3.223,1.172786932,2050.35
3.2232,1.210567903,2050.44
3.2234,1.17441387,2050.53
3.2236,1.05508572,2050.62
3.2238,1.120808791,2050.71
3.224,1.021543313,2050.8
3.2242,0.9737899026,2050.89
3.2244,0.8866507752,2050.98
3.2246,0.8197371446,2051.07
3.2248,0.8113743238,2051.16
3.225,0.8366839364,2051.25
3.2252,0.7003210782,2051.34
3.2254,0.7339899914,2051.43
3.2256,0.6921607319,2051.52
3.2258,0.6959516781,2051.61
3.226,0.6494709422,2051.7
3.2262,0.6184535049,2051.79
3.2264,0.4752688821,2051.88
3.2266,0.5540801547,2051.97
3.2268,0.5284755644,2052.06
3.227,0.5432543622,2052.15
3.2272,0.5770031458,2052.24
3.2274,0.4461151984,2052.33
3.2276,0.3696333522,2052.42
3.2278,0.4399210757,2052.51
3.228,0.4491743925,2052.6
3.2282,0.351104011,2052.69
3.2284,0.4139326943,2052.78
3.2286,0.391426348,2052.87
3.2288,0.4818846458,2052.96
3.229,0.3782072128,2053.05
3.2292,0.3060420661,2053.14
3.2294,0.3756117163,2053.23
3.2296,0.2944967019,2053.32
3.2298,0.3212907294,2053.41
3.23,0.3460129054,2053.5
3.2302,0.3165711141,2053.59
3.2304,0.273592003,2053.68
3.2306,0.2348647018,2053.77
3.2308,0.1109559024,2053.86
3.231,0.2192552062,2053.95
3.2312,0.1544483993,2054.04
3.2314,0.2190065375,2054.13
3.2316,0.1697871159,2054.22
3.2318,0.06574442672,2054.31
3.232,-0.04113890599,2054.4
3.2322,-0.02851843906,2054.49
3.2324,0.006170063967,2054.58
3.2326,-0.07951542366,2054.67
3.2328,-0.1089956128,2054.76
3.233,-0.1329805238,2054.85
3.2332,-0.02980326342,2054.94
3.2334,-0.1828994828,2055.03
3.2336,-0.230940531,2055.12
3.2338,-0.1996867677,2055.21
3.234,-0.1763872293,2055.3
3.2342,-0.2912106608,2055.39
3.2344,-0.3705944782,2055.48
3.2346,-0.3581145839,2055.57
3.2348,-0.3093814391,2055.66
3.235,-0.3089879593,2055.75
3.2352,-0.3437318782,2055.84
3.2354,-0.2770283166,2055.93
3.2356,-0.4152076249,2056.02
3.2358,-0.3919396657,2056.11
3.236,-0.3443559272,2056.2
3.2362,-0.4328553392,2056.29
3.2364,-0.447752445,2056.38
3.2366,-0.4794622411,2056.47
3.2368,-0.4609257603,2056.56
3.237,-0.4972048991,2056.65
3.2372,-0.5414217669,2056.74
3.2374,-0.4540490948,2056.83
3.2376,-0.5419458575,2056.92
3.2378,-0.508549909,2057.01
3.238,-0.6047557159,2057.1
3.2382,-0.5518406622,2057.19
3.2384,-0.5920470105,2057.28
3.2386,-0.6312016806,2057.37
3.2388,-0.6790304746,2057.46
3.239,-0.7192705983,2057.55
3.2392,-0.741755502,2057.64
3.2394,-0.8079730849,2057.73
3.2396,-0.7798730251,2057.82
3.2398,-0.867370103,2057.91
3.24,-0.9542640458,2058
3.2402,-0.9820917845,2058.09
3.2404,-0.9935729465,2058.18
3.2406,-1.043951004,2058.27
3.2408,-1.024180764,2058.36
3.241,-1.119971519,2058.45
3.2412,-1.133938799,2058.54
3.2414,-1.194767478,2058.63
3.2416,-1.239696754,2058.72
3.2418,-1.237853271,2058.81
3.242,-1.213850887,2058.9
3.2422,-1.259788191,2058.99
3.2424,-1.27402408,2059.08
3.2426,-1.272408291,2059.17
3.2428,-1.307473936,2059.26
3.243,-1.311411177,2059.35
3.2432,-1.302938158,2059.44
3.2434,-1.283514349,2059.53
3.2436,-1.225273782,2059.62
3.2438,-1.222585023,2059.71
3.244,-1.276307839,2059.8
3.2442,-1.102333831,2059.89
3.2444,-1.068879558,2059.98
3.2446,-1.0163805,2060.07
3.2448,-0.9763028961,2060.16
3.245,-0.9022446845,2060.25
3.2452,-0.7945710318,2060.34
3.2454,-0.6318295008,2060.43
3.2456,-0.5759647824,2060.52
3.2458,-0.5438795263,2060.61
3.246,-0.3886952897,2060.7
3.2462,-0.2961100766,2060.79
3.2464,-0.198088373,2060.88
3.2466,-0.1190256954,2060.97
3.2468,-0.04306434266,2061.06
3.247,0.07081691592,2061.15
3.2472,0.1947244631,2061.24
3.2474,0.3222660461,2061.33
3.2476,0.4318249103,2061.42
3.2478,0.4317455443,2061.51
3.248,0.5964746411,2061.6
3.2482,0.674699127,2061.69
3.2484,0.8631806667,2061.78
3.2486,0.8788251622,2061.87
3.2488,0.9014305851,2061.96
3.249,0.9837134203,2062.05
3.2492,1.074887309,2062.14
3.2494,1.064021475,2062.23
3.2496,1.172433421,2062.32
3.2498,1.143565995,2062.41
3.25,1.226844469,2062.5
3.2502,1.292647974,2062.59
3.2504,1.315434809,2062.68
3.2506,1.335332948,2062.77
3.2508,1.296562778,2062.86
3.251,1.321658778,2062.95
3.2512,1.283585916,2063.04
3.2514,1.25607716,2063.13
3.2516,1.319855338,2063.22
3.2518,1.289850418,2063.31
3.252,1.239243963,2063.4
3.2522,1.142849667,2063.49
3.2524,1.197756269,2063.58
3.2526,1.095002317,2063.67
3.2528,1.072048819,2063.76
3.253,0.9944399923,2063.85
3.2532,0.9708446143,2063.94
3.2534,0.9535509215,2064.03
3.2536,0.8656655005,2064.12
3.2538,0.895144666,2064.21
3.254,0.9179961588,2064.3
3.2542,0.7617465626,2064.39
3.2544,0.7543220298,2064.48
3.2546,0.7497250904,2064.57
3.2548,0.7012924865,2064.66
3.255,0.650020849,2064.75
3.2552,0.6872260109,2064.84
3.2554,0.5953184115,2064.93
3.2556,0.6230473053,2065.02
3.2558,0.5623272238,2065.11
3.256,0.4833897344,2065.2
3.2562,0.523040789,2065.29
3.2564,0.5494833235,2065.38
3.2566,0.4223081503,2065.47
3.2568,0.4616861864,2065.56
3.257,0.4574265099,2065.65
3.2572,0.3321114937,2065.74
3.2574,0.3903360143,2065.83
3.2576,0.4111469173,2065.92
3.2578,0.4172435671,2066.01
3.258,0.3440026974,2066.1
3.2582,0.3946687237,2066.19
3.2584,0.3639669249,2066.28
3.2586,0.378639688,2066.37
3.2588,0.3333395713,2066.46
3.259,0.3606969072,2066.55
3.2592,0.3297712606,2066.64
3.2594,0.301275665,2066.73
3.2596,0.2722027247,2066.82
3.2598,0.2919311362,2066.91
3.26,0.2378871755,2067
3.2602,0.08738683402,2067.09
3.2604,0.1679277564,2067.18
3.2606,0.1013702911,2067.27
3.2608,0.1373898081,2067.36
3.261,0.04742955352,2067.45
3.2612,0.04899047255,2067.54
3.2614,-0.04266364039,2067.63
3.2616,-0.04923475164,2067.72
3.2618,-0.1215096063,2067.81
3.262,-0.06110495838,2067.9
3.2622,-0.2059948471,2067.99
3.2624,-0.2234322988,2068.08
3.2626,-0.1353038748,2068.17
3.2628,-0.245353837,2068.26
3.263,-0.2867997833,2068.35
3.2632,-0.2554717548,2068.44
3.2634,-0.3179567534,2068.53
3.2636,-0.3045174878,2068.62
3.2638,-0.2786363396,2068.71
3.264,-0.3532987921,2068.8
3.2642,-0.3082983938,2068.89
3.2644,-0.3483048018,2068.98
3.2646,-0.4206327916,2069.07
3.2648,-0.4056602538,2069.16
3.265,-0.4437565461,2069.25
3.2652,-0.3773418941,2069.34
3.2654,-0.3920751883,2069.43
3.2656,-0.4541001047,2069.52
3.2658,-0.5053406588,2069.61
3.266,-0.4353134569,2069.7
3.2662,-0.4022585963,2069.79
3.2664,-0.4670956752,2069.88
3.2666,-0.5200816913,2069.97
3.2668,-0.5093150948,2070.06
3.267,-0.5273655652,2070.15
3.2672,-0.542332447,2070.24
3.2674,-0.6302437172,2070.33
3.2676,-0.6929476574,2070.42
3.2678,-0.6216216042,2070.51
3.268,-0.7335342827,2070.6
3.2682,-0.7268347658,2070.69
3.2684,-0.7121676909,2070.78
3.2686,-0.791595513,2070.87
3.2688,-0.8516882772,2070.96
3.269,-0.9102279918,2071.05
3.2692,-0.9041111697,2071.14
3.2694,-0.9582478738,2071.23
3.2696,-1.004018398,2071.32
3.2698,-1.018258054,2071.41
3.27,-1.121600199,2071.5
3.2702,-1.071868632,2071.59
3.2704,-1.118777444,2071.68
3.2706,-1.181749236,2071.77
3.2708,-1.228339592,2071.86
3.271,-1.230085704,2071.95
3.2712,-1.237679658,2072.04
3.2714,-1.228895674,2072.13
3.2716,-1.270927449,2072.22
3.2718,-1.232344662,2072.31
3.272,-1.279436553,2072.4
3.2722,-1.282189798,2072.49
3.2724,-1.316356225,2072.58
3.2726,-1.258166331,2072.67
3.2728,-1.195722919,2072.76
3.273,-1.226722559,2072.85
3.2732,-1.133049457,2072.94
3.2734,-1.030134983,2073.03
3.2736,-0.9829666623,2073.12
3.2738,-0.9453316808,2073.21
3.274,-0.886918132,2073.3
3.2742,-0.8672620501,2073.39
3.2744,-0.7398682123,2073.48
3.2746,-0.6700524336,2073.57
3.2748,-0.5190163034,2073.66
3.275,-0.4738554664,2073.75
3.2752,-0.3579176204,2073.84
3.2754,-0.2909259412,2073.93
3.2756,-0.1178265216,2074.02
3.2758,0.01588025316,2074.11
3.276,0.1356595577,2074.2
3.2762,0.148388715,2074.29
3.2764,0.3324135747,2074.38
3.2766,0.4257005167,2074.47
3.2768,0.5271041304,2074.56
3.277,0.6099358854,2074.65
3.2772,0.7365810645,2074.74
3.2774,0.7988425887,2074.83
3.2776,0.9235801405,2074.92
3.2778,0.9644503721,2075.01
3.278,1.036985323,2075.1
3.2782,1.05841755,2075.19
3.2784,1.188714104,2075.28
3.2786,1.186883878,2075.37
3.2788,1.2373531,2075.46
3.279,1.206485443,2075.55
3.2792,1.337070642,2075.64
3.2794,1.310331842,2075.73
3.2796,1.320844297,2075.82
3.2798,1.343041522,2075.91
3.28,1.330865583,2076
3.2802,1.28388373,2076.09
3.2804,1.264797975,2076.18
3.2806,1.260977567,2076.27
3.2808,1.140779671,2076.36
3.281,1.219511117,2076.45
3.2812,1.17252611,2076.54
3.2814,1.128912012,2076.63
3.2816,1.059745,2076.72
3.2818,1.222177517,2076.81
3.282,0.9512112205,2076.9
3.2822,0.9846570866,2076.99
3.2824,0.8790794288,2077.08
3.2826,0.9320421364,2077.17
3.2828,0.8531833567,2077.26
3.283,0.7760417324,2077.35
3.2832,0.8036141753,2077.44
3.2834,0.7232217549,2077.53
3.2836,0.6606862599,2077.62
3.2838,0.6478566851,2077.71
3.284,0.6333833694,2077.8
3.2842,0.5413383919,2077.89
3.2844,0.5803408398,2077.98
3.2846,0.5340105017,2078.07
3.2848,0.5057605124,2078.16
3.285,0.4802023685,2078.25
3.2852,0.4580919334,2078.34
3.2854,0.5028402775,2078.43
3.2856,0.4255803388,2078.52
3.2858,0.4549302953,2078.61
3.286,0.4642809308,2078.7
3.2862,0.3707605456,2078.79
3.2864,0.4668651573,2078.88
3.2866,0.3930894165,2078.97
3.2868,0.3660886956,2079.06
3.287,0.3573428436,2079.15
3.2872,0.2932852565,2079.24
3.2874,0.3313365511,2079.33
3.2876,0.3798759196,2079.42
3.2878,0.3345763978,2079.51
3.288,0.3642983975,2079.6
3.2882,0.2978554707,2079.69
3.2884,0.199336012,2079.78
3.2886,0.2605845307,2079.87
3.2888,0.1038110781,2079.96
3.289,0.167778914,2080.05
3.2892,0.1823461037,2080.14
3.2894,0.1004241929,2080.23
3.2896,0.1070659118,2080.32
3.2898,0.06792417074,2080.41
3.29,0.03874450495,2080.5
3.2902,0.03524711169,2080.59
3.2904,-0.0391461656,2080.68
3.2906,-0.07884458321,2080.77
3.2908,-0.09997485894,2080.86
3.291,-0.0675641708,2080.95
3.2912,-0.1630484715,2081.04
3.2914,-0.1690495049,2081.13
3.2916,-0.2530311105,2081.22
3.2918,-0.2461183,2081.31
3.292,-0.2589684414,2081.4
3.2922,-0.307466839,2081.49
3.2924,-0.251120799,2081.58
3.2926,-0.1943186815,2081.67
3.2928,-0.300725763,2081.76
3.293,-0.4097014967,2081.85
3.2932,-0.3819651022,2081.94
3.2934,-0.4132950164,2082.03
3.2936,-0.3696507971,2082.12
3.2938,-0.406863244,2082.21
3.294,-0.4340141761,2082.3
3.2942,-0.461125231,2082.39
3.2944,-0.5268954313,2082.48
3.2946,-0.4660494135,2082.57
3.2948,-0.4742468379,2082.66
3.295,-0.5148082415,2082.75
3.2952,-0.4845779227,2082.84
3.2954,-0.567008679,2082.93
3.2956,-0.4663194027,2083.02
3.2958,-0.5204279408,2083.11
3.296,-0.5053999071,2083.2
3.2962,-0.6294778092,2083.29
3.2964,-0.6353272016,2083.38
3.2966,-0.6306011194,2083.47
3.2968,-0.6269033592,2083.56
3.297,-0.7235347088,2083.65
3.2972,-0.7525116379,2083.74
3.2974,-0.796536313,2083.83
3.2976,-0.8566902149,2083.92
3.2978,-0.8234924068,2084.01
3.298,-0.934606218,2084.1
3.2982,-0.9292923384,2084.19
3.2984,-1.018794489,2084.28
3.2986,-0.9947846075,2084.37
3.2988,-1.153538149,2084.46
3.299,-1.125675044,2084.55
3.2992,-1.123786174,2084.64
3.2994,-1.15436814,2084.73
3.2996,-1.267921275,2084.82
3.2998,-1.288095699,2084.91
3.3,-1.26952022,2085
3.3002,-1.361012422,2085.09
3.3004,-1.296374873,2085.18
3.3006,-1.38957235,2085.27
3.3008,-1.346751267,2085.36
3.301,-1.36243767,2085.45
3.3012,-1.378864292,2085.54
3.3014,-1.310372623,2085.63
3.3016,-1.223624612,2085.72
3.3018,-1.201141084,2085.81
3.302,-1.177181079,2085.9
3.3022,-1.065949703,2085.99
3.3024,-1.020649644,2086.08
3.3026,-0.9919832606,2086.17
3.3028,-0.8886813731,2086.26
3.303,-0.8411658046,2086.35
3.3032,-0.7424892419,2086.44
3.3034,-0.6056797167,2086.53
3.3036,-0.5297422301,2086.62
3.3038,-0.4765170054,2086.71
3.304,-0.3556695131,2086.8
3.3042,-0.2205137621,2086.89
3.3044,-0.09130075984,2086.98
3.3046,0.03612631494,2087.07
3.3048,0.07790836622,2087.16
3.305,0.1638670304,2087.25
3.3052,0.3022393234,2087.34
3.3054,0.4179901879,2087.43
3.3056,0.5024452554,2087.52
3.3058,0.5805792359,2087.61
3.306,0.6482696397,2087.7
3.3062,0.7672860479,2087.79
3.3064,0.812781577,2087.88
3.3066,0.9389654048,2087.97
3.3068,1.052751347,2088.06
3.307,1.075443824,2088.15
3.3072,1.077546791,2088.24
3.3074,1.188839,2088.33
3.3076,1.250107025,2088.42
3.3078,1.234004702,2088.51
3.308,1.275322711,2088.6
3.3082,1.301639903,2088.69
3.3084,1.327281046,2088.78
3.3086,1.301595674,2088.87
3.3088,1.304734953,2088.96
3.309,1.276968123,2089.05
3.3092,1.267611743,2089.14
3.3094,1.294070497,2089.23
3.3096,1.320575163,2089.32
3.3098,1.20996121,2089.41
3.31,1.195059255,2089.5
3.3102,1.146855936,2089.59
3.3104,1.121217119,2089.68
3.3106,1.08971058,2089.77
3.3108,1.019562478,2089.86
3.311,0.9240971516,2089.95
3.3112,0.9256513697,2090.04
3.3114,0.8643339577,2090.13
3.3116,0.789319834,2090.22
3.3118,0.8315688083,2090.31
3.312,0.791375765,2090.4
3.3122,0.7291913679,2090.49
3.3124,0.6899797183,2090.58
3.3126,0.6479532547,2090.67
3.3128,0.6044932551,2090.76
3.313,0.618217216,2090.85
3.3132,0.6002101439,2090.94
3.3134,0.5480770597,2091.03
3.3136,0.4829153505,2091.12
3.3138,0.5118330183,2091.21
3.314,0.4592274578,2091.3
3.3142,0.4477311259,2091.39
3.3144,0.4267334542,2091.48
3.3146,0.4920916787,2091.57
3.3148,0.3669292967,2091.66
3.315,0.4306411339,2091.75
3.3152,0.4438634597,2091.84
3.3154,0.4084602542,2091.93
3.3156,0.3646547147,2092.02
3.3158,0.3552983791,2092.11
3.316,0.3851249466,2092.2
3.3162,0.3025025221,2092.29
3.3164,0.3355687635,2092.38
3.3166,0.271286844,2092.47
3.3168,0.3348913863,2092.56
3.317,0.2748816415,2092.65
3.3172,0.2492368382,2092.74
3.3174,0.2263410212,2092.83
3.3176,0.178205078,2092.92
3.3178,0.2064150083,2093.01
3.318,0.1284876078,2093.1
3.3182,0.1374729932,2093.19
3.3184,0.04216184229,2093.28
3.3186,-0.004849622923,2093.37
3.3188,0.006304233118,2093.46
3.319,0.02705222375,2093.55
3.3192,-0.0428881932,2093.64
3.3194,0.01617499885,2093.73
3.3196,-0.1309523406,2093.82
3.3198,-0.1560060363,2093.91
3.32,-0.1409429772,2094
3.3202,-0.2160015436,2094.09
3.3204,-0.1497414175,2094.18
3.3206,-0.2036484935,2094.27
3.3208,-0.3224809946,2094.36
3.321,-0.2982949447,2094.45
3.3212,-0.3060151093,2094.54
3.3214,-0.3318066196,2094.63
3.3216,-0.271210155,2094.72
3.3218,-0.3367414326,2094.81
3.322,-0.3712910519,2094.9
3.3222,-0.4003043885,2094.99
3.3224,-0.4225396781,2095.08
3.3226,-0.4121667531,2095.17
3.3228,-0.4985889754,2095.26
3.323,-0.4047838992,2095.35
3.3232,-0.4189109507,2095.44
3.3234,-0.4110607127,2095.53
3.3236,-0.4694291633,2095.62
3.3238,-0.4263707329,2095.71
3.324,-0.4919194938,2095.8
3.3242,-0.5521408968,2095.89
3.3244,-0.5332994461,2095.98
3.3246,-0.5498319184,2096.07
3.3248,-0.5737474398,2096.16
3.325,-0.546368238,2096.25
3.3252,-0.5878949702,2096.34
3.3254,-0.6494722683,2096.43
3.3256,-0.685057146,2096.52
3.3258,-0.7240636668,2096.61
3.326,-0.7732695931,2096.7
3.3262,-0.8681201366,2096.79
3.3264,-0.8777248376,2096.88
3.3266,-0.9126110213,2096.97
3.3268,-0.9309442316,2097.06
3.327,-0.9845367466,2097.15
3.3272,-1.016969648,2097.24
3.3274,-1.084295935,2097.33
3.3276,-1.092366832,2097.42
3.3278,-1.147370667,2097.51
3.328,-1.12121385,2097.6
3.3282,-1.258110029,2097.69
3.3284,-1.2768351,2097.78
3.3286,-1.314268304,2097.87
3.3288,-1.307742655,2097.96
3.329,-1.255120165,2098.05
3.3292,-1.291375053,2098.14
3.3294,-1.251855724,2098.23
3.3296,-1.223827204,2098.32
3.3298,-1.302871556,2098.41
3.33,-1.294466683,2098.5
3.3302,-1.307739375,2098.59
3.3304,-1.238705553,2098.68
3.3306,-1.152772459,2098.77
3.3308,-1.113383879,2098.86
3.331,-1.055974042,2098.95
3.3312,-1.007373393,2099.04
3.3314,-0.948279468,2099.13
3.3316,-0.9071951612,2099.22
3.3318,-0.7806504166,2099.31
3.332,-0.6686861863,2099.4
3.3322,-0.5526746063,2099.49
3.3324,-0.5342651764,2099.58
3.3326,-0.4674297876,2099.67
3.3328,-0.3091106051,2099.76
3.333,-0.1700066637,2099.85
3.3332,-0.08016594254,2099.94
3.3334,0.05952405532,2100.03
3.3336,0.1240385538,2100.12
3.3338,0.2864015905,2100.21
3.334,0.3755089831,2100.3
3.3342,0.458904781,2100.39
3.3344,0.5812404064,2100.48
3.3346,0.6057450667,2100.57
3.3348,0.726986447,2100.66
3.335,0.8436248828,2100.75
3.3352,0.953342789,2100.84
3.3354,1.002238614,2100.93
3.3356,1.053252023,2101.02
3.3358,1.131687079,2101.11
3.336,1.150042437,2101.2
3.3362,1.216789971,2101.29
3.3364,1.309092225,2101.38
3.3366,1.288186353,2101.47
3.3368,1.309965121,2101.56
3.337,1.291365892,2101.65
3.3372,1.356050576,2101.74
3.3374,1.271558955,2101.83
3.3376,1.342216629,2101.92
3.3378,1.234148636,2102.01
3.338,1.283847516,2102.1
3.3382,1.235134818,2102.19
3.3384,1.242498341,2102.28
3.3386,1.195157363,2102.37
3.3388,1.156199009,2102.46
3.339,1.127280796,2102.55
3.3392,1.08233633,2102.64
3.3394,0.9546619044,2102.73
3.3396,1.018711428,2102.82
3.3398,0.9363580036,2102.91
3.34,0.8609892686,2103
3.3402,0.9372523501,2103.09
3.3404,0.8464250827,2103.18
3.3406,0.7374749039,2103.27
3.3408,0.747132596,2103.36
3.341,0.6729898058,2103.45
3.3412,0.6417279242,2103.54
3.3414,0.6564296789,2103.63
3.3416,0.6058467866,2103.72
3.3418,0.6232463641,2103.81
3.342,0.5801693966,2103.9
3.3422,0.5399893859,2103.99
3.3424,0.5055213552,2104.08
3.3426,0.4512548568,2104.17
3.3428,0.388126909,2104.26
3.343,0.4635455881,2104.35
3.3432,0.4337988392,2104.44
3.3434,0.3753540808,2104.53
3.3436,0.3760762478,2104.62
3.3438,0.4587491392,2104.71
3.344,0.4058729195,2104.8
3.3442,0.3537845796,2104.89
3.3444,0.3857395646,2104.98
3.3446,0.4218121158,2105.07
3.3448,0.360096669,2105.16
3.345,0.3395259847,2105.25
3.3452,0.3604329402,2105.34
3.3454,0.3344576221,2105.43
3.3456,0.2295462658,2105.52
3.3458,0.2730030459,2105.61
3.346,0.1829327659,2105.7
3.3462,0.2224049143,2105.79
3.3464,0.1761929406,2105.88
3.3466,0.1276445957,2105.97
3.3468,0.1178445645,2106.06
3.347,0.06043684622,2106.15
3.3472,0.09842534772,2106.24
3.3474,0.02316191025,2106.33
3.3476,-0.0287059361,2106.42
3.3478,-0.06137174788,2106.51
3.348,-0.1010918205,2106.6
3.3482,-0.1238942842,2106.69
3.3484,-0.0667134095,2106.78
3.3486,-0.1206325846,2106.87
3.3488,-0.1682108164,2106.96
3.349,-0.2142440603,2107.05
3.3492,-0.2917266895,2107.14
3.3494,-0.2805784559,2107.23
3.3496,-0.3081346672,2107.32
3.3498,-0.2955672334,2107.41
3.35,-0.3768297536,2107.5
3.3502,-0.387416283,2107.59
3.3504,-0.3268155236,2107.68
3.3506,-0.3942721237,2107.77
3.3508,-0.3476382136,2107.86
3.351,-0.3697880164,2107.95
3.3512,-0.3634519678,2108.04
3.3514,-0.3773767282,2108.13
3.3516,-0.4642902291,2108.22
3.3518,-0.4854794271,2108.31
3.352,-0.4073704659,2108.4
3.3522,-0.386416499,2108.49
3.3524,-0.5264382204,2108.58
3.3526,-0.5348023195,2108.67
3.3528,-0.4680113745,2108.76
3.353,-0.5256989946,2108.85
3.3532,-0.5071504555,2108.94
3.3534,-0.5374926824,2109.03
3.3536,-0.6115511012,2109.12
3.3538,-0.7136382117,2109.21
3.354,-0.7127519799,2109.3
3.3542,-0.6992797688,2109.39
3.3544,-0.6494703001,2109.48
3.3546,-0.7158421126,2109.57
3.3548,-0.8851331414,2109.66
3.355,-0.8642998642,2109.75
3.3552,-0.7991072463,2109.84
3.3554,-1.002691825,2109.93
3.3556,-1.111135936,2110.02
3.3558,-1.102751495,2110.11
3.356,-1.054266799,2110.2
3.3562,-1.174233077,2110.29
3.3564,-1.199089556,2110.38
3.3566,-1.113851774,2110.47
3.3568,-1.203428337,2110.56
3.357,-1.260372481,2110.65
3.3572,-1.341743016,2110.74
3.3574,-1.295202353,2110.83
3.3576,-1.290877238,2110.92
3.3578,-1.346882649,2111.01
3.358,-1.287061356,2111.1
3.3582,-1.306742503,2111.19
3.3584,-1.378935519,2111.28
3.3586,-1.295020201,2111.37
3.3588,-1.271197995,2111.46
3.359,-1.160432456,2111.55
3.3592,-1.206050589,2111.64
3.3594,-1.179681747,2111.73
3.3596,-1.065246679,2111.82
3.3598,-0.9567426108,2111.91
3.36,-0.9123593126,2112
3.3602,-0.7789123415,2112.09
3.3604,-0.7977663047,2112.18
3.3606,-0.565866255,2112.27
3.3608,-0.5409114472,2112.36
3.361,-0.3782486702,2112.45
3.3612,-0.3170623695,2112.54
3.3614,-0.2452250948,2112.63
3.3616,-0.1371518076,2112.72
3.3618,0.03121021923,2112.81
3.362,0.1650849832,2112.9
3.3622,0.283054052,2112.99
3.3624,0.3110539777,2113.08
3.3626,0.4011462672,2113.17
3.3628,0.5144656199,2113.26
3.363,0.652254082,2113.35
3.3632,0.7208566891,2113.44
3.3634,0.7850019783,2113.53
3.3636,0.9137264546,2113.62
3.3638,0.9988198862,2113.71
3.364,0.9951467717,2113.8
3.3642,1.130840196,2113.89
3.3644,1.113459525,2113.98
3.3646,1.207098927,2114.07
3.3648,1.231133867,2114.16
3.365,1.317212589,2114.25
3.3652,1.316075715,2114.34
3.3654,1.269649326,2114.43
3.3656,1.2666795,2114.52
3.3658,1.351530861,2114.61
3.366,1.312533363,2114.7
3.3662,1.29290255,2114.79
3.3664,1.255476262,2114.88
3.3666,1.250955383,2114.97
3.3668,1.23709115,2115.06
3.367,1.208226056,2115.15
3.3672,1.114006079,2115.24
3.3674,1.09281949,2115.33
3.3676,1.021715101,2115.42
3.3678,1.017761504,2115.51
3.368,1.008438041,2115.6
3.3682,0.9698357277,2115.69
3.3684,0.9287967432,2115.78
3.3686,0.8568018389,2115.87
3.3688,0.7648509045,2115.96
3.369,0.755118582,2116.05
3.3692,0.7858381504,2116.14
3.3694,0.7060717424,2116.23
3.3696,0.7266745623,2116.32
3.3698,0.6575533717,2116.41
3.37,0.597680655,2116.5
3.3702,0.5932792956,2116.59
3.3704,0.5804473876,2116.68
3.3706,0.5318405088,2116.77
3.3708,0.4612865574,2116.86
3.371,0.5309388995,2116.95
3.3712,0.5091932698,2117.04
3.3714,0.4942032171,2117.13
3.3716,0.4707621552,2117.22
3.3718,0.4250226952,2117.31
3.372,0.3930516254,2117.4
3.3722,0.3882935361,2117.49
3.3724,0.448576483,2117.58
3.3726,0.3661748107,2117.67
3.3728,0.38434652,2117.76
3.373,0.2945673848,2117.85
3.3732,0.2867778342,2117.94
3.3734,0.3860135811,2118.03
3.3736,0.2465471017,2118.12
3.3738,0.3083498484,2118.21
3.374,0.2985800209,2118.3
3.3742,0.2509342267,2118.39
3.3744,0.1790770214,2118.48
3.3746,0.1720833292,2118.57
3.3748,0.1099492721,2118.66
3.375,0.1995488596,2118.75
3.3752,0.1207970412,2118.84
3.3754,0.02850674396,2118.93
3.3756,0.006230063476,2119.02
3.3758,0.1446366903,2119.11
3.376,0.03791351153,2119.2
3.3762,0.01969687486,2119.29
3.3764,0.01293987009,2119.38
3.3766,-0.05714775565,2119.47
3.3768,-0.1061134811,2119.56
3.377,-0.1693996212,2119.65
3.3772,-0.1859403902,2119.74
3.3774,-0.2592939296,2119.83
3.3776,-0.2094769151,2119.92
3.3778,-0.1943258806,2120.01
3.378,-0.2836106769,2120.1
3.3782,-0.2839937865,2120.19
3.3784,-0.3134632668,2120.28
3.3786,-0.3274999938,2120.37
3.3788,-0.3292355719,2120.46
3.379,-0.3997291908,2120.55
3.3792,-0.3421883188,2120.64
3.3794,-0.3362210984,2120.73
3.3796,-0.408685509,2120.82
3.3798,-0.4083268815,2120.91
3.38,-0.439047887,2121
3.3802,-0.3900633778,2121.09
3.3804,-0.4398885912,2121.18
3.3806,-0.4435924516,2121.27
3.3808,-0.4700357529,2121.36
3.381,-0.6015646467,2121.45
3.3812,-0.5073630502,2121.54
3.3814,-0.4979451064,2121.63
3.3816,-0.5822721918,2121.72
3.3818,-0.5954646403,2121.81
3.382,-0.6887309456,2121.9
3.3822,-0.6590267044,2121.99
3.3824,-0.6858208536,2122.08
3.3826,-0.7170805541,2122.17
3.3828,-0.6975763815,2122.26
3.383,-0.7981993286,2122.35
3.3832,-0.8048276954,2122.44
3.3834,-0.8428557135,2122.53
3.3836,-0.8883466444,2122.62
3.3838,-0.918212977,2122.71
3.384,-0.9382098664,2122.8
3.3842,-1.026314664,2122.89
3.3844,-1.095454326,2122.98
3.3846,-1.147179801,2123.07
3.3848,-1.14231436,2123.16
3.385,-1.178525372,2123.25
3.3852,-1.254889254,2123.34
3.3854,-1.184251285,2123.43
3.3856,-1.261374534,2123.52
3.3858,-1.290999702,2123.61
3.386,-1.269350003,2123.7
3.3862,-1.281221387,2123.79
3.3864,-1.360099625,2123.88
3.3866,-1.299467719,2123.97
3.3868,-1.26851408,2124.06
3.387,-1.266753107,2124.15
3.3872,-1.272329163,2124.24
3.3874,-1.149749635,2124.33
3.3876,-1.142172431,2124.42
3.3878,-1.098984573,2124.51
3.388,-1.024319801,2124.6
3.3882,-0.9082516473,2124.69
3.3884,-0.8365974869,2124.78
3.3886,-0.7763224432,2124.87
3.3888,-0.7285973202,2124.96
3.389,-0.588734582,2125.05
3.3892,-0.4625852288,2125.14
3.3894,-0.3580622229,2125.23
3.3896,-0.2776590312,2125.32
3.3898,-0.2141950834,2125.41
3.39,-0.07812395283,2125.5
3.3902,0.01501159641,2125.59
3.3904,0.1699940235,2125.68
3.3906,0.2594050157,2125.77
3.3908,0.3444431132,2125.86
3.391,0.3967338634,2125.95
3.3912,0.5868311326,2126.04
3.3914,0.7386113956,2126.13
3.3916,0.7634915492,2126.22
3.3918,0.7816069259,2126.31
3.392,0.9569513498,2126.4
3.3922,0.995550226,2126.49
3.3924,1.042825436,2126.58
3.3926,1.189274855,2126.67
3.3928,1.195851093,2126.76
3.393,1.166076845,2126.85
3.3932,1.255729652,2126.94
3.3934,1.271216685,2127.03
3.3936,1.332512234,2127.12
3.3938,1.209185236,2127.21
3.394,1.273153997,2127.3
3.3942,1.248124297,2127.39
3.3944,1.321926727,2127.48
3.3946,1.264290443,2127.57
3.3948,1.205559138,2127.66
3.395,1.211151974,2127.75
3.3952,1.290667079,2127.84
3.3954,1.143043453,2127.93
3.3956,1.208260045,2128.02
3.3958,1.161079614,2128.11
3.396,1.081826502,2128.2
3.3962,1.011911133,2128.29
3.3964,0.9674920831,2128.38
3.3966,0.8984598715,2128.47
3.3968,0.8096358459,2128.56
3.397,0.9311855686,2128.65
3.3972,0.7850722252,2128.74
3.3974,0.7552325917,2128.83
3.3976,0.7441248069,2128.92
3.3978,0.6598837076,2129.01
3.398,0.7088142733,2129.1
3.3982,0.6004173514,2129.19
3.3984,0.6122974051,2129.28
3.3986,0.5925811611,2129.37
3.3988,0.5373806812,2129.46
3.399,0.4966742208,2129.55
3.3992,0.5111347851,2129.64
3.3994,0.3697200894,2129.73
3.3996,0.4562735077,2129.82
3.3998,0.4505509815,2129.91
3.4,0.4762881597,2130
3.4002,0.4541104855,2130.09
3.4004,0.4120816176,2130.18
3.4006,0.3042996698,2130.27
3.4008,0.3627219355,2130.36
3.401,0.3037743801,2130.45
3.4012,0.2933685726,2130.54
3.4014,0.3435242222,2130.63
3.4016,0.2813259578,2130.72
3.4018,0.2898520833,2130.81
3.402,0.3206776494,2130.9
3.4022,0.2482068818,2130.99
3.4024,0.2978104257,2131.08
3.4026,0.2782946515,2131.17
3.4028,0.2096785993,2131.26
3.403,0.1925546962,2131.35
3.4032,0.2066962907,2131.44
3.4034,0.06283992385,2131.53
3.4036,0.1789380039,2131.62
3.4038,0.1017319066,2131.71
3.404,0.111761276,2131.8
3.4042,0.0952404696,2131.89
3.4044,0.006375729491,2131.98
3.4046,-0.07827377418,2132.07
3.4048,-0.1166563268,2132.16
3.405,-0.1248650352,2132.25
3.4052,-0.2425154892,2132.34
3.4054,-0.1412508162,2132.43
3.4056,-0.2308447113,2132.52
3.4058,-0.2042365206,2132.61
3.406,-0.2896487089,2132.7
3.4062,-0.2920170108,2132.79
3.4064,-0.4039994436,2132.88
3.4066,-0.2755502697,2132.97
3.4068,-0.3081884664,2133.06
3.407,-0.3109753186,2133.15
3.4072,-0.3910949555,2133.24
3.4074,-0.3182426817,2133.33
3.4076,-0.3993856167,2133.42
3.4078,-0.3904215965,2133.51
3.408,-0.4052521102,2133.6
3.4082,-0.4851309923,2133.69
3.4084,-0.4172336913,2133.78
3.4086,-0.5230195521,2133.87
3.4088,-0.3934899662,2133.96
3.409,-0.4506590401,2134.05
3.4092,-0.5456387032,2134.14
3.4094,-0.4822627783,2134.23
3.4096,-0.5674528216,2134.32
3.4098,-0.5531795202,2134.41
3.41,-0.5734188378,2134.5
3.4102,-0.6331463487,2134.59
3.4104,-0.6460679027,2134.68
3.4106,-0.7352652856,2134.77
3.4108,-0.6826229182,2134.86
3.411,-0.7456646493,2134.95
3.4112,-0.8059452185,2135.04
3.4114,-0.8336669753,2135.13
3.4116,-0.8746289434,2135.22
3.4118,-0.9555349091,2135.31
3.412,-0.8812188711,2135.4
3.4122,-1.012426698,2135.49
3.4124,-1.030246612,2135.58
3.4126,-1.038079949,2135.67
3.4128,-1.081650306,2135.76
3.413,-1.191922706,2135.85
3.4132,-1.270652633,2135.94
3.4134,-1.213664492,2136.03
3.4136,-1.277280198,2136.12
3.4138,-1.277512053,2136.21
3.414,-1.350306213,2136.3
3.4142,-1.29801839,2136.39
3.4144,-1.379213479,2136.48
3.4146,-1.360571905,2136.57
3.4148,-1.295880421,2136.66
3.415,-1.276386787,2136.75
3.4152,-1.259499652,2136.84
3.4154,-1.207895625,2136.93
3.4156,-1.198569146,2137.02
3.4158,-1.137996608,2137.11
3.416,-0.9692671628,2137.2
3.4162,-1.065359968,2137.29
3.4164,-0.9218129979,2137.38
3.4166,-0.7989542091,2137.47
3.4168,-0.7977649045,2137.56
3.417,-0.690620611,2137.65
3.4172,-0.5774666698,2137.74
3.4174,-0.4666520894,2137.83
3.4176,-0.324499684,2137.92
3.4178,-0.3025183434,2138.01
3.418,-0.1306827069,2138.1
3.4182,-0.01822252424,2138.19
3.4184,0.02829147261,2138.28
3.4186,0.1080968141,2138.37
3.4188,0.3174355969,2138.46
3.419,0.4109544602,2138.55
3.4192,0.5126054286,2138.64
3.4194,0.6673211816,2138.73
3.4196,0.6931478996,2138.82
3.4198,0.8137169812,2138.91
3.42,0.8111822349,2139
3.4202,0.9382662897,2139.09
3.4204,0.9758560713,2139.18
3.4206,0.9847885246,2139.27
3.4208,1.127607432,2139.36
3.421,1.188568265,2139.45
3.4212,1.286121354,2139.54
3.4214,1.22773148,2139.63
3.4216,1.340072648,2139.72
3.4218,1.287494403,2139.81
3.422,1.31506391,2139.9
3.4222,1.325238328,2139.99
3.4224,1.312634124,2140.08
3.4226,1.247612259,2140.17
3.4228,1.301074094,2140.26
3.423,1.24354207,2140.35
3.4232,1.21754363,2140.44
3.4234,1.169559013,2140.53
3.4236,1.153171928,2140.62
3.4238,1.087282219,2140.71
3.424,1.1405359,2140.8
3.4242,1.089342822,2140.89
3.4244,0.9890169987,2140.98
3.4246,0.9165936453,2141.07
3.4248,0.8830739736,2141.16
3.425,0.774676152,2141.25
3.4252,0.8239718524,2141.34
3.4254,0.8284410227,2141.43
3.4256,0.6506302671,2141.52
3.4258,0.6765601202,2141.61
3.426,0.6555655732,2141.7
3.4262,0.6578389224,2141.79
3.4264,0.5623700457,2141.88
3.4266,0.5977414269,2141.97
3.4268,0.5848524297,2142.06
3.427,0.4986829551,2142.15
3.4272,0.4595736737,2142.24
3.4274,0.4493273224,2142.33
3.4276,0.4789327906,2142.42
3.4278,0.526424377,2142.51
3.428,0.427917764,2142.6
3.4282,0.4355264655,2142.69
3.4284,0.398381929,2142.78
3.4286,0.3202270452,2142.87
3.4288,0.4136585176,2142.96
3.429,0.3381151424,2143.05
3.4292,0.3643950764,2143.14
3.4294,0.4244495719,2143.23
3.4296,0.2886987883,2143.32
3.4298,0.3193403904,2143.41
3.43,0.2637864146,2143.5
3.4302,0.1910976985,2143.59
3.4304,0.1838680221,2143.68
3.4306,0.2512980955,2143.77
3.4308,0.1974743497,2143.86
3.431,0.1689021921,2143.95
3.4312,0.1951719275,2144.04
3.4314,0.1385954616,2144.13
3.4316,0.1260611591,2144.22
3.4318,0.1195602971,2144.31
3.432,0.1258620131,2144.4
3.4322,0.02237898535,2144.49
3.4324,-0.0232546032,2144.58
3.4326,-0.09516426787,2144.67
3.4328,-0.1157955599,2144.76
3.433,-0.1403951053,2144.85
3.4332,-0.1114470852,2144.94
3.4334,-0.2014150573,2145.03
3.4336,-0.1870180246,2145.12
3.4338,-0.1631228895,2145.21
3.434,-0.2698419901,2145.3
3.4342,-0.282084791,2145.39
3.4344,-0.308157293,2145.48
3.4346,-0.3306841152,2145.57
3.4348,-0.2655834414,2145.66
3.435,-0.3301800005,2145.75
3.4352,-0.3802569917,2145.84
3.4354,-0.3608414939,2145.93
3.4356,-0.3534751013,2146.02
3.4358,-0.3758240548,2146.11
3.436,-0.3891930724,2146.2
3.4362,-0.4714616343,2146.29
3.4364,-0.4256302129,2146.38
3.4366,-0.4677626138,2146.47
3.4368,-0.4737540646,2146.56
3.437,-0.4413550716,2146.65
3.4372,-0.4867066077,2146.74
3.4374,-0.5135736798,2146.83
3.4376,-0.5773511459,2146.92
3.4378,-0.470497142,2147.01
3.438,-0.6206136459,2147.1
3.4382,-0.6345296965,2147.19
3.4384,-0.5847758029,2147.28
3.4386,-0.6099621086,2147.37
3.4388,-0.6672225257,2147.46
3.439,-0.6799725392,2147.55
3.4392,-0.8475910349,2147.64
3.4394,-0.8998157304,2147.73
3.4396,-0.9292581418,2147.82
3.4398,-0.8586494897,2147.91
3.44,-0.89581651,2148
3.4402,-1.014343611,2148.09
3.4404,-1.038245312,2148.18
3.4406,-1.093540329,2148.27
3.4408,-1.141232216,2148.36
3.441,-1.198939784,2148.45
3.4412,-1.227173314,2148.54
3.4414,-1.193470954,2148.63
3.4416,-1.235004976,2148.72
3.4418,-1.282122762,2148.81
3.442,-1.234226261,2148.9
3.4422,-1.280805586,2148.99
3.4424,-1.267428757,2149.08
3.4426,-1.260444051,2149.17
3.4428,-1.408551064,2149.26
3.443,-1.279524937,2149.35
3.4432,-1.223330465,2149.44
3.4434,-1.248017924,2149.53
3.4436,-1.228120586,2149.62
3.4438,-1.182815566,2149.71
3.444,-1.039298539,2149.8
3.4442,-1.03891256,2149.89
3.4444,-0.8752161812,2149.98
3.4446,-0.8254236335,2150.07
3.4448,-0.7147637679,2150.16
3.445,-0.6479306974,2150.25
3.4452,-0.6698417754,2150.34
3.4454,-0.4663995015,2150.43
3.4456,-0.3478130583,2150.52
3.4458,-0.2133404844,2150.61
3.446,-0.14237119,2150.7
3.4462,-0.03995915634,2150.79
3.4464,0.1700799143,2150.88
3.4466,0.2097843444,2150.97
3.4468,0.3326621322,2151.06
3.447,0.4042278644,2151.15
3.4472,0.5474760085,2151.24
3.4474,0.6068195837,2151.33
3.4476,0.720386148,2151.42
3.4478,0.7758388687,2151.51
3.448,0.8414741136,2151.6
3.4482,0.9714399385,2151.69
3.4484,1.004127722,2151.78
3.4486,1.072615708,2151.87
3.4488,1.162210539,2151.96
3.449,1.17260948,2152.05
3.4492,1.244092817,2152.14
3.4494,1.271331676,2152.23
3.4496,1.167435693,2152.32
3.4498,1.332951724,2152.41
3.45,1.300293612,2152.5
3.4502,1.296798985,2152.59
3.4504,1.29421898,2152.68
3.4506,1.296186953,2152.77
3.4508,1.279252286,2152.86
3.451,1.293186775,2152.95
3.4512,1.204714126,2153.04
3.4514,1.162598136,2153.13
3.4516,1.11653241,2153.22
3.4518,1.127840647,2153.31
3.452,1.021539878,2153.4
3.4522,1.006505683,2153.49
3.4524,1.016692884,2153.58
3.4526,0.8995530863,2153.67
3.4528,0.8574365192,2153.76
3.453,0.8295589123,2153.85
3.4532,0.8235219712,2153.94
3.4534,0.7463544117,2154.03
3.4536,0.7156759144,2154.12
3.4538,0.7361093294,2154.21
3.454,0.6760190548,2154.3
3.4542,0.5814033125,2154.39
3.4544,0.6192552631,2154.48
3.4546,0.604163382,2154.57
3.4548,0.5967869737,2154.66
3.455,0.531024135,2154.75
3.4552,0.49941073,2154.84
3.4554,0.4500802477,2154.93
3.4556,0.5414057567,2155.02
3.4558,0.432973565,2155.11
3.456,0.4242656206,2155.2
3.4562,0.4410696481,2155.29
3.4564,0.4133402121,2155.38
3.4566,0.3331263942,2155.47
3.4568,0.3077879999,2155.56
3.457,0.3270930788,2155.65
3.4572,0.2970528389,2155.74
3.4574,0.3923827097,2155.83
3.4576,0.3484869642,2155.92
3.4578,0.3142362704,2156.01
3.458,0.2621755069,2156.1
3.4582,0.2974183726,2156.19
3.4584,0.2712497998,2156.28
3.4586,0.205573647,2156.37
3.4588,0.1580746057,2156.46
3.459,0.1582623645,2156.55
3.4592,0.1248919658,2156.64
3.4594,0.08256239367,2156.73
3.4596,0.1026908482,2156.82
3.4598,0.1156754273,2156.91
3.46,-0.001849565251,2157
3.4602,-0.03001448037,2157.09
3.4604,0.01061518723,2157.18
3.4606,-0.1149606708,2157.27
3.4608,-0.1017912899,2157.36
3.461,-0.1213259608,2157.45
3.4612,-0.09731112766,2157.54
3.4614,-0.1968108008,2157.63
3.4616,-0.2546775826,2157.72
3.4618,-0.216314945,2157.81
3.462,-0.2331864984,2157.9
3.4622,-0.2716890602,2157.99
3.4624,-0.3249334407,2158.08
3.4626,-0.3606803227,2158.17
3.4628,-0.3316464624,2158.26
3.463,-0.3508383331,2158.35
3.4632,-0.3173553168,2158.44
3.4634,-0.4151031097,2158.53
3.4636,-0.4241633362,2158.62
3.4638,-0.4288945371,2158.71
3.464,-0.4431745776,2158.8
3.4642,-0.4598978798,2158.89
3.4644,-0.4344959935,2158.98
3.4646,-0.5051212872,2159.07
3.4648,-0.4650867253,2159.16
3.465,-0.5140708517,2159.25
3.4652,-0.4789658999,2159.34
3.4654,-0.5170452662,2159.43
3.4656,-0.5675669332,2159.52
3.4658,-0.6002492627,2159.61
3.466,-0.6191019502,2159.7
3.4662,-0.6038244114,2159.79
3.4664,-0.6872295097,2159.88
3.4666,-0.7719909242,2159.97
3.4668,-0.6984008138,2160.06
3.467,-0.8114908969,2160.15
3.4672,-0.7877884397,2160.24
3.4674,-0.8226716229,2160.33
3.4676,-0.8895034704,2160.42
3.4678,-0.9545479067,2160.51
3.468,-0.9530928572,2160.6
3.4682,-1.085660695,2160.69
3.4684,-1.097540495,2160.78
3.4686,-1.11490235,2160.87
3.4688,-1.109187521,2160.96
3.469,-1.135598753,2161.05
3.4692,-1.222448018,2161.14
3.4694,-1.273480554,2161.23
3.4696,-1.296475631,2161.32
3.4698,-1.26755933,2161.41
3.47,-1.28443967,2161.5
3.4702,-1.204424699,2161.59
3.4704,-1.324438554,2161.68
3.4706,-1.314235967,2161.77
3.4708,-1.249844613,2161.86
3.471,-1.247662038,2161.95
3.4712,-1.214985298,2162.04
3.4714,-1.149613575,2162.13
3.4716,-1.061568677,2162.22
3.4718,-1.131926843,2162.31
3.472,-1.031238557,2162.4
3.4722,-0.9228870297,2162.49
3.4724,-0.8973424211,2162.58
3.4726,-0.7711303396,2162.67
3.4728,-0.651987029,2162.76
3.473,-0.6171359581,2162.85
3.4732,-0.439292043,2162.94
3.4734,-0.3590524459,2163.03
3.4736,-0.3263697495,2163.12
3.4738,-0.1237357683,2163.21
3.474,-0.09375087544,2163.3
3.4742,0.02965207549,2163.39
3.4744,0.2033871164,2163.48
3.4746,0.270012325,2163.57
3.4748,0.3633936795,2163.66
3.475,0.4359016943,2163.75
3.4752,0.637654194,2163.84
3.4754,0.729413856,2163.93
3.4756,0.7588973888,2164.02
3.4758,0.7815149487,2164.11
3.476,0.887091134,2164.2
3.4762,0.9915413182,2164.29
3.4764,1.06066026,2164.38
3.4766,1.128673321,2164.47
3.4768,1.127067284,2164.56
3.477,1.255234513,2164.65
3.4772,1.175978912,2164.74
3.4774,1.316874502,2164.83
3.4776,1.292293162,2164.92
3.4778,1.330648209,2165.01
3.478,1.274595621,2165.1
3.4782,1.297388011,2165.19
3.4784,1.207624756,2165.28
3.4786,1.296821918,2165.37
3.4788,1.258232945,2165.46
3.479,1.187004338,2165.55
3.4792,1.108049846,2165.64
3.4794,1.200104381,2165.73
3.4796,1.098403133,2165.82
3.4798,1.019856899,2165.91
3.48,0.999529369,2166
3.4802,0.9512685369,2166.09
3.4804,0.9052862862,2166.18
3.4806,0.8746268565,2166.27
3.4808,0.8817243964,2166.36
3.481,0.7154353239,2166.45
3.4812,0.7627149185,2166.54
3.4814,0.6924754487,2166.63
3.4816,0.6314925321,2166.72
3.4818,0.6167251102,2166.81
3.482,0.5975462844,2166.9
3.4822,0.5771055763,2166.99
3.4824,0.5772010612,2167.08
3.4826,0.6053386425,2167.17
3.4828,0.5373700737,2167.26
3.483,0.4223097628,2167.35
3.4832,0.4571857508,2167.44
3.4834,0.490334014,2167.53
3.4836,0.4539828553,2167.62
3.4838,0.4494629677,2167.71
3.484,0.3797503321,2167.8
3.4842,0.3478681864,2167.89
3.4844,0.3562300756,2167.98
3.4846,0.4087287246,2168.07
3.4848,0.4035007193,2168.16
3.485,0.3989722568,2168.25
3.4852,0.3372952352,2168.34
3.4854,0.3824780653,2168.43
3.4856,0.3108174123,2168.52
3.4858,0.3456155525,2168.61
3.486,0.2691905459,2168.7
3.4862,0.2430629013,2168.79
3.4864,0.201833464,2168.88
3.4866,0.1299337061,2168.97
3.4868,0.1928041256,2169.06
3.487,0.06847687938,2169.15
3.4872,0.08082183662,2169.24
3.4874,0.08017321591,2169.33
3.4876,0.03954090396,2169.42
3.4878,-0.0705270916,2169.51
3.488,-0.003206442831,2169.6
3.4882,-0.02093565683,2169.69
3.4884,-0.09059061068,2169.78
3.4886,-0.1293870026,2169.87
3.4888,-0.09943244416,2169.96
3.489,-0.1571719658,2170.05
3.4892,-0.1807842654,2170.14
3.4894,-0.2447635681,2170.23
3.4896,-0.218792263,2170.32
3.4898,-0.2668645583,2170.41
3.49,-0.3707848738,2170.5
3.4902,-0.3084361361,2170.59
3.4904,-0.3627901949,2170.68
3.4906,-0.3578802733,2170.77
3.4908,-0.2876423266,2170.86
3.491,-0.3581864257,2170.95
3.4912,-0.3428890297,2171.04
3.4914,-0.3744635343,2171.13
3.4916,-0.3336562329,2171.22
3.4918,-0.3871500051,2171.31
3.492,-0.4572826027,2171.4
3.4922,-0.4605268536,2171.49
3.4924,-0.4642738575,2171.58
3.4926,-0.481697381,2171.67
3.4928,-0.4798872766,2171.76
3.493,-0.5319866661,2171.85
3.4932,-0.5286862498,2171.94
3.4934,-0.5300109206,2172.03
3.4936,-0.6499446944,2172.12
3.4938,-0.6562538455,2172.21
3.494,-0.691979457,2172.3
3.4942,-0.5912467566,2172.39
3.4944,-0.6748275922,2172.48
3.4946,-0.7259091698,2172.57
3.4948,-0.7554747821,2172.66
3.495,-0.8202933693,2172.75
3.4952,-0.8159047986,2172.84
3.4954,-0.9382831153,2172.93
3.4956,-0.9510584539,2173.02
3.4958,-0.976483293,2173.11
3.496,-1.012868869,2173.2
3.4962,-1.113532216,2173.29
3.4964,-1.107475142,2173.38
3.4966,-1.174618966,2173.47
3.4968,-1.184616561,2173.56
3.497,-1.299384368,2173.65
3.4972,-1.292334319,2173.74
3.4974,-1.343191615,2173.83
3.4976,-1.232666799,2173.92
3.4978,-1.305398205,2174.01
3.498,-1.275431438,2174.1
3.4982,-1.291588386,2174.19
3.4984,-1.267117856,2174.28
3.4986,-1.284169399,2174.37
3.4988,-1.280484464,2174.46
3.499,-1.222013478,2174.55
3.4992,-1.14357236,2174.64
3.4994,-1.009730647,2174.73
3.4996,-0.9950924713,2174.82
3.4998,-0.9826071283,2174.91
3.5,-0.8787403291,2175
3.5002,-0.7159888064,2175.09
3.5004,-0.7122006262,2175.18
3.5006,-0.5746948877,2175.27
3.5008,-0.5081767114,2175.36
3.501,-0.4547839619,2175.45
3.5012,-0.2412837814,2175.54
3.5014,-0.2093913206,2175.63
3.5016,-0.06157524467,2175.72
3.5018,0.07172564792,2175.81
3.502,0.09564544007,2175.9
3.5022,0.3170909139,2175.99
3.5024,0.3488246486,2176.08
3.5026,0.4748466593,2176.17
3.5028,0.6151042932,2176.26
3.503,0.6804991534,2176.35
3.5032,0.8527683339,2176.44
3.5034,0.8420200938,2176.53
3.5036,0.9117214099,2176.62
3.5038,0.9879798715,2176.71
3.504,1.098755413,2176.8
3.5042,1.177151211,2176.89
3.5044,1.208544508,2176.98
3.5046,1.220529225,2177.07
3.5048,1.267245084,2177.16
3.505,1.274136256,2177.25
3.5052,1.351414109,2177.34
3.5054,1.334680183,2177.43
3.5056,1.307857532,2177.52
3.5058,1.314505725,2177.61
3.506,1.326167674,2177.7
3.5062,1.279945105,2177.79
3.5064,1.195903768,2177.88
3.5066,1.23118025,2177.97
3.5068,1.142093714,2178.06
3.507,1.063533169,2178.15
3.5072,1.137281845,2178.24
3.5074,1.13607978,2178.33
3.5076,1.006276867,2178.42
3.5078,0.9350925139,2178.51
3.508,0.9476796958,2178.6
3.5082,0.8303464522,2178.69
3.5084,0.9472938597,2178.78
3.5086,0.8124468465,2178.87
3.5088,0.7673754594,2178.96
3.509,0.7586923017,2179.05
3.5092,0.6747490213,2179.14
3.5094,0.6270219077,2179.23
3.5096,0.7082499246,2179.32
3.5098,0.5552031165,2179.41
3.51,0.5934364648,2179.5
3.5102,0.55022033,2179.59
3.5104,0.4905998836,2179.68
3.5106,0.441463743,2179.77
3.5108,0.5145447115,2179.86
3.511,0.5361870684,2179.95
3.5112,0.4426904328,2180.04
3.5114,0.4059331692,2180.13
3.5116,0.3921547884,2180.22
3.5118,0.4178351156,2180.31
3.512,0.3618388959,2180.4
3.5122,0.3410861743,2180.49
3.5124,0.3500494937,2180.58
3.5126,0.3941225021,2180.67
3.5128,0.3252628842,2180.76
3.513,0.3591046017,2180.85
3.5132,0.3456676816,2180.94
3.5134,0.325790557,2181.03
3.5136,0.2797195523,2181.12
3.5138,0.255476412,2181.21
3.514,0.2497026249,2181.3
3.5142,0.1663263334,2181.39
3.5144,0.2020351624,2181.48
3.5146,0.1623636579,2181.57
3.5148,0.03202872532,2181.66
3.515,0.07666979288,2181.75
3.5152,0.06852819715,2181.84
3.5154,0.006412209057,2181.93
3.5156,0.006351228599,2182.02
3.5158,-0.0821125108,2182.11
3.516,-0.06617171492,2182.2
3.5162,-0.02856573098,2182.29
3.5164,-0.06716082838,2182.38
3.5166,-0.101933253,2182.47
3.5168,-0.1956977337,2182.56
3.517,-0.2307172471,2182.65
3.5172,-0.225756751,2182.74
3.5174,-0.2537034607,2182.83
3.5176,-0.2313141364,2182.92
3.5178,-0.2609999317,2183.01
3.518,-0.4092371777,2183.1
3.5182,-0.375471287,2183.19
3.5184,-0.36666194,2183.28
3.5186,-0.3328325928,2183.37
3.5188,-0.3774271071,2183.46
3.519,-0.4113755442,2183.55
3.5192,-0.3963944877,2183.64
3.5194,-0.427764123,2183.73
3.5196,-0.3838743943,2183.82
3.5198,-0.4058634196,2183.91
3.52,-0.4863018736,2184
3.5202,-0.3927628636,2184.09
3.5204,-0.479982782,2184.18
3.5206,-0.4996036683,2184.27
3.5208,-0.5384311158,2184.36
3.521,-0.4730542108,2184.45
3.5212,-0.5835548533,2184.54
3.5214,-0.6248417095,2184.63
3.5216,-0.690264739,2184.72
3.5218,-0.7238535411,2184.81
3.522,-0.684095899,2184.9
3.5222,-0.7728671037,2184.99
3.5224,-0.7738119893,2185.08
3.5226,-0.8852590965,2185.17
3.5228,-0.9114968138,2185.26
3.523,-0.9161087915,2185.35
3.5232,-1.045210318,2185.44
3.5234,-1.009637725,2185.53
3.5236,-1.073031313,2185.62
3.5238,-1.130330797,2185.71
3.524,-1.149119902,2185.8
3.5242,-1.236115641,2185.89
3.5244,-1.157276474,2185.98
3.5246,-1.254430969,2186.07
3.5248,-1.287715934,2186.16
3.525,-1.22531817,2186.25
3.5252,-1.250946764,2186.34
3.5254,-1.330063828,2186.43
3.5256,-1.284508906,2186.52
3.5258,-1.339906068,2186.61
3.526,-1.255199377,2186.7
3.5262,-1.219211627,2186.79
3.5264,-1.185050472,2186.88
3.5266,-1.245719743,2186.97
3.5268,-1.138406374,2187.06
3.527,-0.9942506896,2187.15
3.5272,-1.016969535,2187.24
3.5274,-0.9292779984,2187.33
3.5276,-0.9280321632,2187.42
3.5278,-0.7382082339,2187.51
3.528,-0.6745050086,2187.6
3.5282,-0.5337651101,2187.69
3.5284,-0.4923712078,2187.78
3.5286,-0.3679821566,2187.87
3.5288,-0.2703751932,2187.96
3.529,-0.1982707318,2188.05
3.5292,-0.00540766156,2188.14
3.5294,0.08412510092,2188.23
3.5296,0.2920743481,2188.32
3.5298,0.356169203,2188.41
3.53,0.4666108276,2188.5
3.5302,0.6019696638,2188.59
3.5304,0.6209122181,2188.68
3.5306,0.743091724,2188.77
3.5308,0.8788020679,2188.86
3.531,0.9525714523,2188.95
3.5312,1.092701895,2189.04
3.5314,1.014153961,2189.13
3.5316,1.198536101,2189.22
3.5318,1.16288091,2189.31
3.532,1.280361969,2189.4
3.5322,1.163225052,2189.49
3.5324,1.35235789,2189.58
3.5326,1.273732561,2189.67
3.5328,1.316582493,2189.76
3.533,1.227001963,2189.85
3.5332,1.37657066,2189.94
3.5334,1.282963323,2190.03
3.5336,1.336734807,2190.12
3.5338,1.276883328,2190.21
3.534,1.21677725,2190.3
3.5342,1.182085852,2190.39
3.5344,1.286555726,2190.48
3.5346,1.148115955,2190.57
3.5348,1.099988252,2190.66
3.535,1.019623955,2190.75
3.5352,1.029779911,2190.84
3.5354,0.9343255612,2190.93
3.5356,0.919924412,2191.02
3.5358,0.8374618048,2191.11
3.536,0.7570622334,2191.2
3.5362,0.8277387711,2191.29
3.5364,0.7290057024,2191.38
3.5366,0.725142089,2191.47
3.5368,0.7601873908,2191.56
3.537,0.5415825805,2191.65
3.5372,0.6298868637,2191.74
3.5374,0.5721251027,2191.83
3.5376,0.5477065441,2191.92
3.5378,0.537729793,2192.01
3.538,0.4963170032,2192.1
3.5382,0.4956516232,2192.19
3.5384,0.4879959982,2192.28
3.5386,0.4630892926,2192.37
3.5388,0.4822900649,2192.46
3.539,0.3801625828,2192.55
3.5392,0.3854133401,2192.64
3.5394,0.4080183975,2192.73
3.5396,0.3574263504,2192.82
3.5398,0.3284713961,2192.91
3.54,0.3066380796,2193
3.5402,0.306471071,2193.09
3.5404,0.3031972993,2193.18
3.5406,0.2726850756,2193.27
3.5408,0.2839567775,2193.36
3.541,0.2990205192,2193.45
3.5412,0.2825816036,2193.54
3.5414,0.212023341,2193.63
3.5416,0.1628581533,2193.72
3.5418,0.174486714,2193.81
3.542,0.1677248108,2193.9
3.5422,0.0699284671,2193.99
3.5424,0.1200370553,2194.08
3.5426,0.02615948225,2194.17
3.5428,-0.002833714685,2194.26
3.543,-0.1265746069,2194.35
3.5432,-0.02924036453,2194.44
3.5434,-0.1031276551,2194.53
3.5436,-0.0910240734,2194.62
3.5438,-0.126179166,2194.71
3.544,-0.2095419633,2194.8
3.5442,-0.1777231902,2194.89
3.5444,-0.27400452,2194.98
3.5446,-0.2600651129,2195.07
3.5448,-0.3012397431,2195.16
3.545,-0.3021778167,2195.25
3.5452,-0.3790264671,2195.34
3.5454,-0.2203801418,2195.43
3.5456,-0.3424539106,2195.52
3.5458,-0.3335577684,2195.61
3.546,-0.3708494589,2195.7
3.5462,-0.349859401,2195.79
3.5464,-0.4174113699,2195.88
3.5466,-0.4793921581,2195.97
3.5468,-0.4165437827,2196.06
3.547,-0.4302182238,2196.15
3.5472,-0.4815363338,2196.24
3.5474,-0.4329673389,2196.33
3.5476,-0.4395013502,2196.42
3.5478,-0.4643597197,2196.51
3.548,-0.5364846581,2196.6
3.5482,-0.570267539,2196.69
3.5484,-0.564299922,2196.78
3.5486,-0.5772701869,2196.87
3.5488,-0.6785073218,2196.96
3.549,-0.6576118665,2197.05
3.5492,-0.6929374177,2197.14
3.5494,-0.7767462286,2197.23
3.5496,-0.7232285667,2197.32
3.5498,-0.7715895877,2197.41
3.55,-0.8668994612,2197.5
3.5502,-0.8760147956,2197.59
3.5504,-0.9335573419,2197.68
3.5506,-0.9653904041,2197.77
3.5508,-1.031053986,2197.86
3.551,-1.095961688,2197.95
3.5512,-1.144934121,2198.04
3.5514,-1.181070521,2198.13
3.5516,-1.204459239,2198.22
3.5518,-1.193597412,2198.31
3.552,-1.300482601,2198.4
3.5522,-1.284021568,2198.49
3.5524,-1.244337062,2198.58
3.5526,-1.374902308,2198.67
3.5528,-1.331963079,2198.76
3.553,-1.343043732,2198.85
3.5532,-1.288204062,2198.94
3.5534,-1.328754277,2199.03
3.5536,-1.228460873,2199.12
3.5538,-1.206960993,2199.21
3.554,-1.161416922,2199.3
3.5542,-1.150399849,2199.39
3.5544,-1.024118611,2199.48
3.5546,-0.9220042202,2199.57
3.5548,-0.9979437346,2199.66
3.555,-0.7925814656,2199.75
3.5552,-0.7820199084,2199.84
3.5554,-0.6409176329,2199.93
3.5556,-0.5254031319,2200.02
3.5558,-0.3996637114,2200.11
3.556,-0.2812728999,2200.2
3.5562,-0.2802027941,2200.29
3.5564,-0.1125721913,2200.38
3.5566,-0.02232513454,2200.47
3.5568,0.09076158883,2200.56
3.557,0.2543903013,2200.65
3.5572,0.3826194008,2200.74
3.5574,0.4270093714,2200.83
3.5576,0.5768853574,2200.92
3.5578,0.646528565,2201.01
3.558,0.7781839927,2201.1
3.5582,0.8938155695,2201.19
3.5584,0.9344754954,2201.28
3.5586,0.9714391244,2201.37
3.5588,1.029358634,2201.46
3.559,1.152315087,2201.55
3.5592,1.161150963,2201.64
3.5594,1.197013229,2201.73
3.5596,1.226988624,2201.82
3.5598,1.279788581,2201.91
3.56,1.355812696,2202
3.5602,1.287474806,2202.09
3.5604,1.274282322,2202.18
3.5606,1.187283622,2202.27
3.5608,1.277934378,2202.36
3.561,1.221674334,2202.45
3.5612,1.244875773,2202.54
3.5614,1.239770687,2202.63
3.5616,1.11181778,2202.72
3.5618,1.180412879,2202.81
3.562,1.129421531,2202.9
3.5622,1.105451252,2202.99
3.5624,0.9547844338,2203.08
3.5626,1.050946108,2203.17
3.5628,0.9299566514,2203.26
3.563,0.8704200488,2203.35
3.5632,0.7954212389,2203.44
3.5634,0.7880428432,2203.53
3.5636,0.7936454814,2203.62
3.5638,0.6865276199,2203.71
3.564,0.6670392767,2203.8
3.5642,0.6182003523,2203.89
3.5644,0.609079589,2203.98
3.5646,0.5866311054,2204.07
3.5648,0.5504449351,2204.16
3.565,0.6056663112,2204.25
3.5652,0.5378010406,2204.34
3.5654,0.4770847465,2204.43
3.5656,0.4487258215,2204.52
3.5658,0.4556094389,2204.61
3.566,0.4580855896,2204.7
3.5662,0.4818854223,2204.79
3.5664,0.4240348955,2204.88
3.5666,0.4235601286,2204.97
3.5668,0.3765247212,2205.06
3.567,0.4081865151,2205.15
3.5672,0.3981754578,2205.24
3.5674,0.2985065419,2205.33
3.5676,0.3662201162,2205.42
3.5678,0.2383414549,2205.51
3.568,0.2726356057,2205.6
3.5682,0.2687060096,2205.69
3.5684,0.3378250601,2205.78
3.5686,0.2575583511,2205.87
3.5688,0.2021613294,2205.96
3.569,0.1869890356,2206.05
3.5692,0.1412721659,2206.14
3.5694,0.1705947783,2206.23
3.5696,0.156155538,2206.32
3.5698,0.08106248136,2206.41
3.57,0.07091262321,2206.5
3.5702,0.01470249232,2206.59
3.5704,-0.0669750834,2206.68
3.5706,-0.08064347161,2206.77
3.5708,-0.08323749263,2206.86
3.571,-0.1110548891,2206.95
3.5712,-0.2037686796,2207.04
3.5714,-0.1931656486,2207.13
3.5716,-0.1943943825,2207.22
3.5718,-0.2786739356,2207.31
3.572,-0.2392955019,2207.4
3.5722,-0.304522605,2207.49
3.5724,-0.3158194946,2207.58
3.5726,-0.2630922674,2207.67
3.5728,-0.3602090394,2207.76
3.573,-0.3493796002,2207.85
3.5732,-0.3829298844,2207.94
3.5734,-0.3914261687,2208.03
3.5736,-0.3999518398,2208.12
3.5738,-0.4158117159,2208.21
3.574,-0.4394307149,2208.3
3.5742,-0.4321010465,2208.39
3.5744,-0.4061973952,2208.48
3.5746,-0.4451523498,2208.57
3.5748,-0.4885589992,2208.66
3.575,-0.5195705943,2208.75
3.5752,-0.4845111413,2208.84
3.5754,-0.5410823297,2208.93
3.5756,-0.5728871412,2209.02
3.5758,-0.605062567,2209.11
3.576,-0.5804099342,2209.2
3.5762,-0.6768024006,2209.29
3.5764,-0.6118039693,2209.38
3.5766,-0.7162426773,2209.47
3.5768,-0.7552158438,2209.56
3.577,-0.8669463312,2209.65
3.5772,-0.867964834,2209.74
3.5774,-0.9705084315,2209.83
3.5776,-0.8420102739,2209.92
3.5778,-0.984905438,2210.01
3.578,-1.049962684,2210.1
3.5782,-1.097115962,2210.19
3.5784,-0.9945636851,2210.28
3.5786,-1.11206436,2210.37
3.5788,-1.248749428,2210.46
3.579,-1.316920976,2210.55
3.5792,-1.28830727,2210.64
3.5794,-1.276910085,2210.73
3.5796,-1.251314239,2210.82
3.5798,-1.307784089,2210.91
3.58,-1.248172722,2211
3.5802,-1.321676255,2211.09
3.5804,-1.258710282,2211.18
3.5806,-1.269323379,2211.27
3.5808,-1.327419333,2211.36
3.581,-1.174156909,2211.45
3.5812,-1.192822325,2211.54
3.5814,-1.171804569,2211.63
3.5816,-1.123471892,2211.72
3.5818,-0.9754997413,2211.81
3.582,-0.9030843367,2211.9
3.5822,-0.824717282,2211.99
3.5824,-0.7845702919,2212.08
3.5826,-0.6233171589,2212.17
3.5828,-0.53284645,2212.26
3.583,-0.4147652624,2212.35
3.5832,-0.2943528016,2212.44
3.5834,-0.1972515215,2212.53
3.5836,-0.1567877056,2212.62
3.5838,-0.0208764366,2212.71
3.584,0.2245730454,2212.8
3.5842,0.2506315749,2212.89
3.5844,0.3395069845,2212.98
3.5846,0.4126038711,2213.07
3.5848,0.5658024069,2213.16
3.585,0.7196792873,2213.25
3.5852,0.7494042755,2213.34
3.5854,0.8663162669,2213.43
3.5856,0.9815748068,2213.52
3.5858,1.05905382,2213.61
3.586,1.068967024,2213.7
3.5862,1.178883564,2213.79
3.5864,1.199736361,2213.88
3.5866,1.24779261,2213.97
3.5868,1.28178806,2214.06
3.587,1.287822397,2214.15
3.5872,1.287827199,2214.24
3.5874,1.258518661,2214.33
3.5876,1.38859883,2214.42
3.5878,1.308349384,2214.51
3.588,1.270050528,2214.6
3.5882,1.291088564,2214.69
3.5884,1.230488614,2214.78
3.5886,1.160200661,2214.87
3.5888,1.190085076,2214.96
3.589,1.122083168,2215.05
3.5892,1.021322783,2215.14
3.5894,1.057774829,2215.23
3.5896,1.016535181,2215.32
3.5898,0.9350356726,2215.41
3.59,0.8712538606,2215.5
3.5902,0.8863570125,2215.59
3.5904,0.8440419016,2215.68
3.5906,0.8071922107,2215.77
3.5908,0.7392434139,2215.86
3.591,0.6853699739,2215.95
3.5912,0.6528988308,2216.04
3.5914,0.6415064694,2216.13
3.5916,0.5811781603,2216.22
3.5918,0.6631200307,2216.31
3.592,0.5361313671,2216.4
3.5922,0.574844248,2216.49
3.5924,0.5203009687,2216.58
3.5926,0.5080723915,2216.67
3.5928,0.4761852304,2216.76
3.593,0.5299114701,2216.85
3.5932,0.3577630512,2216.94
3.5934,0.3963592827,2217.03
3.5936,0.4418114369,2217.12
3.5938,0.4700840024,2217.21
3.594,0.4101771272,2217.3
3.5942,0.4342199299,2217.39
3.5944,0.3601342859,2217.48
3.5946,0.3786881019,2217.57
3.5948,0.3313783831,2217.66
3.595,0.2676957945,2217.75
3.5952,0.3333623517,2217.84
3.5954,0.2537656677,2217.93
3.5956,0.2634740709,2218.02
3.5958,0.2626227657,2218.11
3.596,0.2218341224,2218.2
3.5962,0.1219728113,2218.29
3.5964,0.13539735,2218.38
3.5966,0.08632296951,2218.47
3.5968,0.06854432334,2218.56
3.597,0.08957702569,2218.65
3.5972,-0.01953216676,2218.74
3.5974,-0.1054465357,2218.83
3.5976,-0.0892813547,2218.92
3.5978,-0.05427111577,2219.01
3.598,-0.1716956217,2219.1
3.5982,-0.1418038766,2219.19
3.5984,-0.1932018779,2219.28
3.5986,-0.1444358572,2219.37
3.5988,-0.2210626275,2219.46
3.599,-0.3527910487,2219.55
3.5992,-0.2738755612,2219.64
3.5994,-0.3206350733,2219.73
3.5996,-0.2714923332,2219.82
3.5998,-0.3461644509,2219.91
3.6,-0.3582036616,2220
3.6002,-0.292688917,2220.09
3.6004,-0.3164987822,2220.18
3.6006,-0.3991100762,2220.27
3.6008,-0.4792013643,2220.36
3.601,-0.4011873606,2220.45
3.6012,-0.4843358922,2220.54
3.6014,-0.4385570968,2220.63
3.6016,-0.4689420369,2220.72
3.6018,-0.5029533478,2220.81
3.602,-0.5329060571,2220.9
3.6022,-0.5244742793,2220.99
3.6024,-0.445426815,2221.08
3.6026,-0.5689549663,2221.17
3.6028,-0.4764536722,2221.26
3.603,-0.6290320022,2221.35
3.6032,-0.5872975333,2221.44
3.6034,-0.7306356209,2221.53
3.6036,-0.6470128248,2221.62
3.6038,-0.7415600527,2221.71
3.604,-0.7917922,2221.8
3.6042,-0.8078267656,2221.89
3.6044,-0.8993389175,2221.98
3.6046,-0.9231108507,2222.07
3.6048,-0.9598317796,2222.16
3.605,-1.020461093,2222.25
3.6052,-1.120896171,2222.34
3.6054,-1.067729955,2222.43
3.6056,-1.155502378,2222.52
3.6058,-1.128010015,2222.61
3.606,-1.161780931,2222.7
3.6062,-1.228881155,2222.79
3.6064,-1.278618465,2222.88
3.6066,-1.282652909,2222.97
3.6068,-1.301502788,2223.06
3.607,-1.295947081,2223.15
3.6072,-1.277716361,2223.24
3.6074,-1.374458027,2223.33
3.6076,-1.320785163,2223.42
3.6078,-1.278500657,2223.51
3.608,-1.335659556,2223.6
3.6082,-1.131220207,2223.69
3.6084,-1.153984301,2223.78
3.6086,-1.003123525,2223.87
3.6088,-0.9634855327,2223.96
3.609,-0.8904780278,2224.05
3.6092,-0.8897671578,2224.14
3.6094,-0.8175364668,2224.23
3.6096,-0.629631786,2224.32
3.6098,-0.5619663523,2224.41
3.61,-0.4559846551,2224.5
3.6102,-0.3622303905,2224.59
3.6104,-0.1916390577,2224.68
3.6106,-0.1399172959,2224.77
3.6108,0.01418070193,2224.86
3.611,0.1154099509,2224.95
3.6112,0.1662329762,2225.04
3.6114,0.3523417101,2225.13
3.6116,0.4623454774,2225.22
3.6118,0.5636791751,2225.31
3.612,0.6322881595,2225.4
3.6122,0.7572291226,2225.49
3.6124,0.9058882982,2225.58
3.6126,0.9773498767,2225.67
3.6128,0.9773748517,2225.76
3.613,1.007633717,2225.85
3.6132,1.137777826,2225.94
3.6134,1.200930822,2226.03
3.6136,1.210922746,2226.12
3.6138,1.27741254,2226.21
3.614,1.298854865,2226.3
3.6142,1.336627196,2226.39
3.6144,1.251761309,2226.48
3.6146,1.309558115,2226.57
3.6148,1.28962439,2226.66
3.615,1.323188769,2226.75
3.6152,1.319914618,2226.84
3.6154,1.257273075,2226.93
3.6156,1.264709732,2227.02
3.6158,1.175884541,2227.11
3.616,1.103045752,2227.2
3.6162,1.131301254,2227.29
3.6164,1.00231954,2227.38
3.6166,0.9961268084,2227.47
3.6168,0.9958388217,2227.56
3.617,0.9255214128,2227.65
3.6172,0.8845956379,2227.74
3.6174,0.79528135,2227.83
3.6176,0.7326823283,2227.92
3.6178,0.7098637396,2228.01
3.618,0.6775843299,2228.1
3.6182,0.7181469832,2228.19
3.6184,0.6478212674,2228.28
3.6186,0.5945980854,2228.37
3.6188,0.5041768411,2228.46
3.619,0.4729765101,2228.55
3.6192,0.5817451504,2228.64
3.6194,0.535775064,2228.73
3.6196,0.4743731447,2228.82
3.6198,0.5034884492,2228.91
3.62,0.4570900217,2229
3.6202,0.3581761346,2229.09
3.6204,0.4209184593,2229.18
3.6206,0.4224021702,2229.27
3.6208,0.3805647787,2229.36
3.621,0.4190820365,2229.45
3.6212,0.3762068022,2229.54
3.6214,0.3852228248,2229.63
3.6216,0.3273552655,2229.72
3.6218,0.3279336374,2229.81
3.622,0.2947850112,2229.9
3.6222,0.2796314112,2229.99
3.6224,0.3017071512,2230.08
3.6226,0.1805414123,2230.17
3.6228,0.2399876253,2230.26
3.623,0.2528042948,2230.35
3.6232,0.2087482083,2230.44
3.6234,0.1152549425,2230.53
3.6236,0.07105922414,2230.62
3.6238,0.1006793208,2230.71
3.624,0.0515608321,2230.8
3.6242,-0.01488710563,2230.89
3.6244,-0.02471360042,2230.98
3.6246,-0.06912089571,2231.07
3.6248,-0.07035906924,2231.16
3.625,-0.07398709994,2231.25
3.6252,-0.2033225932,2231.34
3.6254,-0.1801268123,2231.43
3.6256,-0.2123467017,2231.52
3.6258,-0.2948878483,2231.61
3.626,-0.2125663147,2231.7
3.6262,-0.2220070532,2231.79
3.6264,-0.2770478833,2231.88
3.6266,-0.2606520128,2231.97
3.6268,-0.4200608887,2232.06
3.627,-0.3212798695,2232.15
3.6272,-0.3630241479,2232.24
3.6274,-0.3883985607,2232.33
3.6276,-0.419444308,2232.42
3.6278,-0.3901298345,2232.51
3.628,-0.4579624493,2232.6
3.6282,-0.4673840158,2232.69
3.6284,-0.4281578264,2232.78
3.6286,-0.4436673406,2232.87
3.6288,-0.4505779278,2232.96
3.629,-0.4873585774,2233.05
3.6292,-0.5015804775,2233.14
3.6294,-0.5706796379,2233.23
3.6296,-0.5470186005,2233.32
3.6298,-0.6176039354,2233.41
3.63,-0.5834227304,2233.5
3.6302,-0.6449159744,2233.59
3.6304,-0.6592993853,2233.68
3.6306,-0.721691463,2233.77
3.6308,-0.768219405,2233.86
3.631,-0.8324969168,2233.95
3.6312,-0.8415085686,2234.04
3.6314,-0.9259939759,2234.13
3.6316,-0.9418342394,2234.22
3.6318,-1.017041742,2234.31
3.632,-0.9553110082,2234.4
3.6322,-1.043012023,2234.49
3.6324,-1.082282291,2234.58
3.6326,-1.12934212,2234.67
3.6328,-1.180778983,2234.76
3.633,-1.137031543,2234.85
3.6332,-1.229635331,2234.94
3.6334,-1.342604014,2235.03
3.6336,-1.31476193,2235.12
3.6338,-1.303009216,2235.21
3.634,-1.257729046,2235.3
3.6342,-1.346019918,2235.39
3.6344,-1.409909938,2235.48
3.6346,-1.262597757,2235.57
3.6348,-1.183984865,2235.66
3.635,-1.187052053,2235.75
3.6352,-1.229638963,2235.84
3.6354,-1.112635546,2235.93
3.6356,-1.049177096,2236.02
3.6358,-0.965028612,2236.11
3.636,-0.8766803098,2236.2
3.6362,-0.7868666169,2236.29
3.6364,-0.718330156,2236.38
3.6366,-0.5285878334,2236.47
3.6368,-0.505889938,2236.56
3.637,-0.3685390213,2236.65
3.6372,-0.3219083593,2236.74
3.6374,-0.1445591184,2236.83
3.6376,-0.06256850311,2236.92
3.6378,0.06837836797,2237.01
3.638,0.175868161,2237.1
3.6382,0.3076634462,2237.19
3.6384,0.3997564262,2237.28
3.6386,0.5067099019,2237.37
3.6388,0.6642990968,2237.46
3.639,0.7196266429,2237.55
3.6392,0.8445320858,2237.64
3.6394,0.9462865993,2237.73
3.6396,0.8996620221,2237.82
3.6398,1.047097906,2237.91
3.64,1.103260345,2238
3.6402,1.12312244,2238.09
3.6404,1.173116725,2238.18
3.6406,1.29898523,2238.27
3.6408,1.270532099,2238.36
3.641,1.360333978,2238.45
3.6412,1.334002419,2238.54
3.6414,1.307977152,2238.63
3.6416,1.261126938,2238.72
3.6418,1.252327682,2238.81
3.642,1.257624744,2238.9
3.6422,1.280573303,2238.99
3.6424,1.204185099,2239.08
3.6426,1.201277563,2239.17
3.6428,1.115400197,2239.26
3.643,1.089066554,2239.35
3.6432,1.051559676,2239.44
3.6434,1.001571935,2239.53
3.6436,0.9916011732,2239.62
3.6438,0.9325083768,2239.71
3.644,0.8618656837,2239.8
3.6442,0.8856891338,2239.89
3.6444,0.7470928071,2239.98
3.6446,0.7675401531,2240.07
3.6448,0.7936908774,2240.16
3.645,0.6571639221,2240.25
3.6452,0.6771245471,2240.34
3.6454,0.6010375683,2240.43
3.6456,0.6132118676,2240.52
3.6458,0.6200914985,2240.61
3.646,0.5365713738,2240.7
3.6462,0.4609964006,2240.79
3.6464,0.5167615437,2240.88
3.6466,0.5030271399,2240.97
3.6468,0.5173101099,2241.06
3.647,0.4838569098,2241.15
3.6472,0.4538939352,2241.24
3.6474,0.419116882,2241.33
3.6476,0.3793159907,2241.42
3.6478,0.3509648618,2241.51
3.648,0.3131484803,2241.6
3.6482,0.3404982893,2241.69
3.6484,0.3310470662,2241.78
3.6486,0.2725105634,2241.87
3.6488,0.2495088247,2241.96
3.649,0.259712309,2242.05
3.6492,0.2533927784,2242.14
3.6494,0.2384887504,2242.23
3.6496,0.1993994918,2242.32
3.6498,0.21146655,2242.41
3.65,0.1374734108,2242.5
3.6502,0.1236151006,2242.59
3.6504,0.1251968087,2242.68
3.6506,0.07490683915,2242.77
3.6508,0.08277301204,2242.86
3.651,-0.04861765101,2242.95
3.6512,-0.03609652329,2243.04
3.6514,-0.02066803667,2243.13
3.6516,-0.1053036328,2243.22
3.6518,-0.05099980076,2243.31
3.652,-0.1104427809,2243.4
3.6522,-0.1690109506,2243.49
3.6524,-0.1855091932,2243.58
3.6526,-0.1939178371,2243.67
3.6528,-0.2776820904,2243.76
3.653,-0.3933467719,2243.85
3.6532,-0.2811195566,2243.94
3.6534,-0.3188511823,2244.03
3.6536,-0.3566655472,2244.12
3.6538,-0.3034391281,2244.21
3.654,-0.3048892458,2244.3
3.6542,-0.3771798604,2244.39
3.6544,-0.4332372801,2244.48
3.6546,-0.3658251122,2244.57
3.6548,-0.3948137598,2244.66
3.655,-0.4302622412,2244.75
3.6552,-0.4703179388,2244.84
3.6554,-0.4015944175,2244.93
3.6556,-0.450438235,2245.02
3.6558,-0.4786135587,2245.11
3.656,-0.4620444123,2245.2
3.6562,-0.536867199,2245.29
3.6564,-0.5201270923,2245.38
3.6566,-0.5587187881,2245.47
3.6568,-0.6467699658,2245.56
3.657,-0.6371287358,2245.65
3.6572,-0.6791106299,2245.74
3.6574,-0.7529381083,2245.83
3.6576,-0.8057782215,2245.92
3.6578,-0.7627878855,2246.01
3.658,-0.8346659319,2246.1
3.6582,-0.7966107539,2246.19
3.6584,-0.974907351,2246.28
3.6586,-0.9554026473,2246.37
3.6588,-1.124087937,2246.46
3.659,-1.035050841,2246.55
3.6592,-1.077480696,2246.64
3.6594,-1.093626617,2246.73
3.6596,-1.222632728,2246.82
3.6598,-1.311799358,2246.91
3.66,-1.318747108,2247
3.6602,-1.211213541,2247.09
3.6604,-1.232537439,2247.18
3.6606,-1.351317967,2247.27
3.6608,-1.35330599,2247.36
3.661,-1.337566276,2247.45
3.6612,-1.298691596,2247.54
3.6614,-1.314232281,2247.63
3.6616,-1.272754514,2247.72
3.6618,-1.278642317,2247.81
3.662,-1.174942724,2247.9
3.6622,-1.047533495,2247.99
3.6624,-1.04979379,2248.08
3.6626,-0.9202750837,2248.17
3.6628,-0.929841688,2248.26
3.663,-0.7345302915,2248.35
3.6632,-0.6566411874,2248.44
3.6634,-0.6166181062,2248.53
3.6636,-0.4788074366,2248.62
3.6638,-0.371459808,2248.71
3.664,-0.2562058297,2248.8
3.6642,-0.1811657759,2248.89
3.6644,0.02772726524,2248.98
3.6646,0.1067932188,2249.07
3.6648,0.2348012389,2249.16
3.665,0.3240284675,2249.25
3.6652,0.3996785435,2249.34
3.6654,0.5470930555,2249.43
3.6656,0.7030017909,2249.52
3.6658,0.8156172204,2249.61
3.666,0.8204749073,2249.7
3.6662,0.8448289283,2249.79
3.6664,1.02657994,2249.88
3.6666,1.117930997,2249.97
3.6668,1.143562449,2250.06
3.667,1.202732411,2250.15
3.6672,1.23561513,2250.24
3.6674,1.262324069,2250.33
3.6676,1.34763257,2250.42
3.6678,1.263359487,2250.51
3.668,1.309424782,2250.6
3.6682,1.371969152,2250.69
3.6684,1.365210817,2250.78
3.6686,1.259974884,2250.87
3.6688,1.238706572,2250.96
3.669,1.170450736,2251.05
3.6692,1.151055911,2251.14
3.6694,1.165766777,2251.23
3.6696,1.139302094,2251.32
3.6698,1.084087083,2251.41
3.67,0.9758887043,2251.5
3.6702,0.9964829253,2251.59
3.6704,1.058547807,2251.68
3.6706,0.9475875267,2251.77
3.6708,0.7769791444,2251.86
3.671,0.8798609815,2251.95
3.6712,0.7111881234,2252.04
3.6714,0.7249131532,2252.13
3.6716,0.6926553912,2252.22
3.6718,0.6616358661,2252.31
3.672,0.5863802831,2252.4
3.6722,0.5794065224,2252.49
3.6724,0.5577881123,2252.58
3.6726,0.5614786427,2252.67
3.6728,0.551419053,2252.76
3.673,0.5589651235,2252.85
3.6732,0.5126983185,2252.94
3.6734,0.4941616747,2253.03
3.6736,0.4418517747,2253.12
3.6738,0.4318692998,2253.21
3.674,0.3966126131,2253.3
3.6742,0.435224982,2253.39
3.6744,0.416214611,2253.48
3.6746,0.4029265631,2253.57
3.6748,0.3102195175,2253.66
3.675,0.4386112486,2253.75
3.6752,0.2899199506,2253.84
3.6754,0.3373983643,2253.93
3.6756,0.2244685882,2254.02
3.6758,0.2612564188,2254.11
3.676,0.2306625311,2254.2
3.6762,0.2197971543,2254.29
3.6764,0.2306958922,2254.38
3.6766,0.1398038704,2254.47
3.6768,0.1753364622,2254.56
3.677,0.1414662069,2254.65
3.6772,0.06971780148,2254.74
3.6774,0.05289307154,2254.83
3.6776,0.06624284266,2254.92
3.6778,-0.06270197845,2255.01
3.678,-0.01052146069,2255.1
3.6782,-0.03317782464,2255.19
3.6784,-0.1264437297,2255.28
3.6786,-0.07523746795,2255.37
3.6788,-0.1545122436,2255.46
3.679,-0.1583281599,2255.55
3.6792,-0.2344355047,2255.64
3.6794,-0.2071210086,2255.73
3.6796,-0.286155822,2255.82
3.6798,-0.2698643008,2255.91
3.68,-0.2698037053,2256
3.6802,-0.2569060168,2256.09
3.6804,-0.3215198238,2256.18
3.6806,-0.3810295386,2256.27
3.6808,-0.3551215675,2256.36
3.681,-0.4514147338,2256.45
3.6812,-0.3668883877,2256.54
3.6814,-0.4397123689,2256.63
3.6816,-0.4599081072,2256.72
3.6818,-0.5203738445,2256.81
3.682,-0.398659609,2256.9
3.6822,-0.5316238915,2256.99
3.6824,-0.4571565001,2257.08
3.6826,-0.5311654342,2257.17
3.6828,-0.5200183333,2257.26
3.683,-0.5410593137,2257.35
3.6832,-0.5825256838,2257.44
3.6834,-0.5889683831,2257.53
3.6836,-0.6729114255,2257.62
3.6838,-0.7143191144,2257.71
3.684,-0.7197887782,2257.8
3.6842,-0.8253165744,2257.89
3.6844,-0.7908411333,2257.98
3.6846,-0.8049785725,2258.07
3.6848,-0.8856660494,2258.16
3.685,-0.8912160399,2258.25
3.6852,-1.062368835,2258.34
3.6854,-1.042064426,2258.43
3.6856,-1.060212391,2258.52
3.6858,-1.151403607,2258.61
3.686,-1.110460957,2258.7
3.6862,-1.214969336,2258.79
3.6864,-1.202544945,2258.88
3.6866,-1.295159199,2258.97
3.6868,-1.292317333,2259.06
3.687,-1.306364354,2259.15
3.6872,-1.28364707,2259.24
3.6874,-1.350617625,2259.33
3.6876,-1.304094121,2259.42
3.6878,-1.334437276,2259.51
3.688,-1.314069823,2259.6
3.6882,-1.230633592,2259.69
3.6884,-1.215346606,2259.78
3.6886,-1.217629836,2259.87
3.6888,-1.12212777,2259.96
3.689,-1.074738593,2260.05
3.6892,-0.8998882262,2260.14
3.6894,-0.9498148361,2260.23
3.6896,-0.8568096258,2260.32
3.6898,-0.7366604861,2260.41
3.69,-0.5786366936,2260.5
3.6902,-0.4428127491,2260.59
3.6904,-0.3937787051,2260.68
3.6906,-0.2897646755,2260.77
3.6908,-0.1329210815,2260.86
3.691,-0.002901530458,2260.95
3.6912,0.07814265736,2261.04
3.6914,0.2414695345,2261.13
3.6916,0.3274201821,2261.22
3.6918,0.5378844136,2261.31
3.692,0.5355890687,2261.4
3.6922,0.6734281988,2261.49
3.6924,0.7212112446,2261.58
3.6926,0.847188523,2261.67
3.6928,0.9102314879,2261.76
3.693,1.032332546,2261.85
3.6932,1.024235739,2261.94
3.6934,1.14291443,2262.03
3.6936,1.1303556,2262.12
3.6938,1.173782564,2262.21
3.694,1.262538748,2262.3
3.6942,1.283799295,2262.39
3.6944,1.258201129,2262.48
3.6946,1.323652276,2262.57
3.6948,1.321617177,2262.66
3.695,1.295904,2262.75
3.6952,1.278821759,2262.84
3.6954,1.298848159,2262.93
3.6956,1.341872379,2263.02
3.6958,1.182314284,2263.11
3.696,1.216922264,2263.2
3.6962,1.141092633,2263.29
3.6964,1.138564356,2263.38
3.6966,1.048591423,2263.47
3.6968,0.9760255201,2263.56
3.697,0.9319781497,2263.65
3.6972,0.9687940834,2263.74
3.6974,0.8388480296,2263.83
3.6976,0.8575867632,2263.92
3.6978,0.7304465947,2264.01
3.698,0.7255244517,2264.1
3.6982,0.6630385876,2264.19
3.6984,0.7264066325,2264.28
3.6986,0.6816537482,2264.37
3.6988,0.5986813589,2264.46
3.699,0.5138709304,2264.55
3.6992,0.5141818871,2264.64
3.6994,0.5294570807,2264.73
3.6996,0.5003290928,2264.82
3.6998,0.5260154554,2264.91
3.7,0.4487056072,2265
3.7002,0.4226346334,2265.09
3.7004,0.4600981183,2265.18
3.7006,0.3932420849,2265.27
3.7008,0.4267662101,2265.36
3.701,0.4089432281,2265.45
3.7012,0.3726982049,2265.54
3.7014,0.3688712808,2265.63
3.7016,0.4014873277,2265.72
3.7018,0.2893654982,2265.81
3.702,0.3502313242,2265.9
3.7022,0.2406454356,2265.99
3.7024,0.2674697595,2266.08
3.7026,0.2700274039,2266.17
3.7028,0.2174178555,2266.26
3.703,0.1836024458,2266.35
3.7032,0.2382702924,2266.44
3.7034,0.1409082598,2266.53
3.7036,0.07106773438,2266.62
3.7038,0.1000190975,2266.71
3.704,0.07951210396,2266.8
3.7042,0.004427073508,2266.89
3.7044,0.0557598565,2266.98
3.7046,-0.06123975995,2267.07
3.7048,-0.110484402,2267.16
3.705,-0.1714924229,2267.25
3.7052,-0.1592983715,2267.34
3.7054,-0.1427418608,2267.43
3.7056,-0.2067774378,2267.52
3.7058,-0.2267395122,2267.61
3.706,-0.2809603184,2267.7
3.7062,-0.3230244556,2267.79
3.7064,-0.2733106985,2267.88
3.7066,-0.3495410842,2267.97
3.7068,-0.2706308344,2268.06
3.707,-0.3389675433,2268.15
3.7072,-0.4123615266,2268.24
3.7074,-0.4739443798,2268.33
3.7076,-0.4182213297,2268.42
3.7078,-0.4013874997,2268.51
3.708,-0.4833912142,2268.6
3.7082,-0.3929547377,2268.69
3.7084,-0.41476794,2268.78
3.7086,-0.3983572523,2268.87
3.7088,-0.4932982275,2268.96
3.709,-0.4676091423,2269.05
3.7092,-0.5782326542,2269.14
3.7094,-0.4909090522,2269.23
3.7096,-0.5840148508,2269.32
3.7098,-0.6394938974,2269.41
3.71,-0.6129301559,2269.5
3.7102,-0.6924363423,2269.59
3.7104,-0.6930255445,2269.68
3.7106,-0.7764531416,2269.77
3.7108,-0.7235248503,2269.86
3.711,-0.7909209108,2269.95
3.7112,-0.8541630621,2270.04
3.7114,-0.8356021583,2270.13
3.7116,-0.9685734132,2270.22
3.7118,-0.9401869102,2270.31
3.712,-1.072447599,2270.4
3.7122,-1.028535326,2270.49
3.7124,-1.220875941,2270.58
3.7126,-1.179138142,2270.67
3.7128,-1.227922725,2270.76
3.713,-1.243792239,2270.85
3.7132,-1.299854968,2270.94
3.7134,-1.317273622,2271.03
3.7136,-1.312702605,2271.12
3.7138,-1.279318028,2271.21
3.714,-1.25744228,2271.3
3.7142,-1.284954419,2271.39
3.7144,-1.211298929,2271.48
3.7146,-1.325715135,2271.57
3.7148,-1.240639758,2271.66
3.715,-1.158705809,2271.75
3.7152,-1.172388063,2271.84
3.7154,-1.028595769,2271.93
3.7156,-0.9625567058,2272.02
3.7158,-0.9048923347,2272.11
3.716,-0.8905195354,2272.2
3.7162,-0.6639904544,2272.29
3.7164,-0.6695747203,2272.38
3.7166,-0.5202023378,2272.47
3.7168,-0.473941851,2272.56
3.717,-0.2947006314,2272.65
3.7172,-0.1409049523,2272.74
3.7174,-0.1444049817,2272.83
3.7176,0.06685066292,2272.92
3.7178,0.1917828995,2273.01
3.718,0.2280448296,2273.1
3.7182,0.3868987722,2273.19
3.7184,0.4321181858,2273.28
3.7186,0.5809197863,2273.37
3.7188,0.6802243474,2273.46
3.719,0.753547296,2273.55
3.7192,0.8554404232,2273.64
3.7194,0.9712562356,2273.73
3.7196,1.078891812,2273.82
3.7198,1.091938103,2273.91
3.72,1.185643504,2274
3.7202,1.188604998,2274.09
3.7204,1.199308412,2274.18
3.7206,1.330617615,2274.27
3.7208,1.29493573,2274.36
3.721,1.308651126,2274.45
3.7212,1.334170404,2274.54
3.7214,1.334380637,2274.63
3.7216,1.302850586,2274.72
3.7218,1.307285873,2274.81
3.722,1.256572724,2274.9
3.7222,1.233529778,2274.99
3.7224,1.203750732,2275.08
3.7226,1.177149743,2275.17
3.7228,1.133073081,2275.26
3.723,0.9951459068,2275.35
3.7232,0.914920882,2275.44
3.7234,0.9079437429,2275.53
3.7236,0.9401254731,2275.62
3.7238,0.886500742,2275.71
3.724,0.801042883,2275.8
3.7242,0.7676562848,2275.89
3.7244,0.7273423908,2275.98
3.7246,0.7342347033,2276.07
3.7248,0.6865252919,2276.16
3.725,0.5550083558,2276.25
3.7252,0.5934005538,2276.34
3.7254,0.5758275136,2276.43
3.7256,0.545666965,2276.52
3.7258,0.5663088085,2276.61
3.726,0.5022123545,2276.7
3.7262,0.5242533012,2276.79
3.7264,0.4600853218,2276.88
3.7266,0.3898613103,2276.97
3.7268,0.4612011553,2277.06
3.727,0.3962072324,2277.15
3.7272,0.3946131952,2277.24
3.7274,0.4025859757,2277.33
3.7276,0.334534885,2277.42
3.7278,0.3720156661,2277.51
3.728,0.3646823431,2277.6
3.7282,0.311563746,2277.69
3.7284,0.3219467717,2277.78
3.7286,0.31612829,2277.87
3.7288,0.2849391932,2277.96
3.729,0.2286831519,2278.05
3.7292,0.2613147155,2278.14
3.7294,0.1116209252,2278.23
3.7296,0.204442514,2278.32
3.7298,0.1610777576,2278.41
3.73,0.1205629133,2278.5
3.7302,0.02389026413,2278.59
3.7304,0.1102860453,2278.68
3.7306,0.01385497234,2278.77
3.7308,-0.04891637847,2278.86
3.731,-0.02271843727,2278.95
3.7312,-0.05818559102,2279.04
3.7314,-0.1423941355,2279.13
3.7316,-0.1613827416,2279.22
3.7318,-0.1238609256,2279.31
3.732,-0.234920405,2279.4
3.7322,-0.2215645536,2279.49
3.7324,-0.2958404486,2279.58
3.7326,-0.3039767834,2279.67
3.7328,-0.2494033035,2279.76
3.733,-0.3027400789,2279.85
3.7332,-0.2784311678,2279.94
3.7334,-0.3831105101,2280.03
3.7336,-0.3445870109,2280.12
3.7338,-0.3587919841,2280.21
3.734,-0.3225885416,2280.3
3.7342,-0.3676171944,2280.39
3.7344,-0.4288437571,2280.48
3.7346,-0.417261865,2280.57
3.7348,-0.4843191041,2280.66
3.735,-0.4875109232,2280.75
3.7352,-0.4862334837,2280.84
3.7354,-0.613199876,2280.93
3.7356,-0.5334346487,2281.02
3.7358,-0.5745122051,2281.11
3.736,-0.5610801071,2281.2
3.7362,-0.5416616654,2281.29
3.7364,-0.5788509268,2281.38
3.7366,-0.6676881384,2281.47
3.7368,-0.7254981065,2281.56
3.737,-0.7406190213,2281.65
3.7372,-0.8379799406,2281.74
3.7374,-0.8537703051,2281.83
3.7376,-0.8535516767,2281.92
3.7378,-0.917565886,2282.01
3.738,-0.9283937545,2282.1
3.7382,-0.9978838842,2282.19
3.7384,-1.063343357,2282.28
3.7386,-1.131523674,2282.37
3.7388,-1.127131902,2282.46
3.739,-1.136632367,2282.55
3.7392,-1.187760244,2282.64
3.7394,-1.244522908,2282.73
3.7396,-1.246370152,2282.82
3.7398,-1.291382514,2282.91
3.74,-1.287114362,2283
3.7402,-1.299943107,2283.09
3.7404,-1.33301975,2283.18
3.7406,-1.292506514,2283.27
3.7408,-1.260261131,2283.36
3.741,-1.255022054,2283.45
3.7412,-1.178845753,2283.54
3.7414,-1.190640253,2283.63
3.7416,-1.094863419,2283.72
3.7418,-1.093631491,2283.81
3.742,-0.9723236806,2283.9
3.7422,-0.911437112,2283.99
3.7424,-0.8620307297,2284.08
3.7426,-0.72212232,2284.17
3.7428,-0.6473249733,2284.26
3.743,-0.5682998044,2284.35
3.7432,-0.4277886121,2284.44
3.7434,-0.2619459242,2284.53
3.7436,-0.1236746847,2284.62
3.7438,-0.0009610200419,2284.71
3.744,0.1029744255,2284.8
3.7442,0.1840914044,2284.89
3.7444,0.3096120319,2284.98
3.7446,0.5238076216,2285.07
3.7448,0.5314378053,2285.16
3.745,0.6418989314,2285.25
3.7452,0.7111836061,2285.34
3.7454,0.778197538,2285.43
3.7456,0.9635858438,2285.52
3.7458,1.011148226,2285.61
3.746,1.090856803,2285.7
3.7462,1.055499775,2285.79
3.7464,1.218411521,2285.88
3.7466,1.293419626,2285.97
3.7468,1.185096818,2286.06
3.747,1.25660314,2286.15
3.7472,1.322437805,2286.24
3.7474,1.375589512,2286.33
3.7476,1.349311137,2286.42
3.7478,1.292759371,2286.51
3.748,1.256879123,2286.6
3.7482,1.226687528,2286.69
3.7484,1.296288896,2286.78
3.7486,1.206774595,2286.87
3.7488,1.20460092,2286.96
3.749,1.097510232,2287.05
3.7492,1.082797819,2287.14
3.7494,1.057803371,2287.23
3.7496,1.043388214,2287.32
3.7498,0.9690437579,2287.41
3.75,0.9570482066,2287.5
3.7502,0.8513891499,2287.59
3.7504,0.7838210321,2287.68
3.7506,0.7009327167,2287.77
3.7508,0.7387239255,2287.86
3.751,0.6669899753,2287.95
3.7512,0.6993861245,2288.04
3.7514,0.6966848895,2288.13
3.7516,0.5975895273,2288.22
3.7518,0.5173621755,2288.31
3.752,0.5025343107,2288.4
3.7522,0.4746561806,2288.49
3.7524,0.4822460673,2288.58
3.7526,0.3557976073,2288.67
3.7528,0.4787257142,2288.76
3.753,0.4706357175,2288.85
3.7532,0.4417217068,2288.94
3.7534,0.4073272039,2289.03
3.7536,0.3783961053,2289.12
3.7538,0.3335613566,2289.21
3.754,0.3597800894,2289.3
3.7542,0.3734633222,2289.39
3.7544,0.3336085045,2289.48
3.7546,0.3465599312,2289.57
3.7548,0.3487134876,2289.66
3.755,0.2632756886,2289.75
3.7552,0.2661312183,2289.84
3.7554,0.2628784087,2289.93
3.7556,0.24271111,2290.02
3.7558,0.1308943459,2290.11
3.756,0.116014894,2290.2
3.7562,0.118190691,2290.29
3.7564,0.05347856204,2290.38
3.7566,0.03451407923,2290.47
3.7568,0.02917857249,2290.56
3.757,-0.006452244138,2290.65
3.7572,-0.1227179025,2290.74
3.7574,-0.1343901822,2290.83
3.7576,-0.122586558,2290.92
3.7578,-0.1310691527,2291.01
3.758,-0.1706793063,2291.1
3.7582,-0.2067399605,2291.19
3.7584,-0.279541169,2291.28
3.7586,-0.2370887125,2291.37
3.7588,-0.2179790215,2291.46
3.759,-0.3323123776,2291.55
3.7592,-0.2808885294,2291.64
3.7594,-0.3701717419,2291.73
3.7596,-0.3548051795,2291.82
3.7598,-0.4208859567,2291.91
3.76,-0.4358505521,2292
3.7602,-0.3939266924,2292.09
3.7604,-0.361886431,2292.18
3.7606,-0.4673803731,2292.27
3.7608,-0.3904613435,2292.36
3.761,-0.5277386775,2292.45
3.7612,-0.4779489645,2292.54
3.7614,-0.5358720161,2292.63
3.7616,-0.5541112031,2292.72
3.7618,-0.5358262452,2292.81
3.762,-0.5397906778,2292.9
3.7622,-0.5353653775,2292.99
3.7624,-0.6075587203,2293.08
3.7626,-0.5988712518,2293.17
3.7628,-0.6714349276,2293.26
3.763,-0.6995760242,2293.35
3.7632,-0.7466620613,2293.44
3.7634,-0.7844683926,2293.53
3.7636,-0.8430534947,2293.62
3.7638,-0.8588268758,2293.71
3.764,-0.8187187028,2293.8
3.7642,-1.002582843,2293.89
3.7644,-1.000901972,2293.98
3.7646,-1.074663437,2294.07
3.7648,-1.035542401,2294.16
3.765,-1.128746724,2294.25
3.7652,-1.221459762,2294.34
3.7654,-1.148391888,2294.43
3.7656,-1.210007429,2294.52
3.7658,-1.230809721,2294.61
3.766,-1.321471148,2294.7
3.7662,-1.338898393,2294.79
3.7664,-1.393943523,2294.88
3.7666,-1.328186284,2294.97
3.7668,-1.309684977,2295.06
3.767,-1.275475155,2295.15
3.7672,-1.265401591,2295.24
3.7674,-1.230024715,2295.33
3.7676,-1.1670554,2295.42
3.7678,-1.181245442,2295.51
3.768,-1.067884374,2295.6
3.7682,-1.024875684,2295.69
3.7684,-0.9143144087,2295.78
3.7686,-0.8340268073,2295.87
3.7688,-0.7230257976,2295.96
3.769,-0.6163656367,2296.05
3.7692,-0.545239069,2296.14
3.7694,-0.3053919668,2296.23
3.7696,-0.2843140868,2296.32
3.7698,-0.2142460314,2296.41
3.77,-0.07266579112,2296.5
3.7702,0.1340908937,2296.59
3.7704,0.1321142767,2296.68
3.7706,0.3503690487,2296.77
3.7708,0.5042946436,2296.86
3.771,0.5710138455,2296.95
3.7712,0.6218904977,2297.04
3.7714,0.8141917751,2297.13
3.7716,0.8295397642,2297.22
3.7718,0.9669637256,2297.31
3.772,1.026371932,2297.4
3.7722,1.059542922,2297.49
3.7724,1.189530398,2297.58
3.7726,1.172561399,2297.67
3.7728,1.142735717,2297.76
3.773,1.279783626,2297.85
3.7732,1.307482177,2297.94
3.7734,1.332807584,2298.03
3.7736,1.301094957,2298.12
3.7738,1.32356981,2298.21
3.774,1.264831641,2298.3
3.7742,1.268726476,2298.39
3.7744,1.215614293,2298.48
3.7746,1.17662077,2298.57
3.7748,1.189724921,2298.66
3.775,1.152070168,2298.75
3.7752,1.057143176,2298.84
3.7754,1.06469885,2298.93
3.7756,1.023524092,2299.02
3.7758,0.9357729265,2299.11
3.776,0.8988935793,2299.2
3.7762,0.9994504345,2299.29
3.7764,0.7965714941,2299.38
3.7766,0.8103178024,2299.47
3.7768,0.8287474573,2299.56
3.777,0.6495476801,2299.65
3.7772,0.6766021291,2299.74
3.7774,0.6120553163,2299.83
3.7776,0.6396445008,2299.92
3.7778,0.6465311518,2300.01
3.778,0.6053414014,2300.1
3.7782,0.5282672119,2300.19
3.7784,0.5195308629,2300.28
3.7786,0.4628468602,2300.37
3.7788,0.4622490084,2300.46
3.779,0.4964794944,2300.55
3.7792,0.4544688294,2300.64
3.7794,0.4136027766,2300.73
3.7796,0.4169316732,2300.82
3.7798,0.4269314227,2300.91
3.78,0.4279944905,2301
3.7802,0.363597337,2301.09
3.7804,0.3324615885,2301.18
3.7806,0.3125392807,2301.27
3.7808,0.2871167576,2301.36
3.781,0.3218810999,2301.45
3.7812,0.2725462764,2301.54
3.7814,0.2738021632,2301.63
3.7816,0.2379484929,2301.72
3.7818,0.235099911,2301.81
3.782,0.1558840106,2301.9
3.7822,0.08704051255,2301.99
3.7824,0.09215505705,2302.08
3.7826,0.08260894243,2302.17
3.7828,0.02126655404,2302.26
3.783,0.04923600285,2302.35
3.7832,-0.02565762615,2302.44
3.7834,-0.0384423761,2302.53
3.7836,-0.04195520231,2302.62
3.7838,-0.1228208041,2302.71
3.784,-0.1444022814,2302.8
3.7842,-0.2246932773,2302.89
3.7844,-0.1887353069,2302.98
3.7846,-0.2290613915,2303.07
3.7848,-0.1997967718,2303.16
3.785,-0.3000224855,2303.25
3.7852,-0.3019033306,2303.34
3.7854,-0.3911420273,2303.43
3.7856,-0.3288861498,2303.52
3.7858,-0.4220856075,2303.61
3.786,-0.438160712,2303.7
3.7862,-0.3566280559,2303.79
3.7864,-0.427717112,2303.88
3.7866,-0.3847287451,2303.97
3.7868,-0.4142327165,2304.06
3.787,-0.4155335708,2304.15
3.7872,-0.4021348985,2304.24
3.7874,-0.5347171089,2304.33
3.7876,-0.5166144415,2304.42
3.7878,-0.4765641814,2304.51
3.788,-0.5191757784,2304.6
3.7882,-0.5869458441,2304.69
3.7884,-0.6416102525,2304.78
3.7886,-0.5555354481,2304.87
3.7888,-0.6246738538,2304.96
3.789,-0.6825275171,2305.05
3.7892,-0.6535230447,2305.14
3.7894,-0.7583610167,2305.23
3.7896,-0.8082560183,2305.32
3.7898,-0.8675284613,2305.41
3.79,-0.9168712016,2305.5
3.7902,-0.8741368796,2305.59
3.7904,-0.9918461816,2305.68
3.7906,-0.9722376086,2305.77
3.7908,-1.071193397,2305.86
3.791,-1.107939794,2305.95
3.7912,-1.135798477,2306.04
3.7914,-1.212894129,2306.13
3.7916,-1.281257513,2306.22
3.7918,-1.353438617,2306.31
3.792,-1.27612537,2306.4
3.7922,-1.213237925,2306.49
3.7924,-1.318028886,2306.58
3.7926,-1.284961477,2306.67
3.7928,-1.301627755,2306.76
3.793,-1.354735073,2306.85
3.7932,-1.194863648,2306.94
3.7934,-1.229126988,2307.03
3.7936,-1.185287171,2307.12
3.7938,-1.168185105,2307.21
3.794,-1.118533705,2307.3
3.7942,-0.949986812,2307.39
3.7944,-0.9372420581,2307.48
3.7946,-0.8341918056,2307.57
3.7948,-0.6780370091,2307.66
3.795,-0.619493041,2307.75
3.7952,-0.461311126,2307.84
3.7954,-0.4652042475,2307.93
3.7956,-0.3055322915,2308.02
3.7958,-0.1721012092,2308.11
3.796,-0.08146797738,2308.2
3.7962,0.05203320667,2308.29
3.7964,0.1226186121,2308.38
3.7966,0.2901369828,2308.47
3.7968,0.4112111541,2308.56
3.797,0.5024382703,2308.65
3.7972,0.6049603171,2308.74
3.7974,0.7252942726,2308.83
3.7976,0.8181475531,2308.92
3.7978,0.8854898947,2309.01
3.798,0.9870690727,2309.1
3.7982,1.062144133,2309.19
3.7984,1.150678524,2309.28
3.7986,1.159026833,2309.37
3.7988,1.200292907,2309.46
3.799,1.249695298,2309.55
3.7992,1.237535736,2309.64
3.7994,1.320824676,2309.73
3.7996,1.271409972,2309.82
3.7998,1.375197275,2309.91
3.8,1.32046793,2310
3.8002,1.300531853,2310.09
3.8004,1.236806579,2310.18
3.8006,1.213922772,2310.27
3.8008,1.220093947,2310.36
3.801,1.108332665,2310.45
3.8012,1.077718954,2310.54
3.8014,1.108172874,2310.63
3.8016,1.045441724,2310.72
3.8018,1.015269049,2310.81
3.802,0.9648762428,2310.9
3.8022,0.8534319464,2310.99
3.8024,0.8399714385,2311.08
3.8026,0.839231994,2311.17
3.8028,0.7570358989,2311.26
3.803,0.7569190112,2311.35
3.8032,0.5890232368,2311.44
3.8034,0.6765698725,2311.53
3.8036,0.5928679898,2311.62
3.8038,0.5996790211,2311.71
3.804,0.6624554399,2311.8
3.8042,0.5151629047,2311.89
3.8044,0.5167481051,2311.98
3.8046,0.5056249837,2312.07
3.8048,0.4606647712,2312.16
3.805,0.3897683323,2312.25
3.8052,0.4768239393,2312.34
3.8054,0.4736802589,2312.43
3.8056,0.4851643837,2312.52
3.8058,0.4267055111,2312.61
3.806,0.3417543911,2312.7
3.8062,0.4028163541,2312.79
3.8064,0.3202902833,2312.88
3.8066,0.3570865915,2312.97
3.8068,0.2796185548,2313.06
3.807,0.3050993058,2313.15
3.8072,0.3059517174,2313.24
3.8074,0.3092874259,2313.33
3.8076,0.2225382713,2313.42
3.8078,0.2219392615,2313.51
3.808,0.2165223857,2313.6
3.8082,0.1535036836,2313.69
3.8084,0.1492713013,2313.78
3.8086,0.1054647983,2313.87
3.8088,0.03008406629,2313.96
3.809,0.02148464301,2314.05
3.8092,-0.05195319025,2314.14
3.8094,-0.07042610217,2314.23
3.8096,-0.03699163924,2314.32
3.8098,-0.1722031014,2314.41
3.81,-0.187835407,2314.5
3.8102,-0.1771914439,2314.59
3.8104,-0.2374441066,2314.68
3.8106,-0.2076590264,2314.77
3.8108,-0.322144045,2314.86
3.811,-0.20377319,2314.95
3.8112,-0.2756981972,2315.04
3.8114,-0.3337328496,2315.13
3.8116,-0.3533700627,2315.22
3.8118,-0.3915207326,2315.31
3.812,-0.415825506,2315.4
3.8122,-0.3754993222,2315.49
3.8124,-0.3741903857,2315.58
3.8126,-0.4534868851,2315.67
3.8128,-0.4363980023,2315.76
3.813,-0.4464748393,2315.85
3.8132,-0.4155831209,2315.94
3.8134,-0.5054933221,2316.03
3.8136,-0.488170175,2316.12
3.8138,-0.5071257271,2316.21
3.814,-0.5372789071,2316.3
3.8142,-0.6373657724,2316.39
3.8144,-0.5156203577,2316.48
3.8146,-0.6690054476,2316.57
3.8148,-0.6838342528,2316.66
3.815,-0.6485867406,2316.75
3.8152,-0.7570654428,2316.84
3.8154,-0.7788501682,2316.93
3.8156,-0.7971103866,2317.02
3.8158,-0.9813791037,2317.11
3.816,-0.8565288963,2317.2
3.8162,-0.958309898,2317.29
3.8164,-0.9557382791,2317.38
3.8166,-1.021463088,2317.47
3.8168,-1.072402993,2317.56
3.817,-1.141453131,2317.65
3.8172,-1.180589735,2317.74
3.8174,-1.268129115,2317.83
3.8176,-1.226726148,2317.92
3.8178,-1.237911343,2318.01
3.818,-1.273906218,2318.1
3.8182,-1.295642324,2318.19
3.8184,-1.310420769,2318.28
3.8186,-1.343467853,2318.37
3.8188,-1.297990492,2318.46
3.819,-1.271576292,2318.55
3.8192,-1.200232545,2318.64
3.8194,-1.246548692,2318.73
3.8196,-1.126790072,2318.82
3.8198,-1.166487361,2318.91
3.82,-1.025886986,2319
3.8202,-0.9407885235,2319.09
3.8204,-0.907880053,2319.18
3.8206,-0.8511837951,2319.27
3.8208,-0.7305325615,2319.36
3.821,-0.5583394477,2319.45
3.8212,-0.4184732179,2319.54
3.8214,-0.3506229745,2319.63
3.8216,-0.2856988671,2319.72
3.8218,-0.1936099095,2319.81
3.822,-0.02531581891,2319.9
3.8222,0.1547698945,2319.99
3.8224,0.2277781242,2320.08
3.8226,0.359266235,2320.17
3.8228,0.505036692,2320.26
3.823,0.6233815136,2320.35
3.8232,0.6571651932,2320.44
3.8234,0.7898237178,2320.53
3.8236,0.9081711706,2320.62
3.8238,0.9590932191,2320.71
3.824,1.015537914,2320.8
3.8242,1.09727518,2320.89
3.8244,1.099492035,2320.98
3.8246,1.203529535,2321.07
3.8248,1.337960119,2321.16
3.825,1.230838423,2321.25
3.8252,1.364647529,2321.34
3.8254,1.304875584,2321.43
3.8256,1.319068814,2321.52
3.8258,1.325892268,2321.61
3.826,1.306777118,2321.7
3.8262,1.224187237,2321.79
3.8264,1.309717546,2321.88
3.8266,1.197293417,2321.97
3.8268,1.1967562,2322.06
3.827,1.195444206,2322.15
3.8272,1.095596367,2322.24
3.8274,1.048420579,2322.33
3.8276,1.032288802,2322.42
3.8278,0.8779428066,2322.51
3.828,0.9901726357,2322.6
3.8282,0.8842362131,2322.69
3.8284,0.8107324968,2322.78
3.8286,0.8222746363,2322.87
3.8288,0.7209328038,2322.96
3.829,0.7391747,2323.05
3.8292,0.6238922743,2323.14
3.8294,0.6947299439,2323.23
3.8296,0.5934252594,2323.32
3.8298,0.5116822177,2323.41
3.83,0.5623184462,2323.5
3.8302,0.521614124,2323.59
3.8304,0.5276301671,2323.68
3.8306,0.4024592054,2323.77
3.8308,0.4791814689,2323.86
3.831,0.4131861254,2323.95
3.8312,0.4567758272,2324.04
3.8314,0.3814931076,2324.13
3.8316,0.4101372742,2324.22
3.8318,0.3727410666,2324.31
3.832,0.3298812482,2324.4
3.8322,0.2996448214,2324.49
3.8324,0.2921392428,2324.58
3.8326,0.3044089668,2324.67
3.8328,0.2991947631,2324.76
3.833,0.3557493188,2324.85
3.8332,0.2550185783,2324.94
3.8334,0.2709652695,2325.03
3.8336,0.1560657686,2325.12
3.8338,0.2164245895,2325.21
3.834,0.1386855907,2325.3
3.8342,0.1311123972,2325.39
3.8344,0.003153245613,2325.48
3.8346,0.0970077377,2325.57
3.8348,0.01098388394,2325.66
3.835,0.0722520493,2325.75
3.8352,-0.01444465996,2325.84
3.8354,-0.1842706851,2325.93
3.8356,-0.09232582726,2326.02
3.8358,-0.1081714691,2326.11
3.836,-0.1824120341,2326.2
3.8362,-0.2040593348,2326.29
3.8364,-0.2420302227,2326.38
3.8366,-0.2466183004,2326.47
3.8368,-0.3795380499,2326.56
3.837,-0.3230334755,2326.65
3.8372,-0.3137168548,2326.74
3.8374,-0.3589766355,2326.83
3.8376,-0.3412535644,2326.92
3.8378,-0.3236144787,2327.01
3.838,-0.3682561137,2327.1
3.8382,-0.4569221123,2327.19
3.8384,-0.4112747201,2327.28
3.8386,-0.3717835773,2327.37
3.8388,-0.4128330013,2327.46
3.839,-0.4611137689,2327.55
3.8392,-0.497097114,2327.64
3.8394,-0.4358534108,2327.73
3.8396,-0.5822426476,2327.82
3.8398,-0.5654244784,2327.91
3.84,-0.5399838712,2328
3.8402,-0.6328943506,2328.09
3.8404,-0.5907299951,2328.18
3.8406,-0.6812062259,2328.27
3.8408,-0.6916389206,2328.36
3.841,-0.6644790337,2328.45
3.8412,-0.8208058173,2328.54
3.8414,-0.7918494203,2328.63
3.8416,-0.795231925,2328.72
3.8418,-0.8467903667,2328.81
3.842,-0.9903638439,2328.9
3.8422,-0.9547240778,2328.99
3.8424,-0.9951625948,2329.08
3.8426,-1.081978592,2329.17
3.8428,-1.104931207,2329.26
3.843,-1.194442614,2329.35
3.8432,-1.236249436,2329.44
3.8434,-1.174636112,2329.53
3.8436,-1.284908564,2329.62
3.8438,-1.275769282,2329.71
3.844,-1.283779579,2329.8
3.8442,-1.287012891,2329.89
3.8444,-1.254119439,2329.98
3.8446,-1.286419403,2330.07
3.8448,-1.243435446,2330.16
3.845,-1.145504433,2330.25
3.8452,-1.273218857,2330.34
3.8454,-1.163661126,2330.43
3.8456,-1.092941679,2330.52
3.8458,-1.054722593,2330.61
3.846,-1.03868117,2330.7
3.8462,-0.8313925775,2330.79
3.8464,-0.8691015284,2330.88
3.8466,-0.6714554676,2330.97
3.8468,-0.5092182485,2331.06
3.847,-0.456118494,2331.15
3.8472,-0.365180665,2331.24
3.8474,-0.2213607207,2331.33
3.8476,-0.1347866934,2331.42
3.8478,0.08264148926,2331.51
3.848,0.1093603817,2331.6
3.8482,0.1806026668,2331.69
3.8484,0.2689907813,2331.78
3.8486,0.5151960076,2331.87
3.8488,0.535058598,2331.96
3.849,0.6529307361,2332.05
3.8492,0.7808083094,2332.14
3.8494,0.8806824442,2332.23
3.8496,0.9815801338,2332.32
3.8498,1.016302682,2332.41
3.85,1.071402548,2332.5
3.8502,1.166497712,2332.59
3.8504,1.169209785,2332.68
3.8506,1.191951461,2332.77
3.8508,1.174021082,2332.86
3.851,1.280077556,2332.95
3.8512,1.332247002,2333.04
3.8514,1.254091531,2333.13
3.8516,1.308016414,2333.22
3.8518,1.377900309,2333.31
3.852,1.238716581,2333.4
3.8522,1.171146998,2333.49
3.8524,1.156205197,2333.58
3.8526,1.094784731,2333.67
3.8528,1.144095167,2333.76
3.853,1.100965166,2333.85
3.8532,0.9983541853,2333.94
3.8534,1.010072317,2334.03
3.8536,1.022629308,2334.12
3.8538,0.962981857,2334.21
3.854,0.7827778018,2334.3
3.8542,0.8591431746,2334.39
3.8544,0.8071956358,2334.48
3.8546,0.6623133093,2334.57
3.8548,0.7241182313,2334.66
3.855,0.6578569159,2334.75
3.8552,0.6166389026,2334.84
3.8554,0.6038433579,2334.93
3.8556,0.5887023451,2335.02
3.8558,0.5154592207,2335.11
3.856,0.5446792094,2335.2
3.8562,0.5103242591,2335.29
3.8564,0.4364670363,2335.38
3.8566,0.4857823523,2335.47
3.8568,0.4498288304,2335.56
3.857,0.4068803675,2335.65
3.8572,0.4470500995,2335.74
3.8574,0.3835148433,2335.83
3.8576,0.3729661989,2335.92
3.8578,0.3784769752,2336.01
3.858,0.3607078232,2336.1
3.8582,0.3858050679,2336.19
3.8584,0.3108497525,2336.28
3.8586,0.2942826911,2336.37
3.8588,0.3043665278,2336.46
3.859,0.2770609135,2336.55
3.8592,0.2494463148,2336.64
3.8594,0.2853000911,2336.73
3.8596,0.1051062152,2336.82
3.8598,0.1322703346,2336.91
3.86,0.1278727581,2337
3.8602,0.05064129706,2337.09
3.8604,0.07583457207,2337.18
3.8606,0.05617485541,2337.27
3.8608,-0.07806996413,2337.36
3.861,-0.08842579745,2337.45
3.8612,-0.02774349307,2337.54
3.8614,-0.09536780341,2337.63
3.8616,-0.1653933888,2337.72
3.8618,-0.1753317461,2337.81
3.862,-0.2560161083,2337.9
3.8622,-0.245566616,2337.99
3.8624,-0.1961056303,2338.08
3.8626,-0.2687234703,2338.17
3.8628,-0.3064218313,2338.26
3.863,-0.3810340779,2338.35
3.8632,-0.3601783111,2338.44
3.8634,-0.391618345,2338.53
3.8636,-0.35083467,2338.62
3.8638,-0.3717389957,2338.71
3.864,-0.4462690581,2338.8
3.8642,-0.4753115404,2338.89
3.8644,-0.4719096452,2338.98
3.8646,-0.4020084151,2339.07
3.8648,-0.4639564505,2339.16
3.865,-0.4347680002,2339.25
3.8652,-0.4827838752,2339.34
3.8654,-0.5494444353,2339.43
3.8656,-0.5131572902,2339.52
3.8658,-0.4949589031,2339.61
3.866,-0.5400927244,2339.7
3.8662,-0.6299688382,2339.79
3.8664,-0.7334699958,2339.88
3.8666,-0.715752423,2339.97
3.8668,-0.7086145486,2340.06
3.867,-0.7084214681,2340.15
3.8672,-0.7505642519,2340.24
3.8674,-0.847988788,2340.33
3.8676,-0.9241592746,2340.42
3.8678,-0.9265808285,2340.51
3.868,-1.046569203,2340.6
3.8682,-1.018462946,2340.69
3.8684,-1.119594099,2340.78
3.8686,-1.081319528,2340.87
3.8688,-1.201639294,2340.96
3.869,-1.223917723,2341.05
3.8692,-1.211028406,2341.14
3.8694,-1.220077903,2341.23
3.8696,-1.295391623,2341.32
3.8698,-1.271964258,2341.41
3.87,-1.323839437,2341.5
3.8702,-1.313101415,2341.59
3.8704,-1.279710666,2341.68
3.8706,-1.271534408,2341.77
3.8708,-1.193177875,2341.86
3.871,-1.193439067,2341.95
3.8712,-1.146210789,2342.04
3.8714,-1.053652277,2342.13
3.8716,-1.011762642,2342.22
3.8718,-0.9828176618,2342.31
3.872,-0.8325865587,2342.4
3.8722,-0.7677216808,2342.49
3.8724,-0.6251328029,2342.58
3.8726,-0.5553614089,2342.67
3.8728,-0.5071570142,2342.76
3.873,-0.2919267048,2342.85
3.8732,-0.1746141354,2342.94
3.8734,-0.08510821874,2343.03
3.8736,0.07634218257,2343.12
3.8738,0.243327184,2343.21
3.874,0.3411790489,2343.3
3.8742,0.3928290154,2343.39
3.8744,0.5262611308,2343.48
3.8746,0.6272904708,2343.57
3.8748,0.7956042252,2343.66
3.875,0.8914450391,2343.75
3.8752,0.9078600636,2343.84
3.8754,0.9937503538,2343.93
3.8756,1.101887593,2344.02
3.8758,1.152755692,2344.11
3.876,1.14905742,2344.2
3.8762,1.213500995,2344.29
3.8764,1.295637565,2344.38
3.8766,1.31026935,2344.47
3.8768,1.350270159,2344.56
3.877,1.379996879,2344.65
3.8772,1.251921147,2344.74
3.8774,1.27268723,2344.83
3.8776,1.255146561,2344.92
3.8778,1.250618759,2345.01
3.878,1.237227677,2345.1
3.8782,1.210394379,2345.19
3.8784,1.169560798,2345.28
3.8786,1.098471731,2345.37
3.8788,1.062466082,2345.46
3.879,1.027563212,2345.55
3.8792,0.8817260652,2345.64
3.8794,0.8138400233,2345.73
3.8796,0.8693966753,2345.82
3.8798,0.8910789197,2345.91
3.88,0.7465797169,2346
3.8802,0.7052840461,2346.09
3.8804,0.6945561466,2346.18
3.8806,0.6746411536,2346.27
3.8808,0.5816042615,2346.36
3.881,0.5813420022,2346.45
3.8812,0.5870084697,2346.54
3.8814,0.5327343881,2346.63
3.8816,0.5347130062,2346.72
3.8818,0.5933955329,2346.81
3.882,0.4229529617,2346.9
3.8822,0.4638507586,2346.99
3.8824,0.4359670837,2347.08
3.8826,0.4544952657,2347.17
3.8828,0.392884047,2347.26
3.883,0.3444639209,2347.35
3.8832,0.3782449444,2347.44
3.8834,0.3505100876,2347.53
3.8836,0.4153135512,2347.62
3.8838,0.2929022377,2347.71
3.884,0.3383820533,2347.8
3.8842,0.2922008538,2347.89
3.8844,0.2249656565,2347.98
3.8846,0.2114187589,2348.07
3.8848,0.2348710243,2348.16
3.885,0.2316028861,2348.25
3.8852,0.235912264,2348.34
3.8854,0.1881066832,2348.43
3.8856,0.1407238998,2348.52
3.8858,0.02030171694,2348.61
3.886,0.0662646168,2348.7
3.8862,-0.03435241879,2348.79
3.8864,-0.03783905343,2348.88
3.8866,-0.03727127612,2348.97
3.8868,-0.07948059078,2349.06
3.887,-0.09119311104,2349.15
3.8872,-0.14158669,2349.24
3.8874,-0.190470806,2349.33
3.8876,-0.200080322,2349.42
3.8878,-0.2622623301,2349.51
3.888,-0.205355843,2349.6
3.8882,-0.2595519597,2349.69
3.8884,-0.2789728157,2349.78
3.8886,-0.3814997439,2349.87
3.8888,-0.3328768203,2349.96
3.889,-0.361008442,2350.05
3.8892,-0.3403970153,2350.14
3.8894,-0.4236671967,2350.23
3.8896,-0.4008126087,2350.32
3.8898,-0.4493304376,2350.41
3.89,-0.4302646168,2350.5
3.8902,-0.520028062,2350.59
3.8904,-0.5366009262,2350.68
3.8906,-0.4326600142,2350.77
3.8908,-0.4858063275,2350.86
3.891,-0.4670048872,2350.95
3.8912,-0.551584751,2351.04
3.8914,-0.5345267164,2351.13
3.8916,-0.6211486867,2351.22
3.8918,-0.5141613846,2351.31
3.892,-0.6670250448,2351.4
3.8922,-0.733868259,2351.49
3.8924,-0.6809395832,2351.58
3.8926,-0.7900034524,2351.67
3.8928,-0.8093150636,2351.76
3.893,-0.8306119652,2351.85
3.8932,-0.8840057386,2351.94
3.8934,-0.9248309434,2352.03
3.8936,-1.004722908,2352.12
3.8938,-1.056562442,2352.21
3.894,-1.181596597,2352.3
3.8942,-1.189648642,2352.39
3.8944,-1.230148146,2352.48
3.8946,-1.265992727,2352.57
3.8948,-1.265983275,2352.66
3.895,-1.276227886,2352.75
3.8952,-1.352142705,2352.84
3.8954,-1.321272449,2352.93
3.8956,-1.334233576,2353.02
3.8958,-1.314667755,2353.11
3.896,-1.300600251,2353.2
3.8962,-1.394344231,2353.29
3.8964,-1.207602587,2353.38
3.8966,-1.240859304,2353.47
3.8968,-1.115820048,2353.56
3.897,-1.10864611,2353.65
3.8972,-0.9444178824,2353.74
3.8974,-0.9312075603,2353.83
3.8976,-0.9075801599,2353.92
3.8978,-0.6581575097,2354.01
3.898,-0.5967987376,2354.1
3.8982,-0.4069686699,2354.19
3.8984,-0.409413021,2354.28
3.8986,-0.3170281496,2354.37
3.8988,-0.1023250615,2354.46
3.899,0.008115176469,2354.55
3.8992,0.1348870078,2354.64
3.8994,0.2139949588,2354.73
3.8996,0.2864144861,2354.82
3.8998,0.4574487074,2354.91
3.9,0.5530943812,2355
3.9002,0.7205235476,2355.09
3.9004,0.7632161326,2355.18
3.9006,0.8408331957,2355.27
3.9008,0.9795820787,2355.36
3.901,0.9733961704,2355.45
3.9012,1.095576034,2355.54
3.9014,1.081441697,2355.63
3.9016,1.207670778,2355.72
3.9018,1.254655577,2355.81
3.902,1.318284164,2355.9
3.9022,1.265698503,2355.99
3.9024,1.334021201,2356.08
3.9026,1.30896117,2356.17
3.9028,1.297698324,2356.26
3.903,1.31733908,2356.35
3.9032,1.266036841,2356.44
3.9034,1.239877863,2356.53
3.9036,1.230835082,2356.62
3.9038,1.124635062,2356.71
3.904,1.150233875,2356.8
3.9042,1.102958115,2356.89
3.9044,1.060781708,2356.98
3.9046,0.9668276777,2357.07
3.9048,0.8846124308,2357.16
3.905,0.8853422477,2357.25
3.9052,0.8309262881,2357.34
3.9054,0.8807660723,2357.43
3.9056,0.8034713664,2357.52
3.9058,0.7564863731,2357.61
3.906,0.7080010657,2357.7
3.9062,0.5951329664,2357.79
3.9064,0.6443926187,2357.88
3.9066,0.5772899477,2357.97
3.9068,0.5071257716,2358.06
3.907,0.5304524416,2358.15
3.9072,0.5389300975,2358.24
3.9074,0.5159348153,2358.33
3.9076,0.4769281334,2358.42
3.9078,0.4034721372,2358.51
3.908,0.4633110647,2358.6
3.9082,0.4256014129,2358.69
3.9084,0.41066536,2358.78
3.9086,0.451415888,2358.87
3.9088,0.3969021042,2358.96
3.909,0.412592119,2359.05
3.9092,0.3650818038,2359.14
3.9094,0.3056393861,2359.23
3.9096,0.2584798867,2359.32
3.9098,0.3132241256,2359.41
3.91,0.2661368214,2359.5
3.9102,0.2282329796,2359.59
3.9104,0.2066559896,2359.68
3.9106,0.1566848453,2359.77
3.9108,0.1925719515,2359.86
3.911,0.1609869718,2359.95
3.9112,0.04175668841,2360.04
3.9114,0.05508977065,2360.13
3.9116,-0.00562227769,2360.22
3.9118,-0.05159432327,2360.31
3.912,-0.04989652041,2360.4
3.9122,-0.05098655117,2360.49
3.9124,-0.1017470913,2360.58
3.9126,-0.0831810173,2360.67
3.9128,-0.1418314732,2360.76
3.913,-0.1708496787,2360.85
3.9132,-0.2827123617,2360.94
3.9134,-0.2037942332,2361.03
3.9136,-0.2393073264,2361.12
3.9138,-0.3104551139,2361.21
3.914,-0.3618695822,2361.3
3.9142,-0.3659253342,2361.39
3.9144,-0.376430929,2361.48
3.9146,-0.3484619805,2361.57
3.9148,-0.3664888895,2361.66
3.915,-0.3432168196,2361.75
3.9152,-0.4192309486,2361.84
3.9154,-0.4283708294,2361.93
3.9156,-0.4685393818,2362.02
3.9158,-0.4757533208,2362.11
3.916,-0.4084420397,2362.2
3.9162,-0.4902929088,2362.29
3.9164,-0.4520118175,2362.38
3.9166,-0.5017722478,2362.47
3.9168,-0.5157774536,2362.56
3.917,-0.5700216607,2362.65
3.9172,-0.5790937816,2362.74
3.9174,-0.6922563363,2362.83
3.9176,-0.7237757974,2362.92
3.9178,-0.7235727118,2363.01
3.918,-0.7570688409,2363.1
3.9182,-0.7666738632,2363.19
3.9184,-0.8077692749,2363.28
3.9186,-0.976367479,2363.37
3.9188,-1.011427708,2363.46
3.919,-0.9822235165,2363.55
3.9192,-1.037748024,2363.64
3.9194,-1.108915375,2363.73
3.9196,-1.062184622,2363.82
3.9198,-1.176883334,2363.91
3.92,-1.261891757,2364
3.9202,-1.214176885,2364.09
3.9204,-1.242674074,2364.18
3.9206,-1.248035842,2364.27
3.9208,-1.344327765,2364.36
3.921,-1.238947615,2364.45
3.9212,-1.250514485,2364.54
3.9214,-1.283728805,2364.63
3.9216,-1.291992161,2364.72
3.9218,-1.224503372,2364.81
3.922,-1.142141227,2364.9
3.9222,-1.117475942,2364.99
3.9224,-1.080429836,2365.08
3.9226,-1.031957437,2365.17
3.9228,-0.9372016882,2365.26
3.923,-0.7986585505,2365.35
3.9232,-0.703289477,2365.44
3.9234,-0.6393891217,2365.53
3.9236,-0.488181337,2365.62
3.9238,-0.4807148867,2365.71
3.924,-0.2891323474,2365.8
3.9242,-0.2537495793,2365.89
3.9244,-0.02126439489,2365.98
3.9246,0.07490537216,2366.07
3.9248,0.2036472092,2366.16
3.925,0.3356427276,2366.25
3.9252,0.3471790471,2366.34
3.9254,0.4740757147,2366.43
3.9256,0.6876182431,2366.52
3.9258,0.7851055807,2366.61
3.926,0.8389820714,2366.7
3.9262,1.012570745,2366.79
3.9264,0.9860578984,2366.88
3.9266,1.139442718,2366.97
3.9268,1.147903281,2367.06
3.927,1.222383018,2367.15
3.9272,1.190701388,2367.24
3.9274,1.279890859,2367.33
3.9276,1.324186507,2367.42
3.9278,1.355620692,2367.51
3.928,1.372702768,2367.6
3.9282,1.359392224,2367.69
3.9284,1.227777254,2367.78
3.9286,1.269351893,2367.87
3.9288,1.201544908,2367.96
3.929,1.176210978,2368.05
3.9292,1.162322001,2368.14
3.9294,1.10995543,2368.23
3.9296,1.043219668,2368.32
3.9298,1.020885543,2368.41
3.93,1.010044619,2368.5
3.9302,0.9400502775,2368.59
3.9304,0.8686318744,2368.68
3.9306,0.7920859005,2368.77
3.9308,0.7708650233,2368.86
3.931,0.6656610166,2368.95
3.9312,0.7302943797,2369.04
3.9314,0.6841358286,2369.13
3.9316,0.6297524449,2369.22
3.9318,0.6280373733,2369.31
3.932,0.608346003,2369.4
3.9322,0.4985237439,2369.49
3.9324,0.5807552248,2369.58
3.9326,0.5630045287,2369.67
3.9328,0.5070227285,2369.76
3.933,0.4727151857,2369.85
3.9332,0.4918074283,2369.94
3.9334,0.3679358662,2370.03
3.9336,0.4527198815,2370.12
3.9338,0.4360435535,2370.21
3.934,0.4366597,2370.3
3.9342,0.3302274189,2370.39
3.9344,0.3822066325,2370.48
3.9346,0.3898057422,2370.57
3.9348,0.3727678736,2370.66
3.935,0.3085935416,2370.75
3.9352,0.2711845822,2370.84
3.9354,0.2724219052,2370.93
3.9356,0.2215500742,2371.02
3.9358,0.1689393655,2371.11
3.936,0.2319835678,2371.2
3.9362,0.2011108142,2371.29
3.9364,0.08075999282,2371.38
3.9366,0.02529261833,2371.47
3.9368,0.0705754998,2371.56
3.937,-0.04694593281,2371.65
3.9372,0.01821814389,2371.74
3.9374,-0.0617225213,2371.83
3.9376,-0.06688724249,2371.92
3.9378,-0.08382472471,2372.01
3.938,-0.104734246,2372.1
3.9382,-0.1230947709,2372.19
3.9384,-0.2249219388,2372.28
3.9386,-0.2366764306,2372.37
3.9388,-0.2861650783,2372.46
3.939,-0.3898009346,2372.55
3.9392,-0.3155804432,2372.64
3.9394,-0.3596888711,2372.73
3.9396,-0.272793504,2372.82
3.9398,-0.3349217954,2372.91
3.94,-0.3785056263,2373
3.9402,-0.3741148049,2373.09
3.9404,-0.3947557677,2373.18
3.9406,-0.4101310686,2373.27
3.9408,-0.4706564963,2373.36
3.941,-0.5389673787,2373.45
3.9412,-0.5034843163,2373.54
3.9414,-0.5108800011,2373.63
3.9416,-0.5323930873,2373.72
3.9418,-0.4826685517,2373.81
3.942,-0.5895925284,2373.9
3.9422,-0.5418584069,2373.99
3.9424,-0.6196896588,2374.08
3.9426,-0.576982201,2374.17
3.9428,-0.6785276492,2374.26
3.943,-0.6725319174,2374.35
3.9432,-0.6831273975,2374.44
3.9434,-0.8195099108,2374.53
3.9436,-0.8983947865,2374.62
3.9438,-0.9098086406,2374.71
3.944,-0.9917986946,2374.8
3.9442,-1.00045656,2374.89
3.9444,-0.9976447596,2374.98
3.9446,-1.100970431,2375.07
3.9448,-1.118197309,2375.16
3.945,-1.228711674,2375.25
3.9452,-1.2550285,2375.34
3.9454,-1.249937144,2375.43
3.9456,-1.289274997,2375.52
3.9458,-1.265465323,2375.61
3.946,-1.286355377,2375.7
3.9462,-1.354621119,2375.79
3.9464,-1.28101968,2375.88
3.9466,-1.282636316,2375.97
3.9468,-1.159778003,2376.06
3.947,-1.260951274,2376.15
3.9472,-1.189215605,2376.24
3.9474,-1.183371134,2376.33
3.9476,-1.065252199,2376.42
3.9478,-1.106929804,2376.51
3.948,-0.9566537365,2376.6
3.9482,-0.8648483382,2376.69
3.9484,-0.7785125124,2376.78
3.9486,-0.6561563523,2376.87
3.9488,-0.5942090947,2376.96
3.949,-0.5168031102,2377.05
3.9492,-0.3538480495,2377.14
3.9494,-0.2230374994,2377.23
3.9496,-0.1078767448,2377.32
3.9498,0.0403016559,2377.41
3.95,0.1831941902,2377.5
3.9502,0.3958278319,2377.59
3.9504,0.4080285621,2377.68
3.9506,0.509804257,2377.77
3.9508,0.6595044425,2377.86
3.951,0.7213489134,2377.95
3.9512,0.8116006114,2378.04
3.9514,0.9373982969,2378.13
3.9516,1.064252357,2378.22
3.9518,1.003891244,2378.31
3.952,1.157848443,2378.4
3.9522,1.218369118,2378.49
3.9524,1.2622941,2378.58
3.9526,1.254202562,2378.67
3.9528,1.257345791,2378.76
3.953,1.394962055,2378.85
3.9532,1.305784697,2378.94
3.9534,1.279428124,2379.03
3.9536,1.257806368,2379.12
3.9538,1.338717559,2379.21
3.954,1.218673556,2379.3
3.9542,1.174354764,2379.39
3.9544,1.148222899,2379.48
3.9546,1.137424297,2379.57
3.9548,1.131147649,2379.66
3.955,1.057273603,2379.75
3.9552,0.9821565418,2379.84
3.9554,0.9690825993,2379.93
3.9556,0.9535573766,2380.02
3.9558,0.892085011,2380.11
3.956,0.7942531736,2380.2
3.9562,0.7098978308,2380.29
3.9564,0.7125777354,2380.38
3.9566,0.7718132682,2380.47
3.9568,0.6745506159,2380.56
3.957,0.6084526161,2380.65
3.9572,0.5715301545,2380.74
3.9574,0.5690452122,2380.83
3.9576,0.5765394249,2380.92
3.9578,0.5491751772,2381.01
3.958,0.4448738382,2381.1
3.9582,0.388424717,2381.19
3.9584,0.4210405541,2381.28
3.9586,0.4502959641,2381.37
3.9588,0.4501944527,2381.46
3.959,0.3912520894,2381.55
3.9592,0.4325523668,2381.64
3.9594,0.3720275097,2381.73
3.9596,0.4380885324,2381.82
3.9598,0.3411155663,2381.91
3.96,0.3827678551,2382
3.9602,0.2893009015,2382.09
3.9604,0.2798147258,2382.18
3.9606,0.2737501397,2382.27
3.9608,0.2988284882,2382.36
3.961,0.2155904022,2382.45
3.9612,0.15967948,2382.54
3.9614,0.1984196395,2382.63
3.9616,0.1617833325,2382.72
3.9618,0.04356750057,2382.81
3.962,0.06295890315,2382.9
3.9622,0.0635206768,2382.99
3.9624,0.02040906907,2383.08
3.9626,-0.03347907996,2383.17
3.9628,-0.03417667969,2383.26
3.963,-0.1262019995,2383.35
3.9632,-0.08706857033,2383.44
3.9634,-0.1618169906,2383.53
3.9636,-0.1658302438,2383.62
3.9638,-0.2043892165,2383.71
3.964,-0.2779027234,2383.8
3.9642,-0.4108357828,2383.89
3.9644,-0.3058912151,2383.98
3.9646,-0.2556023294,2384.07
3.9648,-0.3101626088,2384.16
3.965,-0.3082423701,2384.25
3.9652,-0.4194773873,2384.34
3.9654,-0.3902226737,2384.43
3.9656,-0.3879423532,2384.52
3.9658,-0.4024667399,2384.61
3.966,-0.4399901001,2384.7
3.9662,-0.4090692318,2384.79
3.9664,-0.481253068,2384.88
3.9666,-0.4915216243,2384.97
3.9668,-0.540332532,2385.06
3.967,-0.5585476765,2385.15
3.9672,-0.5134234326,2385.24
3.9674,-0.546520044,2385.33
3.9676,-0.6376471394,2385.42
3.9678,-0.6976617521,2385.51
3.968,-0.5969050372,2385.6
3.9682,-0.5834193199,2385.69
3.9684,-0.7103991401,2385.78
3.9686,-0.7548054526,2385.87
3.9688,-0.8556794448,2385.96
3.969,-0.8951439169,2386.05
3.9692,-0.9928659931,2386.14
3.9694,-0.9429189523,2386.23
3.9696,-1.028344213,2386.32
3.9698,-1.067296507,2386.41
3.97,-1.14876199,2386.5
3.9702,-1.159826957,2386.59
3.9704,-1.213129544,2386.68
3.9706,-1.278821844,2386.77
3.9708,-1.308007784,2386.86
3.971,-1.3243997,2386.95
3.9712,-1.36232329,2387.04
3.9714,-1.309846259,2387.13
3.9716,-1.399386215,2387.22
3.9718,-1.260100087,2387.31
3.972,-1.247128375,2387.4
3.9722,-1.222975745,2387.49
3.9724,-1.240427389,2387.58
3.9726,-1.195239705,2387.67
3.9728,-1.137260834,2387.76
3.973,-0.9573485356,2387.85
3.9732,-0.9329121669,2387.94
3.9734,-0.9416845796,2388.03
3.9736,-0.7468486763,2388.12
3.9738,-0.6633409319,2388.21
3.974,-0.5655661624,2388.3
3.9742,-0.4678133488,2388.39
3.9744,-0.3469035259,2388.48
3.9746,-0.2744086831,2388.57
3.9748,-0.1197127067,2388.66
3.975,-0.02017790365,2388.75
3.9752,0.08632506057,2388.84
3.9754,0.26734624,2388.93
3.9756,0.3657588353,2389.02
3.9758,0.4921412596,2389.11
3.976,0.589247081,2389.2
3.9762,0.7715268692,2389.29
3.9764,0.8408852241,2389.38
3.9766,0.882763083,2389.47
3.9768,1.069046833,2389.56
3.977,1.066202787,2389.65
3.9772,1.147029787,2389.74
3.9774,1.192752305,2389.83
3.9776,1.208787649,2389.92
3.9778,1.171332651,2390.01
3.978,1.368598177,2390.1
3.9782,1.349919508,2390.19
3.9784,1.275300146,2390.28
3.9786,1.299789976,2390.37
3.9788,1.333584642,2390.46
3.979,1.274884612,2390.55
3.9792,1.272585198,2390.64
3.9794,1.211601519,2390.73
3.9796,1.193799337,2390.82
3.9798,1.062960953,2390.91
3.98,1.14275145,2391
3.9802,1.079720284,2391.09
3.9804,0.9519715781,2391.18
3.9806,0.9226248041,2391.27
3.9808,0.8751856993,2391.36
3.981,0.8784036294,2391.45
3.9812,0.8446977001,2391.54
3.9814,0.7636660475,2391.63
3.9816,0.7483262986,2391.72
3.9818,0.6270316564,2391.81
3.982,0.6616135878,2391.9
3.9822,0.6110021599,2391.99
3.9824,0.5590813861,2392.08
3.9826,0.5321001403,2392.17
3.9828,0.5188062327,2392.26
3.983,0.5895952509,2392.35
3.9832,0.4540878258,2392.44
3.9834,0.4840531474,2392.53
3.9836,0.4756852389,2392.62
3.9838,0.4292365142,2392.71
3.984,0.3805949921,2392.8
3.9842,0.3913962842,2392.89
3.9844,0.3522276992,2392.98
3.9846,0.3684297324,2393.07
3.9848,0.3836177995,2393.16
3.985,0.3239138873,2393.25
3.9852,0.4454884078,2393.34
3.9854,0.335487044,2393.43
3.9856,0.2098385922,2393.52
3.9858,0.259940598,2393.61
3.986,0.2572278461,2393.7
3.9862,0.2251399106,2393.79
3.9864,0.272036122,2393.88
3.9866,0.1890514096,2393.97
3.9868,0.07997249202,2394.06
3.987,0.1051672101,2394.15
3.9872,0.08083959087,2394.24
3.9874,0.0109886635,2394.33
3.9876,-0.09873180036,2394.42
3.9878,-0.05755595247,2394.51
3.988,-0.1262407003,2394.6
3.9882,-0.1561120318,2394.69
3.9884,-0.1457004037,2394.78
3.9886,-0.2705501292,2394.87
3.9888,-0.2529400054,2394.96
3.989,-0.2151373188,2395.05
3.9892,-0.2789048885,2395.14
3.9894,-0.3137092178,2395.23
3.9896,-0.3969161453,2395.32
3.9898,-0.3133148733,2395.41
3.99,-0.3312847903,2395.5
3.9902,-0.3397068565,2395.59
3.9904,-0.3583364228,2395.68
3.9906,-0.3859515236,2395.77
3.9908,-0.4083280912,2395.86
3.991,-0.455345944,2395.95
3.9912,-0.4681035381,2396.04
3.9914,-0.4198153523,2396.13
3.9916,-0.5015512714,2396.22
3.9918,-0.52664719,2396.31
3.992,-0.5816743534,2396.4
3.9922,-0.5341512978,2396.49
3.9924,-0.5597495818,2396.58
3.9926,-0.6343387685,2396.67
3.9928,-0.6672138031,2396.76
3.993,-0.5903076093,2396.85
3.9932,-0.7255866394,2396.94
3.9934,-0.6097002987,2397.03
3.9936,-0.7084286427,2397.12
3.9938,-0.8056271843,2397.21
3.994,-0.8977278877,2397.3
3.9942,-0.9584107436,2397.39
3.9944,-0.958030737,2397.48
3.9946,-1.008173651,2397.57
3.9948,-0.989841964,2397.66
3.995,-1.129097244,2397.75
3.9952,-1.135635923,2397.84
3.9954,-1.211606981,2397.93
3.9956,-1.207634667,2398.02
3.9958,-1.235920564,2398.11
3.996,-1.268094869,2398.2
3.9962,-1.327674612,2398.29
3.9964,-1.319628591,2398.38
3.9966,-1.363304863,2398.47
3.9968,-1.296086843,2398.56
3.997,-1.277976678,2398.65
3.9972,-1.332630661,2398.74
3.9974,-1.2334374,2398.83
3.9976,-1.172115617,2398.92
3.9978,-1.160596963,2399.01
3.998,-1.096496581,2399.1
3.9982,-0.9751693269,2399.19
3.9984,-0.8771342391,2399.28
3.9986,-0.8388982658,2399.37
3.9988,-0.7561987265,2399.46
3.999,-0.6076715121,2399.55
3.9992,-0.5085628243,2399.64
3.9994,-0.3820956124,2399.73
3.9996,-0.2669283043,2399.82
3.9998,-0.1225284877,2399.91
